#名前,"性別(0=両,1=男,2=女)",レア度,スロット1,スロット2,スロット3,入手時期,初期防御力,最終防御力,火耐性,水耐性,雷耐性,氷耐性,龍耐性,スキル系統1,スキル値1,スキル系統2,スキル値2,スキル系統3,スキル値3,スキル系統4,スキル値4,スキル系統5,スキル値5,生産素材1,個数,生産素材2,個数,生産素材3,個数,生産素材4,個数,カスタム強化防御力,カスタム強化素材1,個数1,カスタム強化素材2,個数2,ワンセット防具,仮番号
レザーパンツ,0,1,0,0,0,1,2,38,2,0,0,0,0,,,,,,,,,,,鉄鉱石,1,,,,,,,68,龍脈石のかけら,1,ユニオン鉱石,3,0,10
チェーンパンツ,0,1,0,0,0,1,2,38,0,2,0,0,0,,,,,,,,,,,鉄鉱石,1,,,,,,,68,龍脈石のかけら,1,ユニオン鉱石,3,0,20
ハンターグリーヴ,0,1,0,0,0,1,6,42,2,2,0,0,0,肉焼き名人,1,,,,,,,,,ジャグラスの皮,1,竜骨【小】,1,,,,,72,龍脈石のかけら,1,ユニオン鉱石,3,0,30
ボーングリーヴ,0,1,0,0,0,1,6,42,2,0,2,0,2,昆虫標本の達人,1,,,,,,,,,竜骨【小】,1,太古の大骨,1,,,,,72,龍脈石のかけら,1,ユニオン鉱石,3,0,40
ランゴグリーヴ,0,1,0,0,0,3,8,44,-2,1,1,1,2,ハニーハンター,1,,,,,,,,,ランゴスタの羽,2,モンスターの体液,1,,,,,74,龍脈石のかけら,1,ユニオン鉱石,3,0,50
ガライーブーツ,0,1,0,0,0,3,12,48,0,5,0,0,0,水場・深雪適応,1,,,,,,,,,咬魚の皮,4,咬魚のヒゲ,2,,,,,78,龍脈石のかけら,1,ユニオン鉱石,3,0,60
ジャグラスグリーヴ,0,1,0,0,0,2,8,44,-2,2,-1,-1,1,しゃがみ移動速度ＵＰ,1,,,,,,,,,賊竜の鱗,1,賊竜の皮,1,賊竜のたてがみ,1,ジャグラスの鱗,2,74,龍脈石のかけら,1,ユニオン鉱石,3,0,80
クルルグリーヴ,0,1,0,0,0,2,10,46,0,-3,0,1,0,見切り,1,,,,,,,,,掻鳥の皮,2,掻鳥の鱗,3,翼竜の皮,2,,,76,龍脈石のかけら,1,ユニオン鉱石,3,0,90
アロイグリーヴ,0,2,0,0,0,3,8,40,-2,1,-2,-2,1,砥石使用高速化,1,,,,,,,,,マカライト鉱石,3,鉄鉱石,6,大地の結晶,1,,,66,龍脈石のかけら,1,ユニオン鉱石,3,0,100
プケプケグリーヴ,0,2,0,0,0,3,12,44,0,3,-3,0,1,植生学,1,,,,,,,,,毒妖鳥の甲殻,2,毒妖鳥の喉袋,1,毒妖鳥の鱗,2,竜骨【中】,1,70,龍脈石のかけら,1,ユニオン鉱石,3,0,110
ボロスグリーヴ,0,2,0,0,0,3,14,38,-3,-1,3,-1,0,気絶耐性,1,,,,,,,,,土砂竜の背甲,2,土砂竜の頭殻,1,土砂竜の甲殻,1,肥沃なドロ,2,72,龍脈石のかけら,1,ユニオン鉱石,3,0,120
ジュラグリーヴ,0,2,0,0,0,3,14,46,-1,2,-3,0,0,集中,1,,,,,,,,,泥魚竜の甲殻,3,泥魚竜の牙,2,泥魚竜のヒレ,2,大地の結晶,3,72,龍脈石のかけら,1,ユニオン鉱石,3,0,130
カガチグリーヴ,0,2,0,0,0,4,16,48,0,-3,3,0,0,雷耐性,1,,,,,,,,,飛雷竜の鱗,2,飛雷竜の毛皮,1,暖かい毛皮,1,,,74,龍脈石のかけら,1,ユニオン鉱石,3,0,140
ハイメタグリーヴ,0,3,0,0,0,6,18,46,0,-1,-2,3,0,砲撃手,1,,,,,,,,,ドラグライト鉱石,2,マカライト鉱石,1,鉄鉱石,6,,,70,龍脈石のかけら,1,ユニオン鉱石,3,0,150
オウビートガンバ,1,3,0,0,0,8,22,50,-1,-1,2,0,2,探索者の幸運,1,,,,,,,,,オオツノアゲハ,1,ドラグライト鉱石,2,モンスターの体液,3,麻痺袋,1,74,龍脈石のかけら,1,ユニオン鉱石,3,0,160
パピメルガンバ,2,3,0,0,0,8,22,50,-1,-1,2,0,2,探索者の幸運,1,,,,,,,,,オオツノアゲハ,1,ドラグライト鉱石,2,モンスターの体液,3,麻痺袋,1,74,龍脈石のかけら,1,ユニオン鉱石,3,0,170
タロスグリーヴ,0,3,0,0,0,8,18,46,-1,-1,0,0,2,匠,1,,,,,,,,,カンタロスの羽,2,カンタロスの甲殻,2,ドラグライト鉱石,3,モンスターの体液,2,70,龍脈石のかけら,1,ユニオン鉱石,3,0,190
ジャナフグリーヴ,0,3,0,0,0,5,20,48,3,-3,-1,-1,0,砲術,1,蛮顎竜の力,1,,,,,,,蛮顎竜の鱗,2,蛮顎竜の毛皮,1,火炎袋,1,マカライト鉱石,2,72,龍脈石のかけら,1,ユニオン鉱石,3,0,200
レイアグリーヴ,0,3,0,0,0,5,22,50,2,0,-2,0,-3,体力回復量ＵＰ,1,,,,,,,,,雌火竜の甲殻,3,雌火竜の棘,1,火竜の翼爪,2,雌火竜の逆鱗,1,74,龍脈石のかけら,1,ユニオン鉱石,3,0,210
ツィツィグリーヴ,0,3,0,0,0,6,18,46,0,0,-3,-2,0,睡眠耐性,1,,,,,,,,,眩鳥の鱗,2,眩鳥の皮,1,眩鳥の爪,1,,,70,龍脈石のかけら,1,ユニオン鉱石,3,0,220
ウルムーグリーヴ,0,3,0,0,0,6,20,48,-3,2,0,1,0,風圧耐性,1,,,,,,,,,浮空竜の鱗,2,浮空竜の毛皮,2,浮空竜の翼膜,1,サンゴの紅骨,1,72,龍脈石のかけら,1,ユニオン鉱石,3,0,230
ギルオスグリーヴ,0,3,0,0,0,8,20,48,0,-3,2,0,1,麻痺属性強化,1,,,,,,,,,痺賊竜の皮,2,痺賊竜の牙,2,痺賊竜の鱗,2,竜骨【中】,4,72,龍脈石のかけら,1,ユニオン鉱石,3,0,240
バルキングリーヴ,0,3,0,0,0,8,24,52,0,2,0,-1,-2,裂傷耐性,1,,,,,,,,,骨鎚竜の甲殻,2,骨鎚竜の鱗,2,竜骨塊,2,いびつな狂骨,2,76,龍脈石のかけら,1,ユニオン鉱石,3,0,250
インゴットグリーヴ,0,4,0,0,0,8,28,52,-2,0,3,-1,0,防御,1,,,,,,,,,ドラグライト鉱石,2,上竜骨,1,大地の結晶,3,マカライト鉱石,3,72,龍脈石のかけら,1,ユニオン鉱石,3,0,260
デスギアフェルゼ,0,4,0,0,0,8,32,56,3,2,-2,3,-4,匠,1,,,,,,,,,禍々しい布,1,サンゴの紅骨,3,上竜骨,4,ライトクリスタル,1,76,龍脈石のかけら,1,ユニオン鉱石,3,0,270
ブリゲイドブーツ,0,4,0,0,0,5,28,52,1,0,2,0,2,研究者,1,,,,,,,,,闘技王のコイン,3,クルルコイン,2,レイアコイン,4,ライトクリスタル,1,72,龍脈石のかけら,1,ユニオン鉱石,3,0,280
ギエナグリーヴ,0,4,0,0,0,8,30,54,-1,2,-3,3,0,氷耐性,1,風漂竜の恩恵,1,,,,,,,風漂竜の鱗,2,風漂竜の皮,1,風漂竜の爪,1,ドラグライト鉱石,2,74,龍脈石のかけら,1,ユニオン鉱石,3,0,290
ガロングリーヴ,0,4,0,0,0,8,30,54,2,2,-2,-3,0,納刀術,1,惨爪竜の力,1,,,,,,,惨爪竜の鱗,2,惨爪竜の硬筋,1,惨爪竜の爪,1,ドラグライト鉱石,2,74,龍脈石のかけら,1,ユニオン鉱石,3,0,300
レウスグリーヴ,0,4,0,0,0,8,30,54,3,1,-2,1,-3,ジャンプ鉄人,1,火竜の力,1,,,,,,,火竜の甲殻,3,火竜の鱗,2,火竜の翼爪,2,火竜の尻尾,1,74,龍脈石のかけら,1,ユニオン鉱石,3,0,310
ディアブログリーヴ,0,4,0,0,0,8,32,56,3,-2,0,-3,2,耐震,1,角竜の力,1,,,,,,,角竜の背甲,2,角竜の甲殻,2,ねじれた角,1,上竜骨,3,76,龍脈石のかけら,1,ユニオン鉱石,3,0,320
キリンレガース,0,4,0,0,0,8,34,58,-3,-2,4,-2,2,雷耐性,1,幻獣の恩恵,1,,,,,,,幻獣の皮,2,幻獣の雷角,1,ゴム質の甲殻,2,,,78,龍脈石のかけら,1,ユニオン鉱石,3,0,330
ブロッサムブーツ,0,3,0,0,0,3,18,46,1,1,4,1,1,回復速度,1,,,,,,,,,開花チケット,1,大地の結晶,2,,,,,70,龍脈石のかけら,1,ユニオン鉱石,3,0,340
ダイバーブーツ,0,3,0,0,0,3,22,50,1,4,1,1,1,腹減り耐性,1,,,,,,,,,納涼チケット,1,深海の結晶,1,,,,,74,龍脈石のかけら,1,ユニオン鉱石,3,0,350
ハーベストライース,0,3,0,0,0,6,26,54,4,1,1,1,1,キノコ大好き,1,,,,,,,,,豊穣チケット,1,頑丈な骨,1,,,,,78,龍脈石のかけら,1,ユニオン鉱石,3,0,360
オリオンブーツ,0,4,0,0,0,8,30,54,1,1,1,4,1,火事場力,1,,,,,,,,,煌めきチケット,1,上竜骨,2,,,,,74,龍脈石のかけら,1,ユニオン鉱石,3,0,370
フルドレスブーツ,0,4,0,0,0,8,34,58,1,1,1,1,4,精霊の加護,1,アステラの祝福,1,,,,,,,感謝チケット,1,上竜骨,1,,,,,78,龍脈石のかけら,1,ユニオン鉱石,3,0,380
パピオムガンバ,1,3,0,0,0,4,22,50,-1,-1,2,0,2,ランナー,1,,,,,,,,,昆虫図鑑【春】,1,オオツノアゲハ,1,ランゴスタの甲殻,1,モンスターの体液,1,74,龍脈石のかけら,1,ユニオン鉱石,3,0,390
クインビートガンバ,2,3,0,0,0,4,22,50,-1,-1,2,0,2,ランナー,1,,,,,,,,,昆虫図鑑【春】,1,オオツノアゲハ,1,ランゴスタの甲殻,1,モンスターの体液,1,74,龍脈石のかけら,1,ユニオン鉱石,3,0,400
レザーパンツα,0,5,0,0,0,11,32,54,2,0,0,0,0,クライマー,1,,,,,,,,,カブレライト鉱石,2,上質な毛皮,1,,,,,70,龍脈石のかけら,1,いにしえの龍骨,1,0,410
レザーパンツβ,0,5,1,0,0,11,32,54,2,0,0,0,0,,,,,,,,,,,カブレライト鉱石,2,上質な毛皮,1,,,,,70,龍脈石のかけら,1,いにしえの龍骨,1,0,420
チェーンパンツα,0,5,0,0,0,11,32,54,0,2,0,0,0,体力回復量ＵＰ,1,,,,,,,,,カブレライト鉱石,2,ドラグライト鉱石,2,,,,,70,龍脈石のかけら,1,いにしえの龍骨,1,0,430
チェーンパンツβ,0,5,1,0,0,11,32,54,0,2,0,0,0,,,,,,,,,,,カブレライト鉱石,2,ドラグライト鉱石,2,,,,,70,龍脈石のかけら,1,いにしえの龍骨,1,0,440
ハンターグリーヴα,0,5,0,0,0,11,36,58,2,2,0,0,0,追跡の達人,1,スリンガー装填数ＵＰ,1,,,,,,,ジャグラスの上皮,2,上質な堅骨,3,,,,,74,龍脈石のかけら,1,いにしえの龍骨,1,0,450
ハンターグリーヴβ,0,5,1,0,0,11,36,58,2,2,0,0,0,追跡の達人,1,,,,,,,,,ジャグラスの上皮,2,上質な堅骨,3,,,,,74,龍脈石のかけら,1,いにしえの龍骨,1,0,460
ボーングリーヴα,0,5,0,0,0,11,36,58,2,0,2,0,2,昆虫標本の達人,2,,,,,,,,,上質な堅骨,2,上竜骨,2,強固な岩骨,3,,,74,龍脈石のかけら,1,いにしえの龍骨,1,0,470
ボーングリーヴβ,0,5,1,0,0,11,36,58,2,0,2,0,2,昆虫標本の達人,1,,,,,,,,,上質な堅骨,2,上竜骨,2,強固な岩骨,3,,,74,龍脈石のかけら,1,いにしえの龍骨,1,0,480
アロイグリーヴα,0,5,0,0,0,11,36,58,-2,0,-2,-2,0,砥石使用高速化,2,,,,,,,,,カブレライト鉱石,2,ドラグライト鉱石,4,ライトクリスタル,1,マカライト鉱石,5,74,龍脈石のかけら,1,いにしえの龍骨,1,0,490
アロイグリーヴβ,0,5,1,0,0,11,36,58,-2,0,-2,-2,0,砥石使用高速化,1,,,,,,,,,カブレライト鉱石,2,ドラグライト鉱石,4,ライトクリスタル,1,マカライト鉱石,5,74,龍脈石のかけら,1,いにしえの龍骨,1,0,500
オウビートガンバα,1,5,1,0,0,11,42,64,-1,-1,2,0,2,探索者の幸運,1,回避性能,1,,,,,,,オオツノアゲハ,1,カブレライト鉱石,2,モンスターの濃汁,2,強力麻痺袋,2,80,龍脈石のかけら,1,いにしえの龍骨,1,0,510
オウビートガンバβ,1,5,2,1,0,11,42,64,-1,-1,2,0,2,探索者の幸運,1,,,,,,,,,オオツノアゲハ,1,カブレライト鉱石,2,モンスターの濃汁,2,強力麻痺袋,2,80,龍脈石のかけら,1,いにしえの龍骨,1,0,520
パピメルガンバα,2,5,1,0,0,11,42,64,-1,-1,2,0,2,探索者の幸運,1,回避性能,1,,,,,,,オオツノアゲハ,1,カブレライト鉱石,2,モンスターの濃汁,2,強力麻痺袋,2,80,龍脈石のかけら,1,いにしえの龍骨,1,0,530
パピメルガンバβ,2,5,2,1,0,11,42,64,-1,-1,2,0,2,探索者の幸運,1,,,,,,,,,オオツノアゲハ,1,カブレライト鉱石,2,モンスターの濃汁,2,強力麻痺袋,2,80,龍脈石のかけら,1,いにしえの龍骨,1,0,540
ランゴグリーヴα,0,5,0,0,0,11,38,60,-2,1,1,1,2,ハニーハンター,1,麻痺耐性,1,,,,,,,ランゴスタの堅殻,4,ランゴスタの薄羽,2,モンスターの濃汁,3,強力麻痺袋,2,76,龍脈石のかけら,1,いにしえの龍骨,1,0,550
ランゴグリーヴβ,0,5,1,0,0,11,38,60,-2,1,1,1,2,ハニーハンター,1,,,,,,,,,ランゴスタの堅殻,4,ランゴスタの薄羽,2,モンスターの濃汁,3,強力麻痺袋,2,76,龍脈石のかけら,1,いにしえの龍骨,1,0,560
タロスグリーヴα,0,5,0,0,0,11,38,60,-1,-1,0,0,2,匠,1,龍属性攻撃強化,1,,,,,,,カンタロスの堅殻,4,カンタロスの薄羽,2,カンタロスの頭,1,ノヴァクリスタル,1,76,龍脈石のかけら,1,いにしえの龍骨,1,0,570
タロスグリーヴβ,0,5,1,0,0,11,38,60,-1,-1,0,0,2,匠,1,,,,,,,,,カンタロスの堅殻,4,カンタロスの薄羽,2,カンタロスの頭,1,ノヴァクリスタル,1,76,龍脈石のかけら,1,いにしえの龍骨,1,0,580
ガライーブーツα,0,5,0,0,0,11,40,62,0,5,0,0,0,水場・深雪適応,2,水属性攻撃強化,1,,,,,,,咬魚の上皮,4,咬魚の大ヒゲ,2,カブレライト鉱石,3,,,78,龍脈石のかけら,1,いにしえの龍骨,1,0,620
ガライーブーツβ,0,5,1,0,0,11,40,62,0,5,0,0,0,水場・深雪適応,1,水属性攻撃強化,1,,,,,,,咬魚の上皮,4,咬魚の大ヒゲ,2,カブレライト鉱石,3,,,78,龍脈石のかけら,1,いにしえの龍骨,1,0,630
ジャグラスグリーヴα,0,5,0,0,0,11,40,62,-2,2,-1,-1,1,しゃがみ移動速度ＵＰ,1,満足感,1,,,,,,,賊竜の上鱗,4,賊竜の上皮,2,賊竜のたてがみ,2,ジャグラスの上鱗,1,78,龍脈石のかけら,1,いにしえの龍骨,1,0,660
ジャグラスグリーヴβ,0,5,1,0,0,11,40,62,-2,2,-1,-1,1,しゃがみ移動速度ＵＰ,1,,,,,,,,,賊竜の上鱗,4,賊竜の上皮,2,賊竜のたてがみ,2,ジャグラスの上鱗,1,78,龍脈石のかけら,1,いにしえの龍骨,1,0,670
クルルグリーヴα,0,5,0,0,0,11,40,62,0,-3,0,1,0,見切り,1,アイテム使用強化,1,,,,,,,掻鳥の上皮,4,掻鳥の上鱗,6,翼竜の上皮,2,大地の結晶,2,78,龍脈石のかけら,1,いにしえの龍骨,1,0,680
クルルグリーヴβ,0,5,1,0,0,11,40,62,0,-3,0,1,0,見切り,1,,,,,,,,,掻鳥の上皮,4,掻鳥の上鱗,6,翼竜の上皮,2,大地の結晶,2,78,龍脈石のかけら,1,いにしえの龍骨,1,0,690
ツィツィグリーヴα,0,5,0,0,0,11,40,62,0,0,-3,-2,0,睡眠耐性,2,,,,,,,,,眩鳥の上鱗,4,眩鳥の上皮,2,眩鳥の尖爪,2,カブレライト鉱石,6,78,龍脈石のかけら,1,いにしえの龍骨,1,0,700
ツィツィグリーヴβ,0,5,1,0,0,11,40,62,0,0,-3,-2,0,睡眠耐性,1,,,,,,,,,眩鳥の上鱗,4,眩鳥の上皮,2,眩鳥の尖爪,2,カブレライト鉱石,6,78,龍脈石のかけら,1,いにしえの龍骨,1,0,710
ギルオスグリーヴα,0,5,0,0,0,11,40,62,0,-3,2,0,1,麻痺属性強化,2,,,,,,,,,痺賊竜の上皮,2,痺賊竜の鋭牙,4,痺賊竜の上鱗,4,いびつな狂骨,5,78,龍脈石のかけら,1,いにしえの龍骨,1,0,720
ギルオスグリーヴβ,0,5,1,0,0,11,40,62,0,-3,2,0,1,麻痺属性強化,1,,,,,,,,,痺賊竜の上皮,2,痺賊竜の鋭牙,4,痺賊竜の上鱗,4,いびつな狂骨,5,78,龍脈石のかけら,1,いにしえの龍骨,1,0,730
プケプケグリーヴα,0,5,0,0,0,11,42,64,0,3,-3,0,1,植生学,2,環境利用の知識,1,,,,,,,毒妖鳥の堅殻,2,毒妖鳥の大喉袋,2,毒妖鳥の上鱗,4,尖竜骨,2,80,龍脈石のかけら,1,いにしえの龍骨,1,0,740
プケプケグリーヴβ,0,5,2,0,0,11,42,64,0,3,-3,0,1,植生学,1,,,,,,,,,毒妖鳥の堅殻,2,毒妖鳥の大喉袋,2,毒妖鳥の上鱗,4,尖竜骨,2,80,龍脈石のかけら,1,いにしえの龍骨,1,0,750
ボロスグリーヴα,0,5,0,0,0,11,42,64,-3,-1,3,-1,0,気絶耐性,2,ランナー,1,,,,,,,土砂竜の堅甲,2,土砂竜の堅殻,4,肥沃なドロ,4,尖竜骨,4,80,龍脈石のかけら,1,いにしえの龍骨,1,0,760
ボロスグリーヴβ,0,5,1,1,0,11,42,64,-3,-1,3,-1,0,気絶耐性,1,,,,,,,,,土砂竜の堅甲,2,土砂竜の堅殻,4,肥沃なドロ,4,尖竜骨,4,80,龍脈石のかけら,1,いにしえの龍骨,1,0,770
ジャナフグリーヴα,0,5,0,0,0,11,44,66,3,-3,-1,-1,0,砲術,2,蛮顎竜の闘志,1,,,,,,,蛮顎竜の上鱗,4,蛮顎竜の上毛皮,3,爆炎袋,2,カブレライト鉱石,5,82,龍脈石のかけら,1,いにしえの龍骨,1,0,780
ジャナフグリーヴβ,0,5,1,0,0,11,44,66,3,-3,-1,-1,0,砲術,1,蛮顎竜の闘志,1,,,,,,,蛮顎竜の上鱗,4,蛮顎竜の上毛皮,3,爆炎袋,2,カブレライト鉱石,5,82,龍脈石のかけら,1,いにしえの龍骨,1,0,790
ジュラグリーヴα,0,5,0,0,0,11,44,66,-1,2,-3,0,0,集中,2,,,,,,,,,泥魚竜の堅殻,4,泥魚竜の鋭牙,2,泥魚竜の上ヒレ,2,竜玉,1,82,龍脈石のかけら,1,いにしえの龍骨,1,0,800
ジュラグリーヴβ,0,5,2,0,0,11,44,66,-1,2,-3,0,0,集中,1,,,,,,,,,泥魚竜の堅殻,4,泥魚竜の鋭牙,2,泥魚竜の上ヒレ,2,竜玉,1,82,龍脈石のかけら,1,いにしえの龍骨,1,0,810
カガチグリーヴα,0,5,0,0,0,11,44,66,0,-3,3,0,0,雷耐性,2,体術,1,,,,,,,飛雷竜の上鱗,4,飛雷竜の皮膜,2,電撃袋,1,上質な毛皮,3,82,龍脈石のかけら,1,いにしえの龍骨,1,0,820
カガチグリーヴβ,0,5,1,1,0,11,44,66,0,-3,3,0,0,雷耐性,1,,,,,,,,,飛雷竜の上鱗,4,飛雷竜の皮膜,2,電撃袋,1,上質な毛皮,3,82,龍脈石のかけら,1,いにしえの龍骨,1,0,830
ウルムーグリーヴα,0,5,0,0,0,11,44,66,-3,2,0,1,0,風圧耐性,1,スタミナ急速回復,1,,,,,,,浮空竜の上鱗,4,浮空竜の上毛皮,2,浮空竜の翼,4,竜玉,1,82,龍脈石のかけら,1,いにしえの龍骨,1,0,840
ウルムーグリーヴβ,0,5,1,1,0,11,44,66,-3,2,0,1,0,風圧耐性,1,,,,,,,,,浮空竜の上鱗,4,浮空竜の上毛皮,2,浮空竜の翼,4,竜玉,1,82,龍脈石のかけら,1,いにしえの龍骨,1,0,850
レイアグリーヴα,0,5,0,0,0,11,46,68,2,0,-2,0,-3,体力回復量ＵＰ,2,,,,,,,,,雌火竜の堅殻,6,雌火竜の上棘,3,火竜の翼爪,4,雌火竜の紅玉,1,84,龍脈石のかけら,1,いにしえの龍骨,1,0,860
レイアグリーヴβ,0,5,1,0,0,11,46,68,2,0,-2,0,-3,体力回復量ＵＰ,1,,,,,,,,,雌火竜の堅殻,6,雌火竜の上棘,3,火竜の翼爪,4,雌火竜の紅玉,1,84,龍脈石のかけら,1,いにしえの龍骨,1,0,870
リオハートグリーヴα,0,6,0,0,0,13,52,72,3,0,-3,0,-4,整備,1,風圧耐性,1,桜火竜の奥義,1,,,,,桜火竜の上鱗,4,桜火竜の堅殻,2,堅竜骨,3,シャムオスの上皮,3,84,龍脈石のかけら,1,鳥竜玉,1,0,880
リオハートグリーヴβ,0,6,2,0,0,13,52,72,3,0,-3,0,-4,整備,1,桜火竜の奥義,1,,,,,,,桜火竜の上鱗,4,桜火竜の堅殻,2,堅竜骨,3,シャムオスの上皮,3,84,龍脈石のかけら,1,鳥竜玉,1,0,890
バルキングリーヴα,0,6,0,0,0,11,46,66,0,2,0,-1,-2,裂傷耐性,2,,,,,,,,,骨鎚竜の堅殻,4,骨鎚竜の上鱗,4,骨鎚竜の黒油殻,2,竜骨塊,5,78,龍脈石のかけら,1,鳥竜玉,1,0,900
バルキングリーヴβ,0,6,1,0,0,11,46,66,0,2,0,-1,-2,裂傷耐性,1,,,,,,,,,骨鎚竜の堅殻,4,骨鎚竜の上鱗,4,骨鎚竜の黒油殻,2,竜骨塊,5,78,龍脈石のかけら,1,鳥竜玉,1,0,910
ガマルグリーヴα,0,5,0,0,0,13,48,70,2,0,-3,0,2,砲弾装填数ＵＰ,1,爆破属性強化,1,,,,,,,岩賊竜の上皮,6,岩賊竜の尻尾,2,岩賊竜の尖爪,4,竜玉,1,86,龍脈石のかけら,1,いにしえの龍骨,1,0,960
ガマルグリーヴβ,0,5,1,0,0,13,48,70,2,0,-3,0,2,砲弾装填数ＵＰ,1,,,,,,,,,岩賊竜の上皮,6,岩賊竜の尻尾,2,岩賊竜の尖爪,4,竜玉,1,86,龍脈石のかけら,1,いにしえの龍骨,1,0,970
ゾラマグナフットα,0,6,0,0,0,11,44,64,4,-3,-1,-2,-3,ボマー,2,耳栓,1,熔山龍の奥義,1,,,,,熔山龍の背甲,3,熔山龍の岩殻,3,熔山龍のマグマ,3,熔山龍の宝玉,1,76,龍脈石のかけら,1,鳥竜玉,1,0,980
ゾラマグナフットβ,0,6,2,0,0,11,44,64,4,-3,-1,-2,-3,ボマー,2,熔山龍の奥義,1,,,,,,,熔山龍の背甲,3,熔山龍の岩殻,3,熔山龍のマグマ,3,熔山龍の宝玉,1,76,龍脈石のかけら,1,鳥竜玉,1,0,990
ハイメタグリーヴα,0,6,0,0,0,13,50,70,0,-1,-2,3,0,砲撃手,1,氷耐性,1,,,,,,,ユニオン鉱石,3,カブレライト鉱石,4,龍脈の結晶,2,バルノスの上皮,3,82,龍脈石のかけら,1,鳥竜玉,1,0,1000
ハイメタグリーヴβ,0,6,1,0,0,13,50,70,0,-1,-2,3,0,砲撃手,1,,,,,,,,,ユニオン鉱石,3,カブレライト鉱石,4,龍脈の結晶,2,バルノスの上皮,3,82,龍脈石のかけら,1,鳥竜玉,1,0,1010
インゴットグリーヴα,0,6,0,0,0,13,50,70,-2,0,3,-1,0,防御,2,風圧耐性,1,,,,,,,ユニオン鉱石,1,堅竜骨,2,ドラグライト鉱石,4,ガストドンの堅殻,2,82,龍脈石のかけら,1,鳥竜玉,1,0,1020
インゴットグリーヴβ,0,6,2,0,0,13,50,70,-2,0,3,-1,0,防御,2,,,,,,,,,ユニオン鉱石,1,堅竜骨,2,ドラグライト鉱石,4,ガストドンの堅殻,2,82,龍脈石のかけら,1,鳥竜玉,1,0,1030
ブリゲイドブーツα,0,6,1,0,0,13,52,72,1,0,2,0,2,研究者,1,地質学,1,,,,,,,狩猟王のコイン,3,ガマルコイン,3,レウスコイン,3,堅竜骨,2,84,龍脈石のかけら,1,鳥竜玉,1,0,1040
ブリゲイドブーツβ,0,6,3,0,0,13,52,72,1,0,2,0,2,研究者,1,,,,,,,,,狩猟王のコイン,3,ガマルコイン,3,レウスコイン,3,堅竜骨,2,84,龍脈石のかけら,1,鳥竜玉,1,0,1050
ラヴァグリーヴα,0,6,1,0,0,13,56,76,3,-3,1,-2,2,散弾・剛射強化,1,火属性攻撃強化,1,,,,,,,溶岩竜の堅殻,6,溶岩竜の鋭牙,2,溶岩竜の上ヒレ,4,獄炎石,1,88,龍脈石のかけら,1,鳥竜玉,1,0,1080
ラヴァグリーヴβ,0,6,2,0,0,13,56,76,3,-3,1,-2,2,散弾・剛射強化,1,,,,,,,,,溶岩竜の堅殻,6,溶岩竜の鋭牙,2,溶岩竜の上ヒレ,4,獄炎石,1,88,龍脈石のかけら,1,鳥竜玉,1,0,1090
ギエナグリーヴα,0,6,0,0,0,13,54,74,-1,2,-3,3,0,氷耐性,2,抜刀術【技】,1,風漂竜の恩寵,1,,,,,風漂竜の上鱗,4,風漂竜の上皮,2,風漂竜の翼,2,眩鳥の上皮,2,86,龍脈石のかけら,1,鳥竜玉,1,0,1100
ギエナグリーヴβ,0,6,3,0,0,13,54,74,-1,2,-3,3,0,氷耐性,2,風漂竜の恩寵,1,,,,,,,風漂竜の上鱗,4,風漂竜の上皮,2,風漂竜の翼,2,眩鳥の上皮,2,86,龍脈石のかけら,1,鳥竜玉,1,0,1110
ガロングリーヴα,0,6,0,0,0,13,54,74,2,2,-2,-3,0,納刀術,1,見切り,1,惨爪竜の奥義,1,,,,,惨爪竜の上鱗,4,惨爪竜の大硬筋,2,惨爪竜の鋭牙,2,堅竜骨,6,86,龍脈石のかけら,1,鳥竜玉,1,0,1120
ガロングリーヴβ,0,6,1,0,0,13,54,74,2,2,-2,-3,0,納刀術,1,惨爪竜の奥義,1,,,,,,,惨爪竜の上鱗,4,惨爪竜の大硬筋,2,惨爪竜の鋭牙,2,堅竜骨,6,86,龍脈石のかけら,1,鳥竜玉,1,0,1130
レウスグリーヴα,0,6,0,0,0,13,54,74,3,1,-2,1,-3,ジャンプ鉄人,1,弱点特効,1,火竜の奥義,1,,,,,火竜の堅殻,6,火竜の上鱗,4,爆炎袋,2,火竜の逆鱗,1,86,龍脈石のかけら,1,鳥竜玉,1,0,1140
レウスグリーヴβ,0,6,3,0,0,13,54,74,3,1,-2,1,-3,ジャンプ鉄人,1,火竜の奥義,1,,,,,,,火竜の堅殻,6,火竜の上鱗,4,爆炎袋,2,火竜の逆鱗,1,86,龍脈石のかけら,1,鳥竜玉,1,0,1150
リオソウルグリーヴα,0,7,0,0,0,13,56,68,3,2,2,-3,-4,集中,1,クライマー,1,火竜の奥義,1,,,,,蒼火竜の堅殻,6,蒼火竜の上鱗,4,蒼火竜の尻尾,2,火竜の逆鱗,1,82,龍脈石,1,竜玉,1,0,1160
リオソウルグリーヴβ,0,7,1,0,0,13,56,68,3,2,2,-3,-4,集中,1,火竜の奥義,1,,,,,,,蒼火竜の堅殻,6,蒼火竜の上鱗,4,蒼火竜の尻尾,2,火竜の逆鱗,1,82,龍脈石,1,竜玉,1,0,1170
ディアブログリーヴα,0,6,0,0,0,13,54,74,3,-2,0,-3,2,耐震,2,ＫＯ術,1,角竜の奥義,1,,,,,角竜の堅甲,6,角竜の堅殻,4,上質なねじれた角,1,角竜の延髄,1,86,龍脈石のかけら,1,鳥竜玉,1,0,1180
ディアブログリーヴβ,0,6,1,1,0,13,54,74,3,-2,0,-3,2,耐震,2,角竜の奥義,1,,,,,,,角竜の堅甲,6,角竜の堅殻,4,上質なねじれた角,1,角竜の延髄,1,86,龍脈石のかけら,1,鳥竜玉,1,0,1190
ディアネログリーヴα,0,7,1,0,0,13,56,68,2,-3,0,-4,2,通常弾・通常矢強化,1,火事場力,1,角竜の奥義,1,,,,,黒角竜の堅甲,6,黒角竜の堅殻,4,上質な黒巻き角,1,竜玉,1,82,龍脈石,1,竜玉,1,0,1200
ディアネログリーヴβ,0,7,2,0,0,13,56,68,2,-3,0,-4,2,通常弾・通常矢強化,1,角竜の奥義,1,,,,,,,黒角竜の堅甲,6,黒角竜の堅殻,4,上質な黒巻き角,1,竜玉,1,82,龍脈石,1,竜玉,1,0,1210
ガンキングリーヴα,0,7,1,0,0,13,60,72,4,-3,1,-2,-2,ガード性能,2,爆鎚竜の守護,1,,,,,,,爆鎚竜の堅殻,4,爆鎚竜の上鱗,4,爆鎚竜の耐熱殻,2,ガストドンの堅殻,5,86,龍脈石,1,竜玉,1,0,1220
ガンキングリーヴβ,0,7,3,0,0,13,60,72,4,-3,1,-2,-2,ガード性能,1,爆鎚竜の守護,1,,,,,,,爆鎚竜の堅殻,4,爆鎚竜の上鱗,4,爆鎚竜の耐熱殻,2,ガストドンの堅殻,5,86,龍脈石,1,竜玉,1,0,1230
バゼルグリーヴα,0,7,1,0,0,13,58,70,3,1,-4,-2,-2,ボマー,2,抜刀術【技】,1,爆鱗竜の守護,1,,,,,爆鱗竜の上鱗,4,爆鱗竜の堅殻,4,爆鱗竜の尖爪,2,岩賊竜の上皮,4,84,龍脈石,1,竜玉,1,0,1240
バゼルグリーヴβ,0,7,3,0,0,13,58,70,3,1,-4,-2,-2,ボマー,2,爆鱗竜の守護,1,,,,,,,爆鱗竜の上鱗,4,爆鱗竜の堅殻,4,爆鱗竜の尖爪,2,岩賊竜の上皮,4,84,龍脈石,1,竜玉,1,0,1250
ダマスクグリーヴα,0,7,1,0,0,14,60,72,4,-2,0,0,0,防御,2,防御力ＤＯＷＮ耐性,1,,,,,,,古龍の血,2,ユニオン鉱石,3,溶岩竜の堅殻,5,ノヴァクリスタル,1,86,龍脈石,1,竜玉,1,0,1260
ダマスクグリーヴβ,0,7,3,0,0,14,60,72,4,-2,0,0,0,防御,2,,,,,,,,,古龍の血,2,ユニオン鉱石,3,溶岩竜の堅殻,5,ノヴァクリスタル,1,86,龍脈石,1,竜玉,1,0,1270
ドーベルグリーヴα,0,7,0,0,0,14,60,72,-2,0,-1,-1,4,攻撃,2,スタミナ急速回復,1,,,,,,,古龍骨,3,上質な堅骨,3,骨鎚竜の延髄,1,いにしえの龍骨,1,86,龍脈石,1,竜玉,1,0,1280
ドーベルグリーヴβ,0,7,1,0,0,14,60,72,-2,0,-1,-1,4,攻撃,2,,,,,,,,,古龍骨,3,上質な堅骨,3,骨鎚竜の延髄,1,いにしえの龍骨,1,86,龍脈石,1,竜玉,1,0,1290
デスギアフェルゼα,0,7,0,0,0,14,62,74,3,2,-2,3,-4,匠,2,龍属性攻撃強化,2,,,,,,,禍々しい布,2,いにしえの龍骨,1,屍套龍の被膜,2,ノヴァクリスタル,1,88,龍脈石,1,竜玉,1,0,1300
デスギアフェルゼβ,0,7,1,1,0,14,62,74,3,2,-2,3,-4,匠,2,,,,,,,,,禍々しい布,2,いにしえの龍骨,1,屍套龍の被膜,2,ノヴァクリスタル,1,88,龍脈石,1,竜玉,1,0,1310
オーググリーヴα,0,8,1,0,0,14,64,70,1,1,-3,1,-3,渾身,1,挑戦者,1,滅尽龍の飢餓,1,,,,,滅尽龍の堅殻,4,不滅の龍鱗,4,滅尽龍の再生殻,2,古龍の血,2,84,大龍脈石,1,古龍骨,2,0,1330
オーググリーヴβ,0,8,2,0,0,14,64,70,1,1,-3,1,-3,渾身,1,滅尽龍の飢餓,1,,,,,,,滅尽龍の堅殻,4,不滅の龍鱗,4,滅尽龍の再生殻,2,古龍の血,2,84,大龍脈石,1,古龍骨,2,0,1340
カイザーグリーヴα,0,8,0,0,0,14,64,70,3,-3,1,-3,1,力の解放,2,爆破属性強化,1,炎王龍の武技,1,,,,,炎王龍の尖角,3,獄炎の龍鱗,6,炎王龍のたてがみ,2,炎龍の宝玉,1,84,大龍脈石,1,古龍骨,2,0,1350
カイザーグリーヴβ,0,8,1,0,0,14,64,70,3,-3,1,-3,1,力の解放,2,炎王龍の武技,1,,,,,,,炎王龍の尖角,3,獄炎の龍鱗,6,炎王龍のたてがみ,2,炎龍の宝玉,1,84,大龍脈石,1,古龍骨,2,0,1360
クシャナペイルα,0,8,0,0,0,14,64,70,0,2,-3,4,-2,回避距離ＵＰ,2,匠,1,鋼龍の飛翔,1,,,,,鋼龍の堅殻,4,鋼の上龍鱗,4,鋼龍の翼,3,古龍の血,3,84,大龍脈石,1,古龍骨,2,0,1370
クシャナペイルβ,0,8,3,0,0,14,64,70,0,2,-3,4,-2,回避距離ＵＰ,2,鋼龍の飛翔,1,,,,,,,鋼龍の堅殻,5,鋼の上龍鱗,4,鋼龍の翼,3,古龍の血,3,84,大龍脈石,1,古龍骨,2,0,1380
ウルズグリーヴα,0,8,1,0,0,14,64,70,-4,4,1,-1,-3,瘴気耐性,2,龍属性攻撃強化,1,屍套龍の命脈,1,,,,,死屍の龍鱗,5,屍套龍の堅殻,4,屍套龍の被膜,2,龍脈の結晶,6,84,大龍脈石,1,古龍骨,2,0,1390
ウルズグリーヴβ,0,8,1,1,0,14,64,70,-4,4,1,-1,-3,瘴気耐性,2,屍套龍の命脈,1,,,,,,,死屍の龍鱗,5,屍套龍の堅殻,4,屍套龍の被膜,2,龍脈の結晶,6,84,大龍脈石,1,古龍骨,2,0,1400
キリンレガースα,0,8,0,0,0,14,64,70,-3,-2,4,-2,2,属性解放／装填拡張,2,雷耐性,2,幻獣の恩寵,1,,,,,幻獣の上皮,3,幻獣の雷尾,3,ゴム質の堅殻,3,いにしえの龍骨,1,84,大龍脈石,1,古龍骨,2,0,1410
キリンレガースβ,0,8,1,1,0,14,64,70,-3,-2,4,-2,2,属性解放／装填拡張,2,幻獣の恩寵,1,,,,,,,幻獣の上皮,3,幻獣の雷尾,3,ゴム質の堅殻,3,いにしえの龍骨,1,84,大龍脈石,1,古龍骨,2,0,1420
ゼノラージフットα,0,8,1,0,0,16,72,78,-3,2,2,2,-4,ひるみ軽減,1,強化持続,1,冥灯龍の神秘,1,,,,,冥灯龍の幽鱗,4,冥灯龍の白殻,4,冥灯龍の幽幕,2,風漂竜の逆鱗,1,92,大龍脈石,1,古龍骨,2,0,1430
ゼノラージフットβ,0,8,1,1,0,16,72,78,-3,2,2,2,-4,ひるみ軽減,1,冥灯龍の神秘,1,,,,,,,冥灯龍の幽鱗,4,冥灯龍の白殻,4,冥灯龍の幽幕,2,風漂竜の逆鱗,1,92,大龍脈石,1,古龍骨,2,0,1440
ギルドクロスブーツα,0,8,1,0,0,15,62,68,0,0,0,0,0,飛燕,1,火耐性,2,ギルドの導き,1,,,,,撃龍王のコイン,2,飛竜コイン,2,闘技王のコイン,3,勇気の証Ｇ,1,82,大龍脈石,1,古龍骨,2,0,1450
ギルドクロスブーツβ,0,8,3,0,0,15,62,68,0,0,0,0,0,飛燕,1,ギルドの導き,1,,,,,,,撃龍王のコイン,2,飛竜コイン,2,闘技王のコイン,3,勇気の証Ｇ,1,82,大龍脈石,1,古龍骨,2,0,1460
シーカーパンツα,0,8,0,0,0,50,70,76,2,2,2,2,2,潜伏,2,滑走強化,1,調査団の導き,1,,,,,調査団チケット,1,不滅の龍鱗,5,禍々しい布,2,勇気の証Ｇ,2,90,大龍脈石,1,古龍骨,2,0,1480
シーカーパンツβ,0,8,2,0,0,50,70,76,2,2,2,2,2,潜伏,2,調査団の導き,1,,,,,,,調査団チケット,1,不滅の龍鱗,5,禍々しい布,2,勇気の証Ｇ,2,90,大龍脈石,1,古龍骨,2,0,1490
バンギスグリーヴα,0,7,0,0,0,13,58,70,1,1,-3,2,-3,早食い,2,破壊王,1,,,,,,,恐暴竜の黒鱗,3,恐暴竜の黒皮,4,恐暴竜の鉤爪,2,ギルオスの上皮,4,84,龍脈石,1,竜玉,1,0,1500
バンギスグリーヴβ,0,7,1,1,0,13,58,70,1,1,-3,2,-3,早食い,2,,,,,,,,,恐暴竜の黒鱗,3,恐暴竜の黒皮,4,恐暴竜の鉤爪,2,ギルオスの上皮,4,84,龍脈石,1,竜玉,1,0,1510
マムガイラグリーヴα,0,8,1,0,0,16,72,78,4,-2,3,-4,-2,広域化,2,フルチャージ,2,,,,,,,爛輝龍の金鱗,12,爛輝龍の金殻,7,爛輝龍の金尾殻,4,屍套龍の宝玉,1,92,大龍脈石,1,古龍骨,2,0,1520
マムガイラグリーヴβ,0,8,2,1,0,16,72,78,4,-2,3,-4,-2,広域化,2,フルチャージ,1,,,,,,,爛輝龍の金鱗,12,爛輝龍の金殻,7,爛輝龍の金尾殻,4,屍套龍の宝玉,1,92,大龍脈石,1,古龍骨,2,0,1530
エンプレスグリーヴα,0,8,2,1,0,16,70,76,3,1,1,-3,-2,体力増強,2,広域化,2,炎妃龍の恩寵,1,,,,,炎王龍の堅殻,4,炎妃龍の翼,3,炎妃龍の尻尾,1,古龍の血,3,90,大龍脈石,1,古龍骨,2,0,1540
エンプレスグリーヴβ,0,8,2,2,0,16,70,76,3,1,1,-3,-2,体力増強,2,炎妃龍の恩寵,1,,,,,,,炎王龍の堅殻,4,炎妃龍の翼,3,炎妃龍の尻尾,1,古龍の血,3,90,大龍脈石,1,古龍骨,2,0,1550
ブロッサムブーツα,0,5,1,1,0,11,40,62,1,1,4,1,1,回復速度,1,,,,,,,,,開花チケット,3,カブレライト鉱石,2,,,,,78,龍脈石のかけら,1,いにしえの龍骨,1,0,1560
ダイバーブーツα,0,5,2,0,0,11,46,68,1,4,1,1,1,腹減り耐性,1,,,,,,,,,納涼チケット,1,カブレライト鉱石,1,上質な堅骨,1,,,84,龍脈石のかけら,1,いにしえの龍骨,1,0,1570
ハーベストライースα,0,6,2,1,0,13,52,72,4,1,1,1,1,キノコ大好き,1,,,,,,,,,豊穣チケット,1,堅竜骨,1,尖竜骨,1,,,84,龍脈石のかけら,1,鳥竜玉,1,0,1580
オリオンブーツα,0,6,3,1,0,13,58,78,1,1,1,4,1,火事場力,1,,,,,,,,,煌めきチケット,1,ユニオン鉱石,2,堅竜骨,1,,,90,龍脈石のかけら,1,鳥竜玉,1,0,1590
フルドレスブーツα,0,7,3,1,1,14,64,76,1,1,1,1,4,精霊の加護,1,アステラの祝福,1,,,,,,,感謝チケット,3,古龍骨,1,勇気の証G,2,,,90,龍脈石,1,竜玉,1,0,1600
パピオムガンバα,1,5,0,0,0,11,42,64,-1,-1,2,0,2,ランナー,2,見切り,1,,,,,,,昆虫図鑑【夏】,1,カンタロスの堅殻,1,カブレライト鉱石,2,上質な堅骨,1,80,龍脈石のかけら,1,いにしえの龍骨,1,0,1610
パピオムガンバβ,1,5,1,0,0,11,42,64,-1,-1,2,0,2,ランナー,2,,,,,,,,,昆虫図鑑【夏】,1,カンタロスの堅殻,1,カブレライト鉱石,2,上質な堅骨,1,80,龍脈石のかけら,1,いにしえの龍骨,1,0,1620
クインビートガンバα,2,5,0,0,0,11,42,64,-1,-1,2,0,2,ランナー,2,見切り,1,,,,,,,昆虫図鑑【夏】,1,カンタロスの堅殻,1,カブレライト鉱石,2,上質な堅骨,1,80,龍脈石のかけら,1,いにしえの龍骨,1,0,1630
クインビートガンバβ,2,5,1,0,0,11,42,64,-1,-1,2,0,2,ランナー,2,,,,,,,,,昆虫図鑑【夏】,1,カンタロスの堅殻,1,カブレライト鉱石,2,上質な堅骨,1,80,龍脈石のかけら,1,いにしえの龍骨,1,0,1640
ウルズグリーヴγ,0,8,3,1,0,50,72,78,-4,4,1,-1,-3,フルチャージ,1,回復速度,1,屍套龍の命脈,1,,,,,屍套龍チケット,1,屍套龍の堅殻,5,屍套龍の鋭牙,3,屍套龍の尻尾,2,92,大龍脈石,1,古龍骨,2,0,1650
キリンレガースγ,0,8,3,0,0,50,72,78,-3,-2,4,-2,2,属性やられ耐性,1,雷属性攻撃強化,2,幻獣の恩寵,1,,,,,幻獣チケット,1,幻獣の上皮,3,幻獣のたてがみ,4,ノヴァクリスタル,1,92,大龍脈石,1,古龍骨,2,0,1660
カイザーグリーヴγ,0,8,3,1,0,50,72,78,3,-3,1,-3,1,見切り,2,炎王龍の武技,1,,,,,,,炎王龍チケット,1,獄炎の龍鱗,4,炎王龍の堅殻,4,炎龍の尖爪,4,92,大龍脈石,1,古龍骨,2,0,1670
クシャナペイルγ,0,8,3,0,0,50,72,78,0,2,-3,4,-2,回避性能,2,鋼龍の飛翔,1,,,,,,,鋼龍チケット,1,鋼龍の堅殻,5,鋼龍の尖角,2,鋼龍の尻尾,2,92,大龍脈石,1,古龍骨,2,0,1680
オーググリーヴγ,0,8,2,2,0,50,72,78,1,1,-3,1,-3,攻撃,3,滅尽龍の飢餓,1,,,,,,,滅尽龍チケット,1,滅尽龍の堅殻,4,不滅の龍鱗,4,滅尽龍の尖爪,2,92,大龍脈石,1,古龍骨,2,0,1690
ゾラマグナフットγ,0,8,3,2,0,50,72,78,4,-3,-1,-2,-3,爆破属性強化,2,見切り,1,熔山龍の奥義,1,,,,,熔山龍チケット,1,熔山龍の岩殻,5,熔山龍のマグマ,2,熔山龍の背甲,1,92,大龍脈石,1,古龍骨,2,0,1700
ゼノラージフットγ,0,8,2,1,1,50,72,78,-3,2,2,2,-4,超会心,1,冥灯龍の神秘,1,,,,,,,冥灯龍チケット,1,冥灯龍の白殻,4,冥灯龍の幽爪,3,冥灯龍の幽玉,1,92,大龍脈石,1,古龍骨,2,0,1710
エンプレスグリーヴγ,0,8,3,0,0,50,70,76,3,1,1,-3,-2,耳栓,2,挑戦者,1,炎妃龍の恩寵,1,,,,,炎妃龍チケット,1,炎妃龍の上鱗,4,炎妃龍の堅殻,4,炎妃龍の宝玉,1,90,大龍脈石,1,古龍骨,2,0,1720
マムガイラグリーヴγ,0,8,3,1,0,16,72,78,4,-2,3,-4,-2,挑戦者,2,熱ダメージ無効,1,,,,,,,爛輝龍の皇金塊,7,爛輝龍の金鱗,15,爛輝龍の金尾殻,8,爛輝龍の金煌玉,1,92,大龍脈石,1,古龍骨,2,0,1730
蒼星ノ将【具足】α,0,7,3,0,0,13,56,68,2,2,0,0,3,超会心,1,火竜の奥義,1,,,,,,,蒼星の宝玉,1,岩賊竜の上鱗,5,蒼火竜の堅殻,5,岩賊竜の尻尾,3,82,龍脈石,1,竜玉,1,0,1740
ダンテレザーα,0,8,1,1,0,14,64,70,3,-3,3,-3,3,弱点特効,2,,,,,,,,,レッドオーブ,1,炎王龍の堅殻,6,炎龍の翼,3,炎龍の宝玉,1,84,大龍脈石,1,古龍骨,2,0,1750
ドラケングリーヴα,0,8,2,0,0,16,72,78,-2,-2,3,-2,4,攻撃,2,超会心,1,竜騎士の証,1,,,,,魔獣のたてがみ,1,魔獣の堅骨,2,魔獣の裂爪,1,獄炎石,2,92,大龍脈石,1,古龍骨,2,0,1760
オリジングリーヴ,0,1,0,0,0,1,6,42,0,0,0,0,0,,,,,,,,,,,※特典,0,,,,,,,72,龍脈石のかけら,1,ユニオン鉱石,3,0,1830
ガーディアンブーツα,0,6,0,0,0,1,50,70,2,0,0,2,3,ランナー,1,精霊の加護,1,,,,,,,※配布,0,,,,,,,82,龍脈石のかけら,1,鳥竜玉,1,0,1840
アーロイレッグα,0,5,2,0,0,11,46,68,1,1,1,1,1,スリンガー装填数ＵＰ,2,蛮顎竜の闘志,1,,,,,,,※ワンセット,0,,,,,,,84,龍脈石のかけら,1,いにしえの龍骨,1,1,1850
アーロイレッグγ,0,8,3,0,0,,64,70,1,1,1,1,1,スリンガー装填数ＵＰ,2,ランナー,1,蛮顎竜の闘志,1,,,,,※ワンセット,0,,,,,,,84,大龍脈石,1,古龍骨,2,1,1860
リュウレッグ,0,2,0,0,0,3,12,44,2,0,5,-3,2,防御,1,,,,,,,,,※ワンセット,0,,,,,,,70,龍脈石のかけら,1,ユニオン鉱石,3,1,1870
リュウレッグα,0,7,1,1,0,14,60,72,2,0,5,-3,2,防御,1,体術,1,火竜の奥義,1,,,,,※ワンセット,0,,,,,,,86,龍脈石,1,竜玉,1,1,1880
さくらレッグα,0,6,1,1,0,13,50,70,0,4,0,4,-2,防御,1,回避性能,1,桜火竜の奥義,1,,,,,※ワンセット,0,,,,,,,82,龍脈石のかけら,1,鳥竜玉,1,1,1890
ゲラルトレッグα,0,8,2,0,0,16,70,76,2,1,-2,-1,3,ランナー,2,見切り,2,ウィッチャーの心得,1,,,,,※ワンセット,0,,,,,,,90,大龍脈石,1,古龍骨,2,1,1900
シリレッグα,0,8,2,1,0,50,70,76,-2,-1,2,1,3,回避性能,2,体術,2,,,,,,,※ワンセット,0,,,,,,,90,大龍脈石,1,古龍骨,2,1,1910
防衛隊【脚甲】α,0,6,0,0,0,1,50,70,2,0,0,2,3,ランナー,1,精霊の加護,1,,,,,,,※武具屋購入,0,,,,,,,82,龍脈石のかけら,1,鳥竜玉,1,0,1920
EXボーングリーヴα,0,9,3,0,0,M1,114,152,2,0,2,0,2,ＫＯ術,1,笛吹き名人,1,,,,,,,頑強な重骨,2,強竜骨,1,強固な岩骨,1,,,172,霊脈玉のかけら,1,いにしえの巨龍骨,1,0,1930
EXボーングリーヴβ,0,9,4,0,0,M1,114,152,2,0,2,0,2,ＫＯ術,1,,,,,,,,,頑強な重骨,2,強竜骨,1,強固な岩骨,1,,,172,霊脈玉のかけら,1,いにしえの巨龍骨,1,0,1940
EXアロイグリーヴα,0,9,3,0,0,M1,114,152,-2,0,-2,-2,0,砥石使用高速化,2,風圧耐性,1,,,,,,,エルトライト鉱石,1,カブレライト鉱石,2,霊脈の結晶,1,,,172,霊脈玉のかけら,1,いにしえの巨龍骨,1,0,1950
EXアロイグリーヴβ,0,9,4,0,0,M1,114,152,-2,0,-2,-2,0,砥石使用高速化,1,風圧耐性,1,,,,,,,エルトライト鉱石,1,カブレライト鉱石,2,霊脈の結晶,1,,,172,霊脈玉のかけら,1,いにしえの巨龍骨,1,0,1960
EXランゴグリーヴα,0,9,3,0,0,M1,116,154,-2,1,1,1,2,抜刀術【技】,1,麻痺耐性,1,,,,,,,ランゴスタの斬羽,1,モンスターの特濃,1,頑強な重骨,1,,,174,霊脈玉のかけら,1,いにしえの巨龍骨,1,0,1970
EXランゴグリーヴβ,0,9,4,1,0,M1,116,154,-2,1,1,1,2,抜刀術【技】,1,,,,,,,,,ランゴスタの斬羽,1,モンスターの特濃,1,頑強な重骨,1,,,174,霊脈玉のかけら,1,いにしえの巨龍骨,1,0,1980
EXタロスグリーヴα,0,9,2,1,0,M1,116,154,-1,-1,0,0,2,匠,1,龍属性攻撃強化,1,,,,,,,カンタロスの斬羽,1,モンスターの特濃,2,エルトライト鉱石,2,,,174,霊脈玉のかけら,1,いにしえの巨龍骨,1,0,1990
EXタロスグリーヴβ,0,9,4,1,0,M1,116,154,-1,-1,0,0,2,匠,1,,,,,,,,,カンタロスの斬羽,1,モンスターの特濃,2,エルトライト鉱石,2,,,174,霊脈玉のかけら,1,いにしえの巨龍骨,1,0,2000
EXガライーブーツα,0,9,2,1,0,M1,116,154,0,5,0,0,0,水場・深雪適応,2,水属性攻撃強化,2,,,,,,,咬魚の厚皮,２,咬魚の鋼ヒゲ,1,エルトライト鉱石,2,,,174,霊脈玉のかけら,1,いにしえの巨龍骨,1,0,2130
EXガライーブーツβ,0,9,4,1,0,M1,116,154,0,5,0,0,0,水場・深雪適応,1,水属性攻撃強化,1,,,,,,,咬魚の厚皮,２,咬魚の鋼ヒゲ,1,エルトライト鉱石,2,,,174,霊脈玉のかけら,1,いにしえの巨龍骨,1,0,2140
EXジャグラスグリーヴα,0,9,2,1,0,M1,116,154,-2,2,-1,-1,1,満足感,1,体力回復量ＵＰ,1,,,,,,,賊竜の厚皮,1,賊竜の厚鱗,1,賊竜の大たてがみ,1,ジャグラスの厚鱗,1,174,霊脈玉のかけら,1,いにしえの巨龍骨,1,0,2150
EXジャグラスグリーヴβ,0,9,4,1,0,M1,116,154,-2,2,-1,-1,1,満足感,1,,,,,,,,,賊竜の厚皮,1,賊竜の厚鱗,1,賊竜の大たてがみ,1,ジャグラスの厚鱗,1,174,霊脈玉のかけら,1,いにしえの巨龍骨,1,0,2160
EXツィツィグリーヴα,0,9,3,0,0,M1,116,154,0,0,-3,-2,0,睡眠耐性,2,広域化,1,,,,,,,眩鳥の厚皮,2,眩鳥の厚鱗,1,眩鳥の剛爪,1,デプスライト鉱石,2,174,霊脈玉のかけら,1,いにしえの巨龍骨,1,0,2170
EXツィツィグリーヴβ,0,9,4,0,0,M1,116,154,0,0,-3,-2,0,睡眠耐性,1,広域化,1,,,,,,,眩鳥の厚皮,2,眩鳥の厚鱗,1,眩鳥の剛爪,1,デプスライト鉱石,2,174,霊脈玉のかけら,1,いにしえの巨龍骨,1,0,2180
EXギルオスグリーヴα,0,9,1,0,0,M1,116,154,0,-3,2,0,1,麻痺属性強化,2,属性解放／装填拡張,1,,,,,,,痺賊竜の厚皮,2,痺賊竜の重牙,2,痺賊竜の厚鱗,2,ギルオスの厚鱗,1,174,霊脈玉のかけら,1,いにしえの巨龍骨,1,0,2190
EXギルオスグリーヴβ,0,9,4,0,0,M1,116,154,0,-3,2,0,1,麻痺属性強化,2,,,,,,,,,痺賊竜の厚皮,2,痺賊竜の重牙,2,痺賊竜の厚鱗,2,ギルオスの厚鱗,1,174,霊脈玉のかけら,1,いにしえの巨龍骨,1,0,2200
EXガマルグリーヴα,0,9,2,1,0,M1,120,158,2,0,-3,0,2,砲弾装填数ＵＰ,1,爆破属性強化,1,,,,,,,岩賊竜の厚皮,2,岩賊竜の靭尾,1,岩賊竜の剛爪,2,メランジェ鉱石,1,178,霊脈玉のかけら,1,いにしえの巨龍骨,1,0,2210
EXガマルグリーヴβ,0,9,4,1,0,M1,120,158,2,0,-3,0,2,砲弾装填数ＵＰ,1,,,,,,,,,岩賊竜の厚皮,2,岩賊竜の靭尾,1,岩賊竜の剛爪,2,メランジェ鉱石,1,178,霊脈玉のかけら,1,いにしえの巨龍骨,1,0,2220
EXクルルグリーヴα,0,9,2,0,0,M1,116,154,0,-3,0,1,0,見切り,2,アイテム使用強化,1,,,,,,,掻鳥の厚皮,2,掻鳥の厚鱗,1,ジャグラスの厚鱗,2,,,174,霊脈玉のかけら,1,いにしえの巨龍骨,1,0,2230
EXクルルグリーヴβ,0,9,4,0,0,M1,116,154,0,-3,0,1,0,見切り,1,アイテム使用強化,1,,,,,,,掻鳥の厚皮,2,掻鳥の厚鱗,1,ジャグラスの厚鱗,2,,,174,霊脈玉のかけら,1,いにしえの巨龍骨,1,0,2240
EXプケプケグリーヴα,0,9,3,0,0,M1,118,156,0,3,-3,0,1,毒耐性,2,毒属性強化,2,,,,,,,毒妖鳥の重殻,2,毒妖鳥の厚鱗,2,毒妖鳥の特大喉袋,1,,,176,霊脈玉のかけら,1,いにしえの巨龍骨,1,0,2250
EXプケプケグリーヴβ,0,9,4,2,0,M1,118,156,0,3,-3,0,1,毒耐性,2,,,,,,,,,毒妖鳥の重殻,2,毒妖鳥の厚鱗,2,毒妖鳥の特大喉袋,1,,,176,霊脈玉のかけら,1,いにしえの巨龍骨,1,0,2260
EXプケラグーナグリーヴα,0,9,1,0,0,M4,132,170,0,3,-2,-3,0,アイテム使用強化,2,水属性攻撃強化,2,,,,,,,水妖鳥の重殻,3,水妖鳥の靭尾,1,水妖鳥の剛翼,1,特大水袋,2,190,霊脈玉のかけら,1,いにしえの巨龍骨,1,0,2270
EXプケラグーナグリーヴβ,0,9,4,1,0,M4,132,170,0,3,-2,-3,0,アイテム使用強化,2,,,,,,,,,水妖鳥の重殻,3,水妖鳥の靭尾,1,水妖鳥の剛翼,1,特大水袋,2,190,霊脈玉のかけら,1,いにしえの巨龍骨,1,0,2280
EXボロスグリーヴα,0,9,3,1,0,M1,118,156,-3,-1,3,-1,0,気絶耐性,2,ランナー,1,,,,,,,土砂竜の重甲,2,土砂竜の重殻,2,土砂竜の剛爪,1,,,176,霊脈玉のかけら,1,いにしえの巨龍骨,1,0,2290
EXボロスグリーヴβ,0,9,4,2,1,M1,118,156,-3,-1,3,-1,0,気絶耐性,2,,,,,,,,,土砂竜の重甲,2,土砂竜の重殻,2,土砂竜の剛爪,1,,,176,霊脈玉のかけら,1,いにしえの巨龍骨,1,0,2300
EXジュラグリーヴα,0,9,2,0,0,M1,118,156,-1,2,-3,0,0,集中,2,水属性攻撃強化,1,,,,,,,泥魚竜の重殻,1,泥魚竜の重牙,2,泥魚竜の特上ヒレ,2,,,176,霊脈玉のかけら,1,いにしえの巨龍骨,1,0,2310
EXジュラグリーヴβ,0,9,4,1,0,M1,118,156,-1,2,-3,0,0,集中,1,水属性攻撃強化,1,,,,,,,泥魚竜の重殻,1,泥魚竜の重牙,2,泥魚竜の特上ヒレ,2,,,176,霊脈玉のかけら,1,いにしえの巨龍骨,1,0,2320
EXブラングリーヴα,0,9,2,0,0,M1,118,156,-3,0,-2,3,2,耳栓,2,氷属性攻撃強化,1,,,,,,,凍魚竜の重殻,2,凍魚竜の剛角,1,凍魚竜の特上ヒレ,2,グラシスメタル,3,176,霊脈玉のかけら,1,いにしえの巨龍骨,1,0,2330
EXブラングリーヴβ,0,9,4,0,0,M1,118,156,-3,0,-2,3,2,耳栓,2,,,,,,,,,凍魚竜の重殻,2,凍魚竜の剛角,1,凍魚竜の特上ヒレ,2,グラシスメタル,3,176,霊脈玉のかけら,1,いにしえの巨龍骨,1,0,2340
EXカガチグリーヴα,0,9,3,1,0,M1,120,158,0,-3,3,0,0,雷耐性,2,体術,1,,,,,,,飛雷竜の厚毛皮,2,飛雷竜の厚皮膜,1,飛雷竜の雷光針,1,,,178,霊脈玉のかけら,1,いにしえの巨龍骨,1,0,2350
EXカガチグリーヴβ,0,9,4,1,1,M1,120,158,0,-3,3,0,0,雷耐性,2,,,,,,,,,飛雷竜の厚毛皮,2,飛雷竜の厚皮膜,1,飛雷竜の雷光針,1,,,178,霊脈玉のかけら,1,いにしえの巨龍骨,1,0,2360
EXベニカガチグリーヴα,0,9,2,0,0,M3,132,148,1,3,-3,-2,1,回避性能,1,体術,1,,,,,,,飛毒竜の厚毛皮,2,飛毒竜の厚皮膜,1,飛毒竜の猛毒針,1,ウルグの厚毛皮,3,190,霊脈玉のかけら,1,いにしえの巨龍骨,1,0,2370
EXベニカガチグリーヴβ,0,9,4,1,0,M3,132,148,1,3,-3,-2,1,納刀術,1,,,,,,,,,飛毒竜の厚毛皮,2,飛毒竜の厚皮膜,1,飛毒竜の猛毒針,1,ウルグの厚毛皮,3,190,霊脈玉のかけら,1,いにしえの巨龍骨,1,0,2380
EXハイメタグリーヴα,0,9,2,2,1,M1,128,166,0,-1,-2,3,0,砲撃手,2,氷耐性,1,,,,,,,デプスライト鉱石,1,メランジェ鉱石,2,エルトライト鉱石,2,咬魚の厚皮,1,186,霊脈玉のかけら,1,いにしえの巨龍骨,1,0,2390
EXハイメタグリーヴβ,0,9,4,3,0,M1,128,166,0,-1,-2,3,0,砲撃手,1,氷耐性,1,,,,,,,デプスライト鉱石,1,メランジェ鉱石,2,エルトライト鉱石,2,咬魚の厚皮,1,186,霊脈玉のかけら,1,いにしえの巨龍骨,1,0,2400
EXバフバログリーヴα,0,9,3,0,0,M3,130,168,-2,2,-1,3,-3,キノコ大好き,1,早食い,1,,,,,,,猛牛竜の重甲,2,猛牛竜の重殻,1,猛牛竜の巨大な角,1,,,178,霊脈玉のかけら,1,いにしえの巨龍骨,1,0,2410
EXバフバログリーヴβ,0,9,4,1,0,M3,130,168,-2,2,-1,3,-3,キノコ大好き,1,,,,,,,,,猛牛竜の重甲,2,猛牛竜の重殻,1,猛牛竜の巨大な角,1,,,178,霊脈玉のかけら,1,いにしえの巨龍骨,1,0,2420
EXジャナフグリーヴα,0,9,2,0,0,M4,132,170,3,-3,-1,-1,0,砲術,2,ランナー,1,蛮顎竜の覇気,1,,,,,蛮顎竜の厚毛皮,2,蛮顎竜の厚鱗,1,蛮顎竜の重鼻骨,1,強竜骨,2,190,霊脈玉のかけら,1,いにしえの巨龍骨,1,0,2430
EXジャナフグリーヴβ,0,9,4,1,0,M4,132,170,3,-3,-1,-1,0,砲術,2,蛮顎竜の覇気,1,,,,,,,蛮顎竜の厚毛皮,2,蛮顎竜の厚鱗,1,蛮顎竜の重鼻骨,1,強竜骨,2,190,霊脈玉のかけら,1,いにしえの巨龍骨,1,0,2440
EXジャナールグリーヴα,0,11,2,1,0,M13,146,170,-1,-1,2,-3,0,雷属性攻撃強化,2,特殊射撃強化,1,蛮顎竜の覇気,1,,,,,雷顎竜の厚毛皮,3,雷顎竜の厚鱗,2,雷顎竜の重牙,2,剛竜骨,3,190,霊脈玉,1,大竜玉,1,0,2450
EXジャナールグリーヴβ,0,11,4,1,0,M13,146,170,-1,-1,2,-3,0,雷属性攻撃強化,2,蛮顎竜の覇気,1,,,,,,,雷顎竜の厚毛皮,3,雷顎竜の厚鱗,2,雷顎竜の重牙,2,剛竜骨,3,190,霊脈玉,1,大竜玉,1,0,2460
EXレイアグリーヴα,0,9,3,0,0,M4,130,168,2,0,-2,0,-3,体力回復量ＵＰ,2,毒耐性,1,雌火竜の真髄,1,,,,,雌火竜の重殻,2,雌火竜の厚翼膜,1,業炎袋,3,,,188,霊脈玉のかけら,1,いにしえの巨龍骨,1,0,2470
EXレイアグリーヴβ,0,9,4,0,0,M4,130,168,2,0,-2,0,-3,体力回復量ＵＰ,2,雌火竜の真髄,1,,,,,,,雌火竜の重殻,2,雌火竜の厚翼膜,1,業炎袋,3,,,188,霊脈玉のかけら,1,いにしえの巨龍骨,1,0,2480
EXリオハートグリーヴα,0,9,2,1,0,M6,132,170,3,0,-3,0,-4,整備,1,風圧耐性,1,雌火竜の真髄,1,,,,,桜火竜の重殻,3,桜火竜の厚鱗,2,雌火竜の厚翼膜,1,業炎袋,3,190,霊脈玉のかけら,1,いにしえの巨龍骨,1,0,2490
EXリオハートグリーヴβ,0,9,4,2,0,M6,132,170,3,0,-3,0,-4,整備,1,雌火竜の真髄,1,,,,,,,桜火竜の重殻,3,桜火竜の厚鱗,2,雌火竜の厚翼膜,1,業炎袋,3,190,霊脈玉のかけら,1,いにしえの巨龍骨,1,0,2500
EXウルムーグリーヴα,0,9,3,0,0,M4,130,168,-3,2,0,1,0,風圧耐性,2,スタミナ急速回復,1,,,,,,,浮空竜の厚毛皮,2,浮空竜の剛翼,2,ゴム質の重殻,3,,,188,霊脈玉のかけら,1,いにしえの巨龍骨,1,0,2510
EXウルムーグリーヴβ,0,9,4,1,0,M4,130,168,-3,2,0,1,0,風圧耐性,2,,,,,,,,,浮空竜の厚毛皮,2,浮空竜の剛翼,2,ゴム質の重殻,3,,,188,霊脈玉のかけら,1,いにしえの巨龍骨,1,0,2520
EXウルムメアグリーヴα,0,9,3,0,0,M4,132,170,-3,-3,2,1,1,睡眠耐性,2,広域化,1,,,,,,,浮眠竜の厚毛皮,2,浮眠竜の剛翼,2,ゴム質の重殻,1,,,190,霊脈玉のかけら,1,いにしえの巨龍骨,1,0,2530
EXウルムメアグリーヴβ,0,9,4,1,0,M4,132,170,-3,-3,2,1,1,睡眠耐性,2,,,,,,,,,浮眠竜の厚毛皮,2,浮眠竜の剛翼,2,ゴム質の重殻,1,,,190,霊脈玉のかけら,1,いにしえの巨龍骨,1,0,2540
EXバルキングリーヴα,0,9,2,0,0,M4,134,172,0,2,0,-1,-2,裂傷耐性,2,ガード性能,1,,,,,,,骨鎚竜の重殻,2,骨鎚竜の厚鱗,1,大竜骨塊,2,強竜骨,4,192,霊脈玉のかけら,1,いにしえの巨龍骨,1,0,2550
EXバルキングリーヴβ,0,9,4,1,0,M4,134,172,0,2,0,-1,-2,裂傷耐性,2,,,,,,,,,骨鎚竜の重殻,2,骨鎚竜の厚鱗,1,大竜骨塊,2,強竜骨,4,192,霊脈玉のかけら,1,いにしえの巨龍骨,1,0,2560
EXアーティアグリーヴα,0,10,1,1,0,,142,174,1,-2,-2,2,3,フルチャージ,2,スリンガー装填数ＵＰ,1,太古の神秘,1,,,,,太古の破片,2,強竜骨,2,メランジェ鉱石,3,瞬間凍結袋,4,194,霊脈玉,1,ピュアクリスタル,2,0,2570
EXアーティアグリーヴβ,0,10,4,0,0,,142,174,1,-2,-2,2,3,フルチャージ,2,太古の神秘,1,,,,,,,太古の破片,2,強竜骨,2,メランジェ鉱石,3,瞬間凍結袋,4,194,霊脈玉,1,ピュアクリスタル,2,0,2580
EXアークロックグリーヴα,0,10,1,1,0,,142,174,2,2,2,-1,-1,超会心,1,ボマー,2,調査団の錬金術,1,,,,,スチームチケット,2,強竜骨,3,エルトライト鉱石,5,いにしえの巨龍骨,1,194,霊脈玉,1,ピュアクリスタル,2,0,2590
EXアークロックグリーヴβ,0,10,4,0,0,,142,174,2,2,2,-1,-1,超会心,1,ボマー,1,調査団の錬金術,1,,,,,スチームチケット,2,強竜骨,3,エルトライト鉱石,5,いにしえの巨龍骨,1,194,霊脈玉,1,ピュアクリスタル,2,0,2600
EXインゴットグリーヴα,0,10,2,0,0,M6,136,168,-2,0,3,-1,0,防御,2,属性解放／装填拡張,1,,,,,,,メランジェ鉱石,2,重竜骨,1,グラシスメタル,3,,,188,霊脈玉,1,ピュアクリスタル,2,0,2610
EXインゴットグリーヴβ,0,10,4,0,0,M6,136,168,-2,0,3,-1,0,防御,1,属性解放／装填拡張,1,,,,,,,メランジェ鉱石,2,重竜骨,1,グラシスメタル,3,,,188,霊脈玉,1,ピュアクリスタル,2,0,2620
EXベリオグリーヴα,0,10,1,1,0,M6,138,170,-3,2,-2,3,0,体術,2,納刀術,1,氷牙竜の秘技,1,,,,,氷牙竜の厚毛皮,2,琥珀色の重牙,2,氷牙竜の剛爪,1,大竜玉,1,190,霊脈玉,1,ピュアクリスタル,2,0,2630
EXベリオグリーヴβ,0,10,4,1,0,M6,138,170,-3,2,-2,3,0,体術,1,納刀術,1,氷牙竜の秘技,1,,,,,氷牙竜の厚毛皮,2,琥珀色の重牙,2,氷牙竜の剛爪,1,大竜玉,1,190,霊脈玉,1,ピュアクリスタル,2,0,2640
EXレウスグリーヴα,0,10,3,0,0,M7,140,172,3,1,-2,1,-3,スリンガー装填数ＵＰ,2,攻撃,2,火竜の真髄,1,,,,,火竜の重殻,2,火竜の剛翼,1,火竜の剛翼爪,2,業炎袋,3,192,霊脈玉,1,ピュアクリスタル,2,0,2650
EXレウスグリーヴβ,0,10,4,0,0,M7,140,172,3,1,-2,1,-3,スリンガー装填数ＵＰ,2,攻撃,1,火竜の真髄,1,,,,,火竜の重殻,2,火竜の剛翼,1,火竜の剛翼爪,2,業炎袋,3,192,霊脈玉,1,ピュアクリスタル,2,0,2660
EXリオソウルグリーヴα,0,11,1,0,0,M13,148,172,3,2,2,-3,-4,超会心,1,風圧耐性,2,火竜の真髄,1,,,,,蒼火竜の重殻,3,蒼火竜の剛翼,1,蒼火竜の靭尾,1,火竜の天鱗,1,192,霊脈玉,1,大竜玉,1,0,2670
EXリオソウルグリーヴβ,0,11,4,0,0,M13,148,172,3,2,2,-3,-4,超会心,1,風圧耐性,1,火竜の真髄,1,,,,,蒼火竜の重殻,3,蒼火竜の剛翼,1,蒼火竜の靭尾,1,火竜の天鱗,1,192,霊脈玉,1,大竜玉,1,0,2680
EXディアブログリーヴα,0,10,1,1,0,M7,140,180,3,-2,0,-3,2,耐震,2,ＫＯ術,2,角竜の覇気,1,,,,,角竜の重甲,2,角竜の重殻,1,角竜の重尾甲,1,重竜骨,5,192,霊脈玉,1,ピュアクリスタル,2,0,2690
EXディアブログリーヴβ,0,10,4,1,0,M7,140,180,3,-2,0,-3,2,耐震,2,ＫＯ術,1,角竜の覇気,1,,,,,角竜の重甲,2,角竜の重殻,1,角竜の重尾甲,1,重竜骨,5,192,霊脈玉,1,ピュアクリスタル,2,0,2700
EXディアネログリーヴα,0,11,1,0,0,M13,148,172,2,-3,0,-4,2,逆恨み,2,ＫＯ術,1,角竜の覇気,1,,,,,黒角竜の重甲,3,黒角竜の重殻,2,角竜の重尾甲,1,大竜玉,1,192,霊脈玉,1,大竜玉,1,0,2710
EXディアネログリーヴβ,0,11,4,0,0,M13,148,172,2,-3,0,-4,2,逆恨み,2,角竜の覇気,1,,,,,,,黒角竜の重甲,3,黒角竜の重殻,2,角竜の重尾甲,1,大竜玉,1,192,霊脈玉,1,大竜玉,1,0,2720
EXギエナグリーヴα,0,10,3,0,0,M7,140,170,-1,2,-3,3,0,氷耐性,2,抜刀術【技】,1,風漂竜の覇気,1,,,,,風漂竜の厚皮,2,風漂竜の剛翼,1,風漂竜の重尾膜,1,翼膜の特上皮,3,192,霊脈玉,1,ピュアクリスタル,2,0,2730
EXギエナグリーヴβ,0,10,4,2,0,M7,140,170,-1,2,-3,3,0,氷耐性,2,風漂竜の覇気,1,,,,,,,風漂竜の厚皮,2,風漂竜の剛翼,1,風漂竜の重尾膜,1,翼膜の特上皮,3,192,霊脈玉,1,ピュアクリスタル,2,0,2740
EXブリーナグリーヴα,0,11,1,1,0,M12,146,170,-3,2,-1,3,0,ランナー,2,散弾・剛射強化,1,風漂竜の覇気,1,,,,,氷霜をまとう皮,3,風漂竜の厚鱗,2,漆黒の氷刃爪,2,凍てついた氷骨,3,190,霊脈玉,1,ピュアクリスタル,2,0,2750
EXブリーナグリーヴβ,0,11,4,2,0,M12,146,170,-3,2,-1,3,0,ランナー,2,風漂竜の覇気,1,,,,,,,氷霜をまとう皮,3,風漂竜の厚鱗,2,漆黒の氷刃爪,2,凍てついた氷骨,3,190,霊脈玉,1,ピュアクリスタル,2,0,2760
EXガロングリーヴα,0,10,1,0,0,M7,140,172,2,2,-2,-3,0,納刀術,2,見切り,1,惨爪竜の真髄,1,,,,,惨爪竜の強硬筋,2,惨爪竜の剛爪,2,惨爪竜の靭尾,1,いにしえの巨龍骨,1,192,霊脈玉,1,ピュアクリスタル,2,0,2770
EXガロングリーヴβ,0,10,4,0,0,M7,140,172,2,2,-2,-3,0,納刀術,1,見切り,1,惨爪竜の真髄,1,,,,,惨爪竜の強硬筋,2,惨爪竜の剛爪,2,惨爪竜の靭尾,1,いにしえの巨龍骨,1,192,霊脈玉,1,ピュアクリスタル,2,0,2780
EXデスガロングリーヴα,0,11,1,1,0,M14,148,172,-2,-3,-2,-2,4,整備,2,強化持続,1,惨爪竜の真髄,1,,,,,兇爪竜の強硬筋,3,兇爪竜の厚鱗,2,兇爪竜の靭尾,1,強靭な爪,3,192,霊脈玉,1,大竜玉,1,0,2790
EXデスガロングリーヴβ,0,11,4,1,1,M14,148,172,-2,-3,-2,-2,4,整備,2,惨爪竜の真髄,1,,,,,,,兇爪竜の強硬筋,3,兇爪竜の厚鱗,2,兇爪竜の靭尾,1,強靭な爪,3,192,霊脈玉,1,大竜玉,1,0,2800
EXラヴァグリーヴα,0,10,2,0,0,M7,140,172,3,-3,1,-2,2,散弾・剛射強化,1,火属性攻撃強化,2,,,,,,,溶岩竜の重殻,2,溶岩竜の厚鱗,2,溶岩竜の特上ヒレ,1,エルトライト鉱石,8,192,霊脈玉,1,ピュアクリスタル,2,0,2810
EXラヴァグリーヴβ,0,10,4,1,0,M7,140,172,3,-3,1,-2,2,散弾・剛射強化,1,火属性攻撃強化,1,,,,,,,溶岩竜の重殻,2,溶岩竜の厚鱗,2,溶岩竜の特上ヒレ,1,エルトライト鉱石,8,192,霊脈玉,1,ピュアクリスタル,2,0,2820
EXガンキングリーヴα,0,10,1,0,0,M7,144,176,4,-3,1,-2,-2,ガード性能,2,攻めの守勢,1,爆鎚竜の覇気,1,,,,,爆鎚竜の重殻,2,爆鎚竜の厚鱗,1,爆鎚竜の延髄,1,頑強な重骨,5,196,霊脈玉,1,ピュアクリスタル,2,0,2830
EXガンキングリーヴβ,0,10,4,1,0,M7,144,176,4,-3,1,-2,-2,ガード性能,2,爆鎚竜の覇気,1,,,,,,,爆鎚竜の重殻,2,爆鎚竜の厚鱗,1,爆鎚竜の延髄,1,頑強な重骨,5,196,霊脈玉,1,ピュアクリスタル,2,0,2840
EXナルガグリーヴα,0,10,1,1,0,M7,140,172,-2,2,-3,0,0,回避性能,1,フルチャージ,1,迅竜の真髄,1,,,,,迅竜の豪黒毛,2,迅竜の厚鱗,2,迅竜の剛刃翼,1,ランゴスタの斬羽,3,192,霊脈玉,1,ピュアクリスタル,2,0,2850
EXナルガグリーヴβ,0,10,4,1,0,M7,140,172,-2,2,-3,0,0,回避性能,1,迅竜の真髄,1,,,,,,,迅竜の豪黒毛,2,迅竜の厚鱗,2,迅竜の剛刃翼,1,ランゴスタの斬羽,3,192,霊脈玉,1,ピュアクリスタル,2,0,2860
EXディノグリーヴα,0,10,2,0,0,M7,142,174,3,-3,1,-1,-1,匠,2,熱ダメージ無効,1,斬竜の真髄,1,,,,,斬竜の重殻,2,斬竜の厚鱗,1,斬竜の獄炎状殻,2,赤熱した溶炉嚢,2,194,霊脈玉,1,ピュアクリスタル,2,0,2870
EXディノグリーヴβ,0,10,4,0,0,M7,142,174,3,-3,1,-1,-1,匠,2,斬竜の真髄,1,,,,,,,斬竜の重殻,2,斬竜の厚鱗,1,斬竜の獄炎状殻,2,赤熱した溶炉嚢,2,194,霊脈玉,1,ピュアクリスタル,2,0,2880
EXディノイエログリーヴα,0,11,1,0,0,M14,150,174,-3,2,-1,2,-1,渾身,2,スタミナ急速回復,1,斬竜の真髄,1,,,,,硫斬竜の重殻,3,硫斬竜の剣山状殻,3,硫斬竜の断剣尾,1,大竜玉,1,194,霊脈玉,1,大竜玉,1,0,2890
EXディノイエログリーヴβ,0,11,4,2,0,M14,150,174,-3,2,-1,2,-1,渾身,1,斬竜の真髄,1,,,,,,,硫斬竜の重殻,3,硫斬竜の剣山状殻,3,硫斬竜の断剣尾,1,大竜玉,1,194,霊脈玉,1,大竜玉,1,0,2900
EXブラキグリーヴα,0,10,2,0,0,M9,142,174,3,-2,1,-3,1,挑戦者,2,砲術,2,砕竜の真髄,1,,,,,砕竜の重黒曜甲,2,砕竜の重殻,1,砕竜の剛鉄拳,2,バルノスの剛爪,4,194,霊脈玉,1,ピュアクリスタル,2,0,2910
EXブラキグリーヴβ,0,10,4,0,0,M9,142,174,3,-2,1,-3,1,挑戦者,2,砲術,1,砕竜の真髄,1,,,,,砕竜の重黒曜甲,2,砕竜の重殻,1,砕竜の剛鉄拳,2,バルノスの剛爪,4,194,霊脈玉,1,ピュアクリスタル,2,0,2920
EXレックスグリーヴα,0,10,3,1,0,M9,142,174,2,0,-3,0,-2,早食い,1,満足感,1,轟竜の真髄,1,,,,,轟竜の重殻,2,轟竜の厚鱗,2,轟竜の剛爪,1,重竜骨,3,194,霊脈玉,1,ピュアクリスタル,2,0,2930
EXレックスグリーヴβ,0,10,4,2,0,M9,142,174,2,0,-3,0,-2,早食い,1,轟竜の真髄,1,,,,,,,轟竜の重殻,2,轟竜の厚鱗,2,轟竜の剛爪,1,重竜骨,3,194,霊脈玉,1,ピュアクリスタル,2,0,2940
EXレックスロアグリーヴα,0,11,1,0,0,M70,156,182,3,-4,-2,0,0,挑戦者,3,弱点特効,1,轟竜の真髄,1,,,,,黒轟竜の重殻,3,黒轟竜の重牙,2,黒轟竜の剛爪,2,轟竜の天鱗,1,200,霊脈玉,1,大竜玉,1,0,2950
EXレックスロアグリーヴβ,0,11,4,0,0,M70,156,182,3,-4,-2,0,0,挑戦者,2,弱点特効,1,轟竜の真髄,1,,,,,黒轟竜の重殻,3,黒轟竜の重牙,2,黒轟竜の剛爪,2,轟竜の天鱗,1,200,霊脈玉,1,大竜玉,1,0,2960
EXクロオビグリーヴα,0,11,2,2,0,,150,174,1,1,1,1,2,広域化,2,体力回復量ＵＰ,1,教官の導き,1,,,,,クロオビコイン,2,ディノコイン,3,カンタロスの斬羽,3,,,194,霊脈玉,1,大竜玉,1,0,2970
EXクロオビグリーヴβ,0,11,4,2,0,,150,174,1,1,1,1,2,広域化,2,教官の導き,1,,,,,,,クロオビコイン,2,ディノコイン,3,カンタロスの斬羽,3,,,194,霊脈玉,1,大竜玉,1,0,2980
EXドーベルグリーヴα,0,11,2,0,0,M17,152,176,-2,0,-1,-1,4,攻撃,2,キノコ大好き,2,,,,,,,太古龍骨,2,頑強な重骨,3,骨鎚竜の重油殻,1,重竜骨,4,196,霊脈玉,1,大竜玉,1,0,2990
EXドーベルグリーヴβ,0,11,4,2,0,M17,152,176,-2,0,-1,-1,4,攻撃,1,キノコ大好き,1,,,,,,,太古龍骨,2,頑強な重骨,3,骨鎚竜の重油殻,1,重竜骨,4,196,霊脈玉,1,大竜玉,1,0,3000
EXダマスクグリーヴα,0,11,2,1,0,M17,152,176,4,-2,0,0,0,防御,2,ガード性能,2,,,,,,,古龍の浄血,2,メランジェ鉱石,3,毒妖鳥の剛翼,1,霊脈の結晶,1,196,霊脈玉,1,大竜玉,1,0,3010
EXダマスクグリーヴβ,0,11,4,2,0,M17,152,176,4,-2,0,0,0,防御,2,ガード性能,1,,,,,,,古龍の浄血,2,メランジェ鉱石,3,毒妖鳥の剛翼,1,霊脈の結晶,1,196,霊脈玉,1,大竜玉,1,0,3020
EXプライドグリーヴα,0,11,3,0,0,M18,154,178,3,1,-2,-4,-2,耳栓,2,ジャンプ鉄人,1,爆鱗竜の覇気,1,,,,,紅蓮にゆれる銀殻,3,爆鱗竜の厚鱗,2,天を焦がす銀翼,2,轟竜の天鱗,1,198,霊脈玉,1,大竜玉,1,0,3030
EXプライドグリーヴβ,0,11,4,2,0,M18,154,178,3,1,-2,-4,-2,耳栓,1,ジャンプ鉄人,1,爆鱗竜の覇気,1,,,,,紅蓮にゆれる銀殻,3,爆鱗竜の厚鱗,2,天を焦がす銀翼,2,轟竜の天鱗,1,196,霊脈玉,1,大竜玉,1,0,3040
EXグリードグリーヴα,0,11,2,2,0,M21,156,180,2,1,-3,1,-3,早食い,2,スタミナ奪取,1,恐暴竜の真髄,1,,,,,恐暴竜の厚黒皮,3,恐暴竜の厚黒鱗,2,恐暴竜の剛鉤爪,1,いにしえの巨龍骨,1,200,霊脈玉,1,大竜玉,1,0,3050
EXグリードグリーヴβ,0,11,4,2,0,M21,156,180,2,1,-3,1,-3,早食い,1,スタミナ奪取,1,恐暴竜の真髄,1,,,,,恐暴竜の厚黒皮,3,恐暴竜の厚黒鱗,2,恐暴竜の剛鉤爪,1,いにしえの巨龍骨,1,200,霊脈玉,1,大竜玉,1,0,3060
EXラヴィーナグリーヴα,0,12,1,1,0,M17,154,178,-3,2,-1,4,-1,抜刀術【技】,2,災禍転福,1,冰龍の神秘,1,,,,,冰龍の重殻,3,冰龍の厚龍鱗,3,冰龍の靭尾,1,惨爪竜の天鱗,1,192,大霊脈玉,1,古龍の浄血,2,0,3070
EXラヴィーナグリーヴβ,0,12,4,1,0,M17,154,178,-3,2,-1,4,-1,抜刀術【技】,2,冰龍の神秘,1,,,,,,,冰龍の重殻,3,冰龍の厚龍鱗,3,冰龍の靭尾,1,惨爪竜の天鱗,1,192,大霊脈玉,1,古龍の浄血,2,0,3080
EXヴァルファーグリーヴα,0,12,3,2,0,M19,156,180,-2,4,1,1,-3,瘴気耐性,2,龍属性攻撃強化,2,屍套龍の霊脈,1,,,,,屍套龍の重殻,3,死屍の厚龍鱗,3,屍套龍の重尾,1,死屍を紡いだ被膜,2,194,大霊脈玉,1,古龍の浄血,2,0,3090
EXヴァルファーグリーヴβ,0,12,4,3,0,M19,156,180,-2,4,1,1,-3,瘴気耐性,2,屍套龍の霊脈,1,,,,,,,屍套龍の重殻,3,死屍の厚龍鱗,3,屍套龍の重尾,1,死屍を紡いだ被膜,2,194,大霊脈玉,1,古龍の浄血,2,0,3100
EXカイザーグリーヴα,0,12,2,0,0,M19,156,180,3,-3,1,-3,1,力の解放,2,爆破属性強化,2,炎王龍の武技,1,,,,,炎王龍の重殻,3,炎王龍の剛爪,2,炎王龍の剛翼,2,蛮顎竜の天鱗,1,194,大霊脈玉,1,古龍の浄血,2,0,3110
EXカイザーグリーヴβ,0,12,4,0,0,M19,156,180,3,-3,1,-3,1,力の解放,2,爆破属性強化,1,炎王龍の武技,1,,,,,炎王龍の重殻,3,炎王龍の剛爪,2,炎王龍の剛翼,2,蛮顎竜の天鱗,1,194,大霊脈玉,1,古龍の浄血,2,0,3120
EXクシャナペイルα,0,12,1,0,0,M19,156,180,0,2,-3,4,-2,回避距離ＵＰ,2,匠,2,鋼龍の飛翔,1,,,,,鋼龍の重殻,4,鋼龍の剛爪,3,鋼龍の靭尾,1,迅竜の天鱗,1,194,大霊脈玉,1,古龍の浄血,2,0,3130
EXクシャナペイルβ,0,12,4,3,0,M19,156,180,0,2,-3,4,-2,回避距離ＵＰ,2,鋼龍の飛翔,1,,,,,,,鋼龍の重殻,4,鋼龍の剛爪,3,鋼龍の靭尾,1,迅竜の天鱗,1,194,大霊脈玉,1,古龍の浄血,2,0,3140
EXキリンレガースα,0,12,1,0,0,M19,154,172,-3,-2,4,-2,2,属性解放／装填拡張,2,見切り,2,幻獣の神秘,1,,,,,幻獣の銀たてがみ,3,幻獣の剛雷角,2,幻獣の靭雷尾,2,古龍の大宝玉,1,192,大霊脈玉,1,古龍の浄血,2,0,3150
EXキリンレガースβ,0,12,4,0,0,M19,154,172,-3,-2,4,-2,2,属性解放／装填拡張,2,幻獣の神秘,1,,,,,,,幻獣の銀たてがみ,3,幻獣の剛雷角,2,幻獣の靭雷尾,2,古龍の大宝玉,1,192,大霊脈玉,1,古龍の浄血,2,0,3160
EXテンタクルグリーヴα,0,12,2,1,0,M20,158,176,-3,4,3,0,-2,スタミナ急速回復,2,属性やられ耐性,1,溟龍の神秘,1,,,,,溟龍の特上皮,2,溟龍の剛翼,2,古龍の浄血,3,雌火竜の天鱗,1,196,大霊脈玉,1,古龍の浄血,2,0,3170
EXテンタクルグリーヴβ,0,12,4,2,0,M20,158,176,-3,4,3,0,-2,スタミナ急速回復,2,溟龍の神秘,1,,,,,,,溟龍の特上皮,2,溟龍の剛翼,2,古龍の浄血,3,雌火竜の天鱗,1,196,大霊脈玉,1,古龍の浄血,2,0,3180
EXギルドパレスグリーヴα,0,11,2,0,0,M70,154,178,1,2,2,1,1,火事場力,3,体力増強,1,ギルドの見識,1,,,,,英雄王のコイン,1,レックスコイン,3,クロオビコイン,2,死屍の厚龍鱗,4,194,霊脈玉,1,大竜玉,1,0,3190
EXギルドパレスグリーヴβ,0,11,4,1,0,M70,154,178,1,2,2,1,1,火事場力,2,体力増強,1,ギルドの見識,1,,,,,英雄王のコイン,1,レックスコイン,3,クロオビコイン,2,死屍の厚龍鱗,4,194,霊脈玉,1,大竜玉,1,0,3200
EXアンガルダグリーヴα,0,12,1,1,1,M23,162,180,0,-2,3,-3,0,破壊王,2,防御,2,地啼龍の神秘,1,,,,,地啼龍の厳岩殻,4,地啼龍の慈鱗,2,地啼龍の散華石,3,幻鳥竜玉,1,200,大霊脈玉,1,古龍の浄血,2,0,3210
EXアンガルダグリーヴβ,0,12,4,2,1,M23,162,180,0,-2,3,-3,0,破壊王,1,防御,1,地啼龍の神秘,1,,,,,地啼龍の厳岩殻,4,地啼龍の慈鱗,2,地啼龍の散華石,3,幻鳥竜玉,1,200,大霊脈玉,1,古龍の浄血,2,0,3220
EXゾラマグナフットα,0,12,3,1,0,M24,160,178,4,-3,-1,-2,-3,耳栓,1,匠,1,熔山龍の真髄,1,,,,,龍脈の強竜骨,2,ゆがんだ結晶,3,異形の狂骨,3,覇王の証,1,198,大霊脈玉,1,古龍の浄血,2,0,3230
EXゾラマグナフットβ,0,12,4,3,0,M24,160,178,4,-3,-1,-2,-3,耳栓,1,熔山龍の真髄,1,,,,,,,龍脈の強竜骨,2,ゆがんだ結晶,3,異形の狂骨,3,覇王の証,1,198,大霊脈玉,1,古龍の浄血,2,0,3240
EXガルルガグリーヴα,0,11,3,3,0,M24,154,178,2,-3,2,-2,-2,見切り,2,貫通弾・竜の一矢強化,1,,,,,,,黒狼鳥の重殻,2,黒狼鳥の厚鱗,2,黒狼鳥の銀狼毛,3,龍脈の強竜骨,5,198,霊脈玉,1,大竜玉,1,0,3250
EXガルルガグリーヴβ,0,11,4,2,2,M24,154,178,2,-3,2,-2,-2,見切り,2,,,,,,,,,黒狼鳥の重殻,2,黒狼鳥の厚鱗,2,黒狼鳥の銀狼毛,3,龍脈の強竜骨,5,198,霊脈玉,1,大竜玉,1,0,3260
EXジンオウグリーヴα,0,11,1,0,0,M24,158,182,-1,-1,4,-4,1,雷属性攻撃強化,3,力の解放,2,雷狼竜の真髄,1,,,,,雷狼竜の雷電毛,3,雷狼竜の剛爪,2,雷狼竜の雷電殻,3,超電雷光虫,3,202,霊脈玉,1,大竜玉,1,0,3270
EXジンオウグリーヴβ,0,11,4,1,0,M24,158,182,-1,-1,4,-4,1,雷属性攻撃強化,1,力の解放,2,雷狼竜の真髄,1,,,,,雷狼竜の雷電毛,3,雷狼竜の剛爪,2,雷狼竜の雷電殻,3,超電雷光虫,3,202,霊脈玉,1,大竜玉,1,0,3280
EXギルドワークフットα,0,12,2,1,0,M24,162,180,2,1,1,2,2,ひるみ軽減,2,地質学,1,ギルドの見識,1,,,,,調査団チケットG,1,凍てついた氷骨,3,龍脈の強竜骨,5,覇王の証,1,200,大霊脈玉,1,古龍の浄血,2,0,3290
EXギルドワークフットβ,0,12,4,1,0,M24,162,180,2,1,1,2,2,ひるみ軽減,2,ギルドの見識,1,,,,,,,調査団チケットG,1,凍てついた氷骨,3,龍脈の強竜骨,5,覇王の証,1,200,大霊脈玉,1,古龍の浄血,2,0,3300
EXゴールドルナグリーヴα,0,12,1,0,0,M70,162,180,3,-2,-4,0,4,弱点特効,2,散弾・剛射強化,1,金火竜の真髄,1,,,,,金火竜の重殻,4,金火竜の厚鱗,2,火竜の煌液,3,導きの龍骨【荒地】,1,200,大霊脈玉,1,古龍の浄血,2,0,3310
EXゴールドルナグリーヴβ,0,12,4,0,0,M70,162,180,3,-2,-4,0,4,弱点特効,2,金火竜の真髄,1,,,,,,,金火竜の重殻,6,金火竜の厚鱗,2,火竜の煌液,3,導きの龍骨【荒地】,1,200,大霊脈玉,1,古龍の浄血,2,0,3320
EXシルバーソルグリーヴα,0,12,3,2,0,M70,162,180,4,-3,-2,-2,3,スリンガー装填数ＵＰ,2,火属性攻撃強化,2,銀火竜の真髄,1,,,,,銀火竜の重殻,6,銀火竜の厚鱗,3,銀火竜の靭尾,1,大竜玉,1,200,大霊脈玉,1,古龍の浄血,2,0,3330
EXシルバーソルグリーヴβ,0,12,4,2,1,M70,162,180,4,-3,-2,-2,3,スリンガー装填数ＵＰ,2,銀火竜の真髄,1,,,,,,,銀火竜の重殻,6,銀火竜の厚鱗,3,銀火竜の靭尾,1,大竜玉,1,200,大霊脈玉,1,古龍の浄血,2,0,3340
EXエンプレスグリーヴα,0,12,3,1,0,M50,164,182,3,1,1,-3,-2,広域化,3,整備,1,炎妃龍の真髄,1,,,,,炎妃龍の重殻,3,炎妃龍の厚鱗,3,炎妃龍の剛翼,2,龍脈に鍛えられし岩骨,3,202,大霊脈玉,1,古龍の浄血,2,0,3350
EXエンプレスグリーヴβ,0,12,4,2,0,M50,164,182,3,1,1,-3,-2,広域化,2,整備,1,炎妃龍の真髄,1,,,,,炎妃龍の重殻,3,炎妃龍の厚鱗,3,炎妃龍の剛翼,2,龍脈に鍛えられし岩骨,3,202,大霊脈玉,1,古龍の浄血,2,0,3360
EXゾークグリーヴα,0,12,2,0,0,M100,166,184,1,1,-3,1,-3,耳栓,2,挑戦者,1,滅尽龍の覇気,1,,,,,滅尽龍の重殻,3,不滅の厚龍鱗,2,無窮の新生殻,2,爆鱗竜の天鱗,1,204,大霊脈玉,1,古龍の浄血,2,0,3370
EXゾークグリーヴβ,0,12,4,1,0,M100,166,184,1,1,-3,1,-3,耳栓,2,滅尽龍の覇気,1,,,,,,,滅尽龍の重殻,3,不滅の厚龍鱗,2,無窮の新生殻,2,爆鱗竜の天鱗,1,204,大霊脈玉,1,古龍の浄血,2,0,3380
EX金色ノ袴α,0,11,2,2,0,M24,158,182,2,0,3,-5,2,逆恨み,2,攻撃,2,金獅子の怒気,1,,,,,金獅子の黒荒毛,4,金獅子の剛爪,2,金獅子の尻尾,1,強竜骨,1,202,霊脈玉,1,大竜玉,1,0,3390
EX金色ノ袴β,0,11,4,2,0,M24,158,182,2,0,3,-5,2,逆恨み,2,攻撃,1,金獅子の怒気,1,,,,,金獅子の黒荒毛,4,金獅子の剛爪,2,金獅子の尻尾,1,強竜骨,1,202,霊脈玉,1,大竜玉,1,0,3400
EX斉天ノ具足α,0,12,2,2,0,M24,170,188,2,0,3,-5,2,体力増強,3,火事場力,2,金獅子の闘志,1,,,,,金獅子の怒髪天,2,羅刹の金剛角,1,黄金の煌毛,3,大竜玉,1,208,大霊脈玉,1,古龍の浄血,2,0,3410
EX斉天ノ具足β,0,12,4,4,0,M24,170,188,2,0,3,-5,2,体力増強,3,金獅子の闘志,1,,,,,,,金獅子の怒髪天,2,羅刹の金剛角,1,黄金の煌毛,3,大竜玉,1,208,大霊脈玉,1,古龍の浄血,2,0,3420
EXゴクオウグリーヴα,0,11,1,1,0,M24,160,184,2,-4,-5,0,4,集中,2,龍封力強化,1,雷狼竜の真髄,1,,,,,獄狼竜の滅龍毛,3,獄狼竜の重殻,2,獄狼竜の剛爪,1,氷雪の結晶,3,204,霊脈玉,1,大竜玉,1,0,3430
EXゴクオウグリーヴβ,0,11,4,1,0,M24,160,184,2,-4,-5,0,4,集中,2,雷狼竜の真髄,1,,,,,,,獄狼竜の滅龍毛,3,獄狼竜の重殻,2,獄狼竜の剛爪,1,氷雪の結晶,3,204,霊脈玉,1,大竜玉,1,0,3440
EX龍紋ヲ刻マレシ封靴α,0,12,3,2,1,M24,168,186,2,1,1,1,-1,超会心,1,渾身,1,赤龍の封印,1,,,,,赤龍の重殻,7,赤龍の剛翼,4,赤龍の重尾,3,古龍の大宝玉,1,206,大霊脈玉,1,古龍の浄血,2,0,3450
EX龍紋ヲ刻マレシ封靴β,0,12,4,2,1,M24,168,186,2,1,1,1,-1,超会心,1,赤龍の封印,1,,,,,,,赤龍の重殻,7,赤龍の剛翼,4,赤龍の重尾,3,古龍の大宝玉,1,206,大霊脈玉,1,古龍の浄血,2,0,3460
EXブラキウムグリーヴα,0,12,3,1,0,M24,170,188,3,-2,1,-3,1,弱点特効,2,砥石使用高速化,3,砕竜の闘志,1,,,,,不壊の黒曜甲,2,砕竜の弾頭殻,2,臨界極まる粘菌,3,不滅の炉心殻,1,208,大霊脈玉,1,古龍の浄血,2,0,3470
EXブラキウムグリーヴβ,0,12,4,1,1,M24,170,188,3,-2,1,-3,1,弱点特効,2,砕竜の闘志,1,,,,,,,不壊の黒曜甲,2,砕竜の弾頭殻,2,臨界極まる粘菌,3,不滅の炉心殻,1,208,大霊脈玉,1,古龍の浄血,2,0,3480
EXオルムンググリーヴα,0,11,1,1,0,M24,162,186,-3,2,-2,3,0,攻撃,1,ＫＯ術,3,氷牙竜の絶技,1,,,,,氷牙竜チケット,1,銀雪を冠した毛皮,2,白銀の氷河牙,2,大竜玉,1,206,霊脈玉,1,大竜玉,1,0,3490
EXオルムンググリーヴβ,0,11,4,4,0,M24,162,186,-3,2,-2,3,0,攻撃,1,氷牙竜の絶技,1,,,,,,,氷牙竜チケット,1,銀雪を冠した毛皮,2,白銀の氷河牙,2,大竜玉,1,206,霊脈玉,1,大竜玉,1,0,3500
EXエスカドラスケルα,0,12,2,2,2,M24,160,178,3,0,0,3,2,防御,3,龍属性攻撃強化,4,煌黒龍の神秘,1,,,,,煌黒龍の天殻,3,煌黒龍の天鱗,2,煌黒龍の妖尾,1,古龍の大宝玉,1,198,大霊脈玉,1,古龍の浄血,2,0,3510
EXエスカドラスケルβ,0,12,4,4,2,M24,160,178,3,0,0,3,2,防御,3,煌黒龍の神秘,1,,,,,,,煌黒龍の天殻,3,煌黒龍の天鱗,2,煌黒龍の妖尾,1,古龍の大宝玉,1,198,大霊脈玉,1,古龍の浄血,2,0,3520
EXドラゴンフットα,0,12,4,4,0,M24,180,198,-1,2,2,0,-4,回避性能,1,匠,2,黒龍の伝説,1,,,,,黒龍の重殻,4,黒龍の厚鱗,4,黒龍の剛翼,2,古龍の大宝玉,1,218,大霊脈玉,1,古龍の浄血,2,0,3530
EXドラゴンフットβ,0,12,4,4,4,M24,180,198,-1,2,2,0,-4,回避性能,1,黒龍の伝説,1,,,,,,,黒龍の重殻,4,黒龍の厚鱗,4,黒龍の剛翼,2,古龍の大宝玉,1,218,大霊脈玉,1,古龍の浄血,2,0,3540
EXマムガイラグリーヴα,0,12,2,1,1,M24,176,194,4,-2,3,-2,-4,超会心,2,フルチャージ,1,爛輝龍の真髄,1,,,,,爛輝龍の重金殻,3,爛輝龍の重金尾殻,3,爛輝龍の重金巻角,4,金色の龍神玉,1,214,大霊脈玉,1,古龍の浄血,2,0,3550
EXマムガイラグリーヴβ,0,12,4,1,1,M24,176,194,4,-2,3,-2,-4,超会心,2,爛輝龍の真髄,1,,,,,,,爛輝龍の重金殻,3,爛輝龍の重金尾殻,3,爛輝龍の重金巻角,4,金色の龍神玉,1,214,大霊脈玉,1,古龍の浄血,2,0,3560
EXテンタクルグリーヴγ,0,12,4,0,0,M100,176,194,-3,4,3,0,-2,体術,4,雷属性攻撃強化,2,溟龍の神秘,1,,,,,溟龍チケット,1,溟龍の特上皮,5,溟龍の幻曜ヒゲ,3,古龍の大宝玉,1,214,大霊脈玉,1,古龍の浄血,2,0,3570
EXラヴィーナグリーヴγ,0,12,4,2,0,M100,180,198,-3,2,-1,4,-1,フルチャージ,3,納刀術,2,冰龍の神秘,1,,,,,冰龍チケット,1,冰龍の重殻,5,氷晶の厚龍鱗,8,古龍の大宝玉,1,218,大霊脈玉,1,古龍の浄血,2,0,3580
EXウーロンフットα,0,9,4,2,0,M1,120,158,1,1,1,4,1,体力増強,2,万福の祝福,1,,,,,,,万福チケット,1,霊脈の結晶,2,,,,,178,霊脈玉のかけら,1,いにしえの巨龍骨,1,0,3590
EXアストラタイツα,0,9,1,0,0,M1,140,178,2,2,2,2,2,弱点特効,2,大感謝の祝福,1,,,,,,,大感謝チケット,1,ピュアクリスタル,1,強竜骨,1,,,198,霊脈玉のかけら,1,いにしえの巨龍骨,1,0,3600
EXローゼブーツα,0,10,4,1,0,M9,150,182,4,1,1,1,1,破壊王,2,満開の祝福,1,,,,,,,満開チケット,1,重竜骨,1,,,,,202,霊脈玉,1,ピュアクリスタル,2,0,3610
EXパッションフットα,0,10,1,1,0,M12,156,188,1,4,1,1,1,地質学,3,情熱の祝福,1,,,,,,,情熱チケット,1,剛竜骨,1,,,,,208,霊脈玉,1,ピュアクリスタル,2,0,3620
EX魔界ノ主【黒靴】α,0,11,4,　0,0,M11,162,186,1,1,4,1,1,攻めの守勢,3,ホラーナイトの祝福,1,,,,,,,ホラーナイトチケット,1,太古龍骨,1,死屍の厚龍鱗,1,,,206,霊脈玉,1,大竜玉,1,0,3630
EX蒼世ノ侍【履物】α,0,12,4,1,0,M18,170,188,2,2,0,0,3,体術,2,弱点特効,1,銀火竜の真髄,1,,,,,蒼世の大宝玉,1,銀雪を冠した毛皮,2,冰龍の剛翼,1,大竜玉,1,208,大霊脈玉,1,古龍の浄血,2,0,3640
EXバヌークグリーヴα,0,12,4,2,2,M24,160,178,2,0,2,2,2,スタミナ急速回復,1,死中に活,1,蛮顎竜の覇気,1,,,,,デーモンチケット,1,恐暴竜の厚黒皮,2,恐暴竜の厚黒鱗,1,グラシスメタル,3,198,大霊脈玉,1,古龍の浄血,2,0,3650
EXマッスルレッグα,0,11,4,0,0,M24,154,178,2,-1,0,-1,-3,攻撃,3,火事場力,2,,,,,,,マッスルチケット,1,金獅子の重牙,3,黄金の煌毛,1,,,198,霊脈玉,1,大竜玉,1,0,3660
EXアルテミスグリーヴα,0,11,4,0,0,M1,140,164,2,2,1,1,2,気絶耐性,3,毒耐性,2,New World,1,,,,,チョコレート,1,,,,,,,184,霊脈玉,1,大竜玉,1,0,3710
EXレオンレッグα,0,12,3,2,0,M20,150,168,3,2,2,3,0,挑戦者,1,散弾・剛射強化,1,サバイバー,1,,,,,※ワンセット,0,,,,,,,188,大霊脈玉,1,古龍の浄血,2,1,3740
EXクレアレッグα,0,12,4,3,1,M20,150,168,3,2,2,3,0,スタミナ急速回復,1,通常弾・通常矢強化,1,サバイバー,1,,,,,※ワンセット,0,,,,,,,188,大霊脈玉,1,古龍の浄血,2,1,3750
EXシールドウィーバー・脚,0,12,2,1,0,M24,132,150,-1,-1,3,-1,2,弱点特効,2,動力源,1,,,,,,,※ワンセット,0,,,,,,,170,大霊脈玉,1,古龍の浄血,2,1,3760