#名前,"性別(0=両,1=男,2=女)",レア度,スロット1,スロット2,スロット3,入手時期,初期防御力,最終防御力,火耐性,水耐性,雷耐性,氷耐性,龍耐性,スキル系統1,スキル値1,スキル系統2,スキル値2,スキル系統3,スキル値3,スキル系統4,スキル値4,スキル系統5,スキル値5,生産素材1,個数,生産素材2,個数,生産素材3,個数,生産素材4,個数,カスタム強化防御力,カスタム強化素材1,個数1,カスタム強化素材2,個数2,ワンセット防具,仮番号
レザーベルト,0,1,0,0,0,1,2,38,2,0,0,0,0,,,,,,,,,,,鉄鉱石,1,,,,,,,68,龍脈石のかけら,1,ユニオン鉱石,3,0,10
チェーンベルト,0,1,0,0,0,1,2,38,0,2,0,0,0,,,,,,,,,,,鉄鉱石,1,,,,,,,68,龍脈石のかけら,1,ユニオン鉱石,3,0,20
ハンターコイル,0,1,0,0,0,1,6,42,2,2,0,0,0,追跡の達人,1,,,,,,,,,ジャグラスの皮,1,竜骨【小】,1,,,,,72,龍脈石のかけら,1,ユニオン鉱石,3,0,30
ボーンコイル,0,1,0,0,0,1,6,42,2,0,2,0,2,笛吹き名人,1,,,,,,,,,竜骨【小】,1,ケストドンの甲殻,1,,,,,72,龍脈石のかけら,1,ユニオン鉱石,3,0,40
ランゴコイル,0,1,0,0,0,3,8,44,-2,1,1,1,2,麻痺耐性,1,,,,,,,,,ランゴスタの甲殻,1,鉄鉱石,4,,,,,74,龍脈石のかけら,1,ユニオン鉱石,3,0,50
ジャグラスコイル,0,1,0,0,0,2,8,44,-2,2,-1,-1,1,不屈,1,,,,,,,,,賊竜の皮,1,賊竜のたてがみ,1,賊竜の鱗,2,とがった爪,2,74,龍脈石のかけら,1,ユニオン鉱石,3,0,80
クルルコイル,0,1,0,0,0,2,10,46,0,-3,0,1,0,アイテム使用強化,1,,,,,,,,,掻鳥の皮,2,掻鳥のクチバシ,1,翼竜の皮,2,,,76,龍脈石のかけら,1,ユニオン鉱石,3,0,90
アロイコイル,0,2,0,0,0,3,8,40,-2,1,-2,-2,1,毒耐性,1,,,,,,,,,マカライト鉱石,4,鉄鉱石,4,大地の結晶,2,,,66,龍脈石のかけら,1,ユニオン鉱石,3,0,100
プケプケコイル,0,2,0,0,0,2,12,44,0,3,-3,0,1,毒属性強化,1,,,,,,,,,毒妖鳥の甲殻,3,毒妖鳥の尻尾,1,毒妖鳥の喉袋,1,毒袋,1,70,龍脈石のかけら,1,ユニオン鉱石,3,0,110
ボロスコイル,0,2,0,0,0,3,14,38,-3,-1,3,-1,0,泥耐性,1,,,,,,,,,土砂竜の甲殻,2,土砂竜の背甲,1,肥沃なドロ,2,,,72,龍脈石のかけら,1,ユニオン鉱石,3,0,120
ジュラコイル,0,2,0,0,0,3,14,46,-1,2,-3,0,0,氷耐性,1,,,,,,,,,泥魚竜の鱗,2,泥魚竜の甲殻,1,水袋,1,,,72,龍脈石のかけら,1,ユニオン鉱石,3,0,130
カガチコイル,0,2,0,0,0,4,16,48,0,-3,3,0,0,雷属性攻撃強化,1,,,,,,,,,飛雷竜の鱗,2,飛雷竜の毛皮,1,電気袋,1,,,74,龍脈石のかけら,1,ユニオン鉱石,3,0,140
ハイメタコイル,0,3,0,0,0,6,18,46,0,-1,-2,3,0,砲弾装填数ＵＰ,1,,,,,,,,,ドラグライト鉱石,2,マカライト鉱石,1,鉄鉱石,6,,,70,龍脈石のかけら,1,ユニオン鉱石,3,0,150
オウビートアンカ,1,3,0,0,0,4,22,50,-1,-1,2,0,2,ハニーハンター,1,,,,,,,,,オオツノアゲハ,1,大地の結晶,2,モンスターの体液,1,電気袋,1,74,龍脈石のかけら,1,ユニオン鉱石,3,0,160
パピメルアンカ,2,3,0,0,0,4,22,50,-1,-1,2,0,2,ハニーハンター,1,,,,,,,,,オオツノアゲハ,1,大地の結晶,2,モンスターの体液,1,電気袋,1,74,龍脈石のかけら,1,ユニオン鉱石,3,0,170
タロスコイル,0,3,0,0,0,8,18,46,-1,-1,0,0,2,剥ぎ取り鉄人,1,,,,,,,,,カンタロスの羽,1,カンタロスの甲殻,1,鉄鉱石,3,マカライト鉱石,1,70,龍脈石のかけら,1,ユニオン鉱石,3,0,190
ジャナフコイル,0,3,0,0,0,4,20,48,3,-3,-1,-1,0,火耐性,1,蛮顎竜の力,1,,,,,,,蛮顎竜の鱗,2,蛮顎竜の毛皮,1,蛮顎竜の牙,2,マカライト鉱石,2,72,龍脈石のかけら,1,ユニオン鉱石,3,0,200
レイアコイル,0,3,0,0,0,5,22,50,2,0,-2,0,-3,毒耐性,1,,,,,,,,,雌火竜の鱗,2,雌火竜の甲殻,1,火竜の翼爪,2,強固な岩骨,2,74,龍脈石のかけら,1,ユニオン鉱石,3,0,210
ツィツィコイル,0,3,0,0,0,6,18,46,0,0,-3,-2,0,広域化,1,,,,,,,,,眩鳥の皮,2,眩鳥の爪,2,深海の結晶,2,,,70,龍脈石のかけら,1,ユニオン鉱石,3,0,220
ウルムーコイル,0,3,0,0,0,6,20,48,-3,2,0,1,0,精霊の加護,1,,,,,,,,,浮空竜の毛皮,2,浮空竜の鱗,1,ゴム質の甲殻,1,,,72,龍脈石のかけら,1,ユニオン鉱石,3,0,230
ギルオスコイル,0,3,0,0,0,8,20,48,0,-3,2,0,1,瘴気環境適応,1,,,,,,,,,痺賊竜の皮,2,痺賊竜の尻尾,1,痺賊竜の頭巾殻,1,ギルオスの皮,3,72,龍脈石のかけら,1,ユニオン鉱石,3,0,240
バルキンコイル,0,3,0,0,0,8,24,52,0,2,0,-1,-2,ガード性能,1,,,,,,,,,骨鎚竜の鱗,2,骨鎚竜の黒油殻,1,睡眠袋,1,竜骨【大】,3,76,龍脈石のかけら,1,ユニオン鉱石,3,0,250
インゴットコイル,0,4,0,0,0,8,28,52,-2,0,3,-1,0,風圧耐性,1,,,,,,,,,ドラグライト鉱石,3,上竜骨,1,深海の結晶,3,ライトクリスタル,1,72,龍脈石のかけら,1,ユニオン鉱石,3,0,260
デスギアナーベル,0,4,0,0,0,8,32,56,3,2,-2,3,-4,龍属性攻撃強化,1,,,,,,,,,禍々しい布,1,いびつな狂骨,1,頑丈な骨,2,モンスターの体液,2,76,龍脈石のかけら,1,ユニオン鉱石,3,0,270
ブリゲイドコイル,0,4,0,0,0,8,28,52,1,0,2,0,2,地質学,1,,,,,,,,,闘技王のコイン,2,プケプケコイン,2,クルルコイン,2,勇気の証,1,72,龍脈石のかけら,1,ユニオン鉱石,3,0,280
ギエナコイル,0,4,0,0,0,8,30,54,-1,2,-3,3,0,氷属性攻撃強化,1,風漂竜の恩恵,1,,,,,,,風漂竜の皮,2,風漂竜の鱗,2,氷結袋,1,シャムオスの皮,2,74,龍脈石のかけら,1,ユニオン鉱石,3,0,290
ガロンコイル,0,4,0,0,0,8,30,54,2,2,-2,-3,0,見切り,1,惨爪竜の力,1,,,,,,,惨爪竜の硬筋,3,惨爪竜の爪,2,惨爪竜の牙,2,惨爪竜の逆鱗,1,74,龍脈石のかけら,1,ユニオン鉱石,3,0,300
レウスコイル,0,4,0,0,0,8,30,54,3,1,-2,1,-3,火属性攻撃強化,1,火竜の力,1,,,,,,,火竜の鱗,2,火竜の甲殻,2,火竜の翼膜,1,上竜骨,3,74,龍脈石のかけら,1,ユニオン鉱石,3,0,310
ディアブロコイル,0,4,0,0,0,8,32,56,3,-2,0,-3,2,ランナー,1,角竜の力,1,,,,,,,角竜の甲殻,2,角竜の背甲,1,角竜の牙,1,竜骨【大】,2,76,龍脈石のかけら,1,ユニオン鉱石,3,0,320
キリンフープ,0,4,0,0,0,8,34,58,-3,-2,4,-2,2,雷属性攻撃強化,1,幻獣の恩恵,1,,,,,,,幻獣の皮,2,幻獣の雷角,1,幻獣の尾,1,電気袋,1,78,龍脈石のかけら,1,ユニオン鉱石,3,0,330
ブロッサムコート,0,3,0,0,0,3,18,46,1,1,4,1,1,導蟲反応距離ＵＰ,1,,,,,,,,,開花チケット,1,大地の結晶,1,,,,,70,龍脈石のかけら,1,ユニオン鉱石,3,0,340
ダイバーベルト,0,3,0,0,0,3,22,50,1,4,1,1,1,水場・深雪適応,1,,,,,,,,,納涼チケット,1,深海の結晶,1,,,,,74,龍脈石のかけら,1,ユニオン鉱石,3,0,350
ハーベストオッハ,0,3,0,0,0,6,26,54,4,1,1,1,1,体術,1,,,,,,,,,豊穣チケット,1,頑丈な骨,1,,,,,78,龍脈石のかけら,1,ユニオン鉱石,3,0,360
オリオンコート,0,4,0,0,0,8,30,54,1,1,1,4,1,体力増強,1,,,,,,,,,煌めきチケット,1,上竜骨,1,,,,,74,龍脈石のかけら,1,ユニオン鉱石,3,0,370
フルドレスコート,0,4,0,0,0,8,34,58,1,1,1,1,4,スリンガー装填数ＵＰ,1,アステラの祝福,1,,,,,,,感謝チケット,1,上竜骨,1,,,,,78,龍脈石のかけら,1,ユニオン鉱石,3,0,380
パピオムアンカ,1,3,0,0,0,4,22,50,-1,-1,2,0,2,防御,1,,,,,,,,,昆虫図鑑【春】,1,オオツノアゲハ,1,ランゴスタの羽,1,モンスターの体液,1,74,龍脈石のかけら,1,ユニオン鉱石,3,0,390
クインビートアンカ,2,3,0,0,0,4,22,50,-1,-1,2,0,2,防御,1,,,,,,,,,昆虫図鑑【春】,1,オオツノアゲハ,1,ランゴスタの羽,1,モンスターの体液,1,74,龍脈石のかけら,1,ユニオン鉱石,3,0,400
レザーベルトα,0,5,0,0,0,11,32,54,2,0,0,0,0,スタミナ急速回復,1,,,,,,,,,カブレライト鉱石,2,上質な毛皮,1,,,,,70,龍脈石のかけら,1,いにしえの龍骨,1,0,410
レザーベルトβ,0,5,1,0,0,11,32,54,2,0,0,0,0,,,,,,,,,,,カブレライト鉱石,2,上質な毛皮,1,,,,,70,龍脈石のかけら,1,いにしえの龍骨,1,0,420
チェーンベルトα,0,5,0,0,0,11,32,54,0,2,0,0,0,納刀術,1,,,,,,,,,カブレライト鉱石,2,ドラグライト鉱石,2,,,,,70,龍脈石のかけら,1,いにしえの龍骨,1,0,430
チェーンベルトβ,0,5,1,0,0,11,32,54,0,2,0,0,0,,,,,,,,,,,カブレライト鉱石,2,ドラグライト鉱石,2,,,,,70,龍脈石のかけら,1,いにしえの龍骨,1,0,440
ハンターコイルα,0,5,0,0,0,11,36,58,2,2,0,0,0,採集の達人,1,潜伏,1,,,,,,,ジャグラスの上皮,2,上質な堅骨,3,,,,,74,龍脈石のかけら,1,いにしえの龍骨,1,0,450
ハンターコイルβ,0,5,1,0,0,11,36,58,2,2,0,0,0,採集の達人,1,,,,,,,,,ジャグラスの上皮,2,上質な堅骨,3,,,,,74,龍脈石のかけら,1,いにしえの龍骨,1,0,460
ボーンコイルα,0,5,0,0,0,11,36,58,2,0,2,0,2,笛吹き名人,1,釣り名人,1,,,,,,,上質な堅骨,2,上竜骨,2,太古の大骨,3,,,74,龍脈石のかけら,1,いにしえの龍骨,1,0,470
ボーンコイルβ,0,5,1,0,0,11,36,58,2,0,2,0,2,笛吹き名人,1,,,,,,,,,上質な堅骨,2,上竜骨,2,太古の大骨,3,,,74,龍脈石のかけら,1,いにしえの龍骨,1,0,480
アロイコイルα,0,5,0,0,0,11,36,58,-2,0,-2,-2,0,毒耐性,1,水耐性,1,,,,,,,カブレライト鉱石,3,ドラグライト鉱石,6,龍脈の結晶,3,マカライト鉱石,5,74,龍脈石のかけら,1,いにしえの龍骨,1,0,490
アロイコイルβ,0,5,1,0,0,11,36,58,-2,0,-2,-2,0,毒耐性,1,,,,,,,,,カブレライト鉱石,3,ドラグライト鉱石,6,龍脈の結晶,3,マカライト鉱石,5,74,龍脈石のかけら,1,いにしえの龍骨,1,0,500
オウビートアンカα,1,5,1,0,0,11,42,64,-1,-1,2,0,2,ハニーハンター,1,納刀術,1,,,,,,,オオツノアゲハ,1,龍脈の結晶,2,ランゴスタの堅殻,3,電撃袋,2,80,龍脈石のかけら,1,いにしえの龍骨,1,0,510
オウビートアンカβ,1,5,2,1,0,11,42,64,-1,-1,2,0,2,ハニーハンター,1,,,,,,,,,オオツノアゲハ,1,龍脈の結晶,2,ランゴスタの堅殻,3,電撃袋,2,80,龍脈石のかけら,1,いにしえの龍骨,1,0,520
パピメルアンカα,2,5,1,0,0,11,42,64,-1,-1,2,0,2,ハニーハンター,1,納刀術,1,,,,,,,オオツノアゲハ,1,龍脈の結晶,2,ランゴスタの堅殻,3,電撃袋,2,80,龍脈石のかけら,1,いにしえの龍骨,1,0,530
パピメルアンカβ,2,5,2,1,0,11,42,64,-1,-1,2,0,2,ハニーハンター,1,,,,,,,,,オオツノアゲハ,1,龍脈の結晶,2,ランゴスタの堅殻,3,電撃袋,2,80,龍脈石のかけら,1,いにしえの龍骨,1,0,540
ランゴコイルα,0,5,0,0,0,11,38,60,-2,1,1,1,2,麻痺耐性,2,,,,,,,,,ランゴスタの堅殻,3,ランゴスタの薄羽,2,尖竜骨,2,,,76,龍脈石のかけら,1,いにしえの龍骨,1,0,550
ランゴコイルβ,0,5,1,0,0,11,38,60,-2,1,1,1,2,麻痺耐性,1,,,,,,,,,ランゴスタの堅殻,3,ランゴスタの薄羽,2,尖竜骨,2,,,76,龍脈石のかけら,1,いにしえの龍骨,1,0,560
タロスコイルα,0,5,0,0,0,11,38,60,-1,-1,0,0,2,剥ぎ取り鉄人,1,腹減り耐性,1,,,,,,,カンタロスの堅殻,3,カンタロスの薄羽,2,モンスターの濃汁,2,,,76,龍脈石のかけら,1,いにしえの龍骨,1,0,570
タロスコイルβ,0,5,1,0,0,11,38,60,-1,-1,0,0,2,剥ぎ取り鉄人,1,,,,,,,,,カンタロスの堅殻,3,カンタロスの薄羽,2,モンスターの濃汁,2,,,76,龍脈石のかけら,1,いにしえの龍骨,1,0,580
ジャグラスコイルα,0,5,0,0,0,11,40,62,-2,2,-1,-1,1,不屈,1,早食い,1,,,,,,,賊竜の上皮,3,賊竜のたてがみ,3,賊竜の上鱗,4,ジャグラスの上鱗,3,78,龍脈石のかけら,1,いにしえの龍骨,1,0,660
ジャグラスコイルβ,0,5,1,0,0,11,40,62,-2,2,-1,-1,1,不屈,1,,,,,,,,,賊竜の上皮,3,賊竜のたてがみ,3,賊竜の上鱗,4,ジャグラスの上鱗,3,78,龍脈石のかけら,1,いにしえの龍骨,1,0,670
クルルコイルα,0,5,0,0,0,11,40,62,0,-3,0,1,0,アイテム使用強化,2,,,,,,,,,掻鳥の上皮,4,掻鳥の大クチバシ,2,翼竜の上皮,3,大地の結晶,2,78,龍脈石のかけら,1,いにしえの龍骨,1,0,680
クルルコイルβ,0,5,2,0,0,11,40,62,0,-3,0,1,0,アイテム使用強化,1,,,,,,,,,掻鳥の上皮,4,掻鳥の大クチバシ,2,翼竜の上皮,3,大地の結晶,2,78,龍脈石のかけら,1,いにしえの龍骨,1,0,690
ツィツィコイルα,0,5,0,0,0,11,40,62,0,0,-3,-2,0,広域化,2,水属性攻撃強化,1,,,,,,,眩鳥の上皮,2,眩鳥の尖爪,4,龍脈の結晶,3,ライトクリスタル,2,78,龍脈石のかけら,1,いにしえの龍骨,1,0,700
ツィツィコイルβ,0,5,2,0,0,11,40,62,0,0,-3,-2,0,広域化,1,,,,,,,,,眩鳥の上皮,2,眩鳥の尖爪,4,龍脈の結晶,3,ライトクリスタル,2,78,龍脈石のかけら,1,いにしえの龍骨,1,0,710
ギルオスコイルα,0,5,0,0,0,11,40,62,0,-3,2,0,1,瘴気環境適応,1,麻痺属性強化,1,,,,,,,痺賊竜の上皮,4,痺賊竜の尻尾,2,痺賊竜の大頭巾,2,ギルオスの上皮,4,78,龍脈石のかけら,1,いにしえの龍骨,1,0,720
ギルオスコイルβ,0,5,1,0,0,11,40,62,0,-3,2,0,1,瘴気環境適応,1,,,,,,,,,痺賊竜の上皮,4,痺賊竜の尻尾,2,痺賊竜の大頭巾,2,ギルオスの上皮,4,78,龍脈石のかけら,1,いにしえの龍骨,1,0,730
プケプケコイルα,0,5,0,0,0,11,42,64,0,3,-3,0,1,毒属性強化,2,,,,,,,,,毒妖鳥の堅殻,4,毒妖鳥の翼,2,毒妖鳥の大喉袋,2,鳥竜玉,1,80,龍脈石のかけら,1,いにしえの龍骨,1,0,740
プケプケコイルβ,0,5,1,0,0,11,42,64,0,3,-3,0,1,毒属性強化,1,,,,,,,,,毒妖鳥の堅殻,4,毒妖鳥の翼,2,毒妖鳥の大喉袋,2,鳥竜玉,1,80,龍脈石のかけら,1,いにしえの龍骨,1,0,750
ボロスコイルα,0,5,0,0,0,11,42,64,-3,-1,3,-1,0,泥耐性,1,ガード性能,1,,,,,,,土砂竜の堅殻,4,土砂竜の堅甲,3,上竜骨,4,,,80,龍脈石のかけら,1,いにしえの龍骨,1,0,760
ボロスコイルβ,0,5,2,0,0,11,42,64,-3,-1,3,-1,0,泥耐性,1,,,,,,,,,土砂竜の堅殻,4,土砂竜の堅甲,3,上竜骨,4,,,80,龍脈石のかけら,1,いにしえの龍骨,1,0,770
ジャナフコイルα,0,5,0,0,0,11,44,66,3,-3,-1,-1,0,火耐性,2,砲術,1,蛮顎竜の闘志,1,,,,,蛮顎竜の上鱗,4,蛮顎竜の上毛皮,3,蛮顎竜の鋭牙,3,鋭利な爪,4,82,龍脈石のかけら,1,いにしえの龍骨,1,0,780
ジャナフコイルβ,0,5,2,0,0,11,44,66,3,-3,-1,-1,0,火耐性,2,蛮顎竜の闘志,1,,,,,,,蛮顎竜の上鱗,4,蛮顎竜の上毛皮,3,蛮顎竜の鋭牙,3,鋭利な爪,4,82,龍脈石のかけら,1,いにしえの龍骨,1,0,790
ジュラコイルα,0,5,0,0,0,11,44,66,-1,2,-3,0,0,氷耐性,2,,,,,,,,,泥魚竜の上鱗,4,泥魚竜の堅殻,2,大水袋,2,,,82,龍脈石のかけら,1,いにしえの龍骨,1,0,800
ジュラコイルβ,0,5,1,0,0,11,44,66,-1,2,-3,0,0,氷耐性,1,,,,,,,,,泥魚竜の上鱗,4,泥魚竜の堅殻,2,大水袋,2,,,82,龍脈石のかけら,1,いにしえの龍骨,1,0,810
カガチコイルα,0,5,0,0,0,11,44,66,0,-3,3,0,0,雷属性攻撃強化,2,雷耐性,1,,,,,,,飛雷竜の上鱗,4,飛雷竜の上毛皮,3,電撃袋,1,翼竜の上皮,3,82,龍脈石のかけら,1,いにしえの龍骨,1,0,820
カガチコイルβ,0,5,1,1,0,11,44,66,0,-3,3,0,0,雷属性攻撃強化,1,,,,,,,,,飛雷竜の上鱗,4,飛雷竜の上毛皮,3,電撃袋,1,翼竜の上皮,3,82,龍脈石のかけら,1,いにしえの龍骨,1,0,830
ウルムーコイルα,0,5,0,0,0,11,44,66,-3,2,0,1,0,精霊の加護,2,,,,,,,,,浮空竜の上毛皮,4,浮空竜の上鱗,2,ゴム質の堅殻,3,サンゴの紅骨,5,82,龍脈石のかけら,1,いにしえの龍骨,1,0,840
ウルムーコイルβ,0,5,1,0,0,11,44,66,-3,2,0,1,0,精霊の加護,1,,,,,,,,,浮空竜の上毛皮,4,浮空竜の上鱗,2,ゴム質の堅殻,3,サンゴの紅骨,5,82,龍脈石のかけら,1,いにしえの龍骨,1,0,850
レイアコイルα,0,5,0,0,0,11,46,68,2,0,-2,0,-3,毒耐性,2,体力増強,1,,,,,,,雌火竜の上鱗,4,雌火竜の堅殻,2,爆炎袋,2,モンスターの濃汁,2,84,龍脈石のかけら,1,いにしえの龍骨,1,0,860
レイアコイルβ,0,5,1,0,0,11,46,68,2,0,-2,0,-3,毒耐性,1,体力増強,1,,,,,,,雌火竜の上鱗,4,雌火竜の堅殻,2,爆炎袋,2,モンスターの濃汁,2,84,龍脈石のかけら,1,いにしえの龍骨,1,0,870
リオハートコイルα,0,6,0,0,0,13,52,72,3,0,-3,0,-4,匠,1,毒耐性,1,桜火竜の奥義,1,,,,,桜火竜の堅殻,4,桜火竜の上鱗,3,堅竜骨,4,雌火竜の逆鱗,1,84,龍脈石のかけら,1,鳥竜玉,1,0,880
リオハートコイルβ,0,6,1,0,0,13,52,72,3,0,-3,0,-4,匠,1,桜火竜の奥義,1,,,,,,,桜火竜の堅殻,4,桜火竜の上鱗,3,堅竜骨,4,雌火竜の逆鱗,1,84,龍脈石のかけら,1,鳥竜玉,1,0,890
バルキンコイルα,0,6,0,0,0,11,46,66,0,2,0,-1,-2,ガード性能,2,,,,,,,,,骨鎚竜の上鱗,4,骨鎚竜の堅殻,3,昏睡袋,3,竜骨塊,5,78,龍脈石のかけら,1,鳥竜玉,1,0,900
バルキンコイルβ,0,6,2,0,0,11,46,66,0,2,0,-1,-2,ガード性能,1,,,,,,,,,骨鎚竜の上鱗,4,骨鎚竜の堅殻,3,昏睡袋,3,竜骨塊,5,78,龍脈石のかけら,1,鳥竜玉,1,0,910
ガマルコイルα,0,5,0,0,0,13,48,70,2,0,-3,0,2,砲術,2,爆破やられ耐性,1,,,,,,,岩賊竜の上鱗,4,岩賊竜の上皮,2,岩賊竜の顎,1,ガストドンの堅殻,5,86,龍脈石のかけら,1,いにしえの龍骨,1,0,960
ガマルコイルβ,0,5,1,0,0,13,48,70,2,0,-3,0,2,砲術,2,,,,,,,,,岩賊竜の上鱗,4,岩賊竜の上皮,2,岩賊竜の顎,1,ガストドンの堅殻,5,86,龍脈石のかけら,1,いにしえの龍骨,1,0,970
ゾラマグナスパインα,0,6,0,0,0,11,44,64,4,-3,-1,-2,-3,不屈,1,耐震,1,熔山龍の奥義,1,,,,,熔山龍の岩殻,8,熔山龍の熱鱗,1,熔山龍の背甲,3,熔山龍のマグマ,2,76,龍脈石のかけら,1,鳥竜玉,1,0,980
ゾラマグナスパインβ,0,6,2,0,0,11,44,64,4,-3,-1,-2,-3,不屈,1,熔山龍の奥義,1,,,,,,,熔山龍の岩殻,8,熔山龍の熱鱗,1,熔山龍の背甲,3,熔山龍のマグマ,2,76,龍脈石のかけら,1,鳥竜玉,1,0,990
ハイメタコイルα,0,6,0,0,0,13,50,70,0,-1,-2,3,0,砲弾装填数ＵＰ,1,防御,1,,,,,,,ユニオン鉱石,3,カブレライト鉱石,4,龍脈の結晶,2,バルノスの尖爪,2,82,龍脈石のかけら,1,鳥竜玉,1,0,1000
ハイメタコイルβ,0,6,1,0,0,13,50,70,0,-1,-2,3,0,砲弾装填数ＵＰ,1,,,,,,,,,ユニオン鉱石,3,カブレライト鉱石,4,龍脈の結晶,2,バルノスの尖爪,2,82,龍脈石のかけら,1,鳥竜玉,1,0,1010
インゴットコイルα,0,6,0,0,0,13,50,70,-2,0,3,-1,0,風圧耐性,2,,,,,,,,,ユニオン鉱石,1,堅竜骨,3,ドラグライト鉱石,4,ガストドンの堅殻,3,82,龍脈石のかけら,1,鳥竜玉,1,0,1020
インゴットコイルβ,0,6,3,0,0,13,50,70,-2,0,3,-1,0,風圧耐性,1,,,,,,,,,ユニオン鉱石,1,堅竜骨,3,ドラグライト鉱石,4,ガストドンの堅殻,3,82,龍脈石のかけら,1,鳥竜玉,1,0,1030
ブリゲイドコイルα,0,6,0,0,0,13,52,72,1,0,2,0,2,地質学,2,回復速度,1,,,,,,,狩猟王のコイン,2,ボロスコイン,4,ガマルコイン,3,堅竜骨,2,84,龍脈石のかけら,1,鳥竜玉,1,0,1040
ブリゲイドコイルβ,0,6,1,0,0,13,52,72,1,0,2,0,2,地質学,2,,,,,,,,,狩猟王のコイン,2,ボロスコイン,4,ガマルコイン,3,堅竜骨,2,84,龍脈石のかけら,1,鳥竜玉,1,0,1050
ラヴァコイルα,0,6,0,0,0,13,56,76,3,-3,1,-2,2,納刀術,2,体力回復量ＵＰ,1,,,,,,,溶岩竜の上鱗,4,溶岩竜の堅殻,2,溶岩竜の鋭牙,2,咬魚の大ヒゲ,4,88,龍脈石のかけら,1,鳥竜玉,1,0,1080
ラヴァコイルβ,0,6,1,0,0,13,56,76,3,-3,1,-2,2,納刀術,2,,,,,,,,,溶岩竜の上鱗,4,溶岩竜の堅殻,2,溶岩竜の鋭牙,2,咬魚の大ヒゲ,4,88,龍脈石のかけら,1,鳥竜玉,1,0,1090
ギエナコイルα,0,6,0,0,0,13,54,74,-1,2,-3,3,0,氷属性攻撃強化,2,風圧耐性,1,風漂竜の恩寵,1,,,,,風漂竜の上皮,4,風漂竜の上鱗,4,凍結袋,2,風漂竜の逆鱗,1,86,龍脈石のかけら,1,鳥竜玉,1,0,1100
ギエナコイルβ,0,6,2,0,0,13,54,74,-1,2,-3,3,0,氷属性攻撃強化,2,風漂竜の恩寵,1,,,,,,,風漂竜の上皮,4,風漂竜の上鱗,4,凍結袋,2,風漂竜の逆鱗,1,86,龍脈石のかけら,1,鳥竜玉,1,0,1110
ガロンコイルα,0,6,0,0,0,13,54,74,2,2,-2,-3,0,見切り,2,砥石使用高速化,1,惨爪竜の奥義,1,,,,,惨爪竜の大硬筋,6,惨爪竜の尖爪,4,惨爪竜の鋭牙,2,惨爪竜の宝玉,1,86,龍脈石のかけら,1,鳥竜玉,1,0,1120
ガロンコイルβ,0,6,2,0,0,13,54,74,2,2,-2,-3,0,見切り,2,惨爪竜の奥義,1,,,,,,,惨爪竜の大硬筋,6,惨爪竜の尖爪,4,惨爪竜の鋭牙,2,惨爪竜の宝玉,1,86,龍脈石のかけら,1,鳥竜玉,1,0,1130
レウスコイルα,0,6,0,0,0,13,54,74,3,1,-2,1,-3,火属性攻撃強化,2,集中,1,火竜の奥義,1,,,,,火竜の上鱗,4,火竜の堅殻,4,火竜の翼,2,火竜の尻尾,2,86,龍脈石のかけら,1,鳥竜玉,1,0,1140
レウスコイルβ,0,6,2,0,0,13,54,74,3,1,-2,1,-3,火属性攻撃強化,2,火竜の奥義,1,,,,,,,火竜の上鱗,4,火竜の堅殻,4,火竜の翼,2,火竜の尻尾,2,86,龍脈石のかけら,1,鳥竜玉,1,0,1150
リオソウルコイルα,0,7,0,0,0,13,56,68,3,2,2,-3,-4,風圧耐性,2,貫通弾・竜の一矢強化,1,火竜の奥義,1,,,,,蒼火竜の上鱗,4,蒼火竜の堅殻,4,火竜の延髄,1,堅竜骨,6,82,龍脈石,1,竜玉,1,0,1160
リオソウルコイルβ,0,7,3,0,0,13,56,68,3,2,2,-3,-4,風圧耐性,2,火竜の奥義,1,,,,,,,蒼火竜の上鱗,4,蒼火竜の堅殻,4,火竜の延髄,1,堅竜骨,6,82,龍脈石,1,竜玉,1,0,1170
ディアブロコイルα,0,6,0,0,0,13,54,74,3,-2,0,-3,2,ランナー,2,抜刀術【技】,1,角竜の奥義,1,,,,,角竜の堅殻,4,角竜の堅甲,3,角竜の牙,2,ケストドンの頭殻,3,86,龍脈石のかけら,1,鳥竜玉,1,0,1180
ディアブロコイルβ,0,6,2,0,0,13,54,74,3,-2,0,-3,2,ランナー,2,角竜の奥義,1,,,,,,,角竜の堅殻,4,角竜の堅甲,3,角竜の牙,2,ケストドンの頭殻,3,86,龍脈石のかけら,1,鳥竜玉,1,0,1190
ディアネロコイルα,0,7,0,0,0,13,56,68,2,-3,0,-4,2,逆恨み,1,破壊王,1,角竜の奥義,1,,,,,黒角竜の堅殻,4,黒角竜の堅甲,3,角竜の尾甲,2,ガストドンの尖角,3,82,龍脈石,1,竜玉,1,0,1200
ディアネロコイルβ,0,7,2,0,0,13,56,68,2,-3,0,-4,2,逆恨み,1,角竜の奥義,1,,,,,,,黒角竜の堅殻,4,黒角竜の堅甲,3,角竜の尾甲,2,ガストドンの尖角,3,82,龍脈石,1,竜玉,1,0,1210
ガンキンコイルα,0,7,1,1,0,13,60,72,4,-3,1,-2,-2,破壊王,1,雷耐性,1,爆鎚竜の守護,1,,,,,爆鎚竜の上鱗,4,爆鎚竜の堅殻,2,ユニオン鉱石,5,堅竜骨,5,86,龍脈石,1,竜玉,1,0,1220
ガンキンコイルβ,0,7,2,1,0,13,60,72,4,-3,1,-2,-2,破壊王,1,爆鎚竜の守護,1,,,,,,,爆鎚竜の上鱗,4,爆鎚竜の堅殻,2,ユニオン鉱石,5,堅竜骨,5,86,龍脈石,1,竜玉,1,0,1230
バゼルコイルα,0,7,1,0,0,13,58,70,3,1,-4,-2,-2,耳栓,2,ジャンプ鉄人,1,爆鱗竜の守護,1,,,,,爆鱗竜の堅殻,4,爆鱗竜の上鱗,4,爆鱗竜の爆腺,2,爆鎚竜の延髄,1,84,龍脈石,1,竜玉,1,0,1240
バゼルコイルβ,0,7,3,0,0,13,58,70,3,1,-4,-2,-2,耳栓,2,爆鱗竜の守護,1,,,,,,,爆鱗竜の堅殻,4,爆鱗竜の上鱗,4,爆鱗竜の爆腺,2,爆鎚竜の延髄,1,84,龍脈石,1,竜玉,1,0,1250
ダマスクコイルα,0,7,1,0,0,14,60,72,4,-2,0,0,0,集中,1,防御力ＤＯＷＮ耐性,2,,,,,,,古龍の血,2,ユニオン鉱石,3,岩賊竜の顎,3,獄炎石,1,86,龍脈石,1,竜玉,1,0,1260
ダマスクコイルβ,0,7,1,1,1,14,60,72,4,-2,0,0,0,集中,1,,,,,,,,,古龍の血,2,ユニオン鉱石,3,岩賊竜の顎,3,獄炎石,1,86,龍脈石,1,竜玉,1,0,1270
ドーベルコイルα,0,7,2,0,0,14,60,72,-2,0,-1,-1,4,龍耐性,2,攻撃,1,,,,,,,古龍骨,3,上質な堅骨,3,火竜の延髄,1,荒々しい蛮骨,3,86,龍脈石,1,竜玉,1,0,1280
ドーベルコイルβ,0,7,3,0,0,14,60,72,-2,0,-1,-1,4,龍耐性,2,,,,,,,,,古龍骨,3,上質な堅骨,3,火竜の延髄,1,荒々しい蛮骨,3,86,龍脈石,1,竜玉,1,0,1290
デスギアナーベルα,0,7,0,0,0,14,62,74,3,2,-2,3,-4,龍属性攻撃強化,2,集中,1,,,,,,,禍々しい布,2,荒々しい蛮骨,1,屍套龍の被膜,1,モンスターの濃汁,2,88,龍脈石,1,竜玉,1,0,1300
デスギアナーベルβ,0,7,1,1,0,14,62,74,3,2,-2,3,-4,龍属性攻撃強化,2,,,,,,,,,禍々しい布,2,荒々しい蛮骨,1,屍套龍の被膜,1,モンスターの濃汁,2,88,龍脈石,1,竜玉,1,0,1310
オーグコイルα,0,8,0,0,0,14,64,70,1,1,-3,1,-3,攻撃,2,スタミナ急速回復,1,滅尽龍の飢餓,1,,,,,滅尽龍の堅殻,4,不滅の龍鱗,4,滅尽龍の再生殻,4,ノヴァクリスタル,1,84,大龍脈石,1,古龍骨,2,0,1330
オーグコイルβ,0,8,2,0,0,14,64,70,1,1,-3,1,-3,攻撃,2,滅尽龍の飢餓,1,,,,,,,滅尽龍の堅殻,4,不滅の龍鱗,4,滅尽龍の再生殻,4,ノヴァクリスタル,1,84,大龍脈石,1,古龍骨,2,0,1340
カイザーコイルα,0,8,0,0,0,14,64,70,3,-3,1,-3,1,爆破属性強化,2,弱点特効,1,炎王龍の武技,1,,,,,獄炎の龍鱗,4,炎王龍の堅殻,4,炎王龍のたてがみ,1,古龍の血,3,84,大龍脈石,1,古龍骨,2,0,1350
カイザーコイルβ,0,8,2,0,0,14,64,70,3,-3,1,-3,1,爆破属性強化,2,炎王龍の武技,1,,,,,,,獄炎の龍鱗,4,炎王龍の堅殻,4,炎王龍のたてがみ,1,古龍の血,3,84,大龍脈石,1,古龍骨,2,0,1360
クシャナアンダα,0,8,0,0,0,14,64,70,0,2,-3,4,-2,氷属性攻撃強化,2,回避距離ＵＰ,1,鋼龍の飛翔,1,,,,,鋼の上龍鱗,4,鋼龍の堅殻,4,鋼龍の尖角,2,カブレライト鉱石,5,84,大龍脈石,1,古龍骨,2,0,1370
クシャナアンダβ,0,8,1,1,0,14,64,70,0,2,-3,4,-2,氷属性攻撃強化,2,鋼龍の飛翔,1,,,,,,,鋼の上龍鱗,4,鋼龍の堅殻,4,鋼龍の尖角,2,カブレライト鉱石,5,84,大龍脈石,1,古龍骨,2,0,1380
ウルズコイルα,0,8,1,0,0,14,64,70,-4,4,1,-1,-3,フルチャージ,1,瘴気耐性,1,屍套龍の命脈,1,,,,,屍套龍の堅殻,5,屍套龍の翼,4,屍套龍の被膜,2,古龍の血,3,84,大龍脈石,1,古龍骨,2,0,1390
ウルズコイルβ,0,8,1,1,0,14,64,70,-4,4,1,-1,-3,フルチャージ,1,屍套龍の命脈,1,,,,,,,屍套龍の堅殻,5,屍套龍の翼,4,屍套龍の被膜,2,古龍の血,3,84,大龍脈石,1,古龍骨,2,0,1400
キリンフープα,0,8,0,0,0,14,64,70,-3,-2,4,-2,2,属性やられ耐性,1,属性解放／装填拡張,1,幻獣の恩寵,1,,,,,幻獣の上皮,4,幻獣のたてがみ,4,幻獣の蒼角,3,ノヴァクリスタル,1,84,大龍脈石,1,古龍骨,2,0,1410
キリンフープβ,0,8,1,1,1,14,64,70,-3,-2,4,-2,2,属性やられ耐性,1,幻獣の恩寵,1,,,,,,,幻獣の上皮,4,幻獣のたてがみ,4,幻獣の蒼角,3,ノヴァクリスタル,1,84,大龍脈石,1,古龍骨,2,0,1420
ゼノラージスパインα,0,8,2,0,0,16,72,78,-3,2,2,2,-4,属性やられ耐性,2,特殊射撃強化,1,冥灯龍の神秘,1,,,,,冥灯龍の白殻,4,冥灯龍の幽翼,2,冥灯龍の尻尾,2,惨爪竜の逆鱗,1,92,大龍脈石,1,古龍骨,2,0,1430
ゼノラージスパインβ,0,8,2,1,0,16,72,78,-3,2,2,2,-4,属性やられ耐性,2,冥灯龍の神秘,1,,,,,,,冥灯龍の白殻,4,冥灯龍の幽翼,2,冥灯龍の尻尾,2,惨爪竜の逆鱗,1,92,大龍脈石,1,古龍骨,2,0,1440
ギルドクロスコイルα,0,8,1,0,0,15,62,68,0,0,0,0,0,不屈,1,龍耐性,2,ギルドの導き,1,,,,,撃龍王のコイン,2,飛竜コイン,2,闘技王のコイン,3,勇気の証Ｇ,1,82,大龍脈石,1,古龍骨,2,0,1450
ギルドクロスコイルβ,0,8,1,1,1,15,62,68,0,0,0,0,0,不屈,1,ギルドの導き,1,,,,,,,撃龍王のコイン,2,飛竜コイン,2,闘技王のコイン,3,勇気の証Ｇ,1,82,大龍脈石,1,古龍骨,2,0,1460
シーカーベルトα,0,8,1,0,0,50,70,76,2,2,2,2,2,キノコ大好き,1,運搬の達人,1,調査団の導き,1,,,,,調査団チケット,1,角竜の堅殻,8,オオツノアゲハ,3,勇気の証Ｇ,1,90,大龍脈石,1,古龍骨,2,0,1480
シーカーベルトβ,0,8,2,0,0,50,70,76,2,2,2,2,2,キノコ大好き,1,調査団の導き,1,,,,,,,調査団チケット,1,角竜の堅殻,8,オオツノアゲハ,3,勇気の証Ｇ,1,90,大龍脈石,1,古龍骨,2,0,1490
バンギスコイルβ,0,7,3,1,0,13,58,70,1,1,-3,2,-3,力の解放,1,,,,,,,,,恐暴竜の黒鱗,3,恐暴竜の黒皮,4,恐暴竜の唾液,2,ギルオスの上鱗,3,84,龍脈石,1,竜玉,1,0,1500
バンギスコイルα,0,7,1,0,0,13,58,70,1,1,-3,2,-3,力の解放,1,匠,1,,,,,,,恐暴竜の黒鱗,3,恐暴竜の黒皮,4,恐暴竜の唾液,2,ギルオスの上鱗,3,84,龍脈石,1,竜玉,1,0,1510
マムガイラコイルα,0,8,1,0,0,16,72,78,4,-2,3,-4,-2,属性解放／装填拡張,1,匠,2,,,,,,,爛輝龍の金鱗,12,爛輝龍の金殻,7,爛輝龍の金尾殻,4,爛輝龍の金煌玉,1,92,大龍脈石,1,古龍骨,2,0,1520
マムガイラコイルβ,0,8,3,1,0,16,72,78,4,-2,3,-4,-2,属性解放／装填拡張,1,匠,1,,,,,,,爛輝龍の金鱗,12,爛輝龍の金殻,7,爛輝龍の金尾殻,4,爛輝龍の金煌玉,1,92,大龍脈石,1,古龍骨,2,0,1530
エンプレスコイルα,0,8,2,1,0,16,70,76,3,1,1,-3,-2,整備,2,爆破属性強化,1,炎妃龍の恩寵,1,,,,,炎妃龍の上鱗,4,炎妃龍の堅殻,4,炎妃龍のたてがみ,2,ノヴァクリスタル,1,90,大龍脈石,1,古龍骨,2,0,1540
エンプレスコイルβ,0,8,2,2,0,16,70,76,3,1,1,-3,-2,整備,2,炎妃龍の恩寵,1,,,,,,,炎妃龍の上鱗,4,炎妃龍の堅殻,4,炎妃龍のたてがみ,2,ノヴァクリスタル,1,90,大龍脈石,1,古龍骨,2,0,1550
ブロッサムコートα,0,5,1,1,0,11,40,62,1,1,4,1,1,導蟲反応距離ＵＰ,1,,,,,,,,,開花チケット,3,カブレライト鉱石,1,,,,,78,龍脈石のかけら,1,いにしえの龍骨,1,0,1560
ダイバーベルトα,0,5,2,0,0,11,46,68,1,4,1,1,1,水場・深雪適応,1,,,,,,,,,納涼チケット,1,カブレライト鉱石,1,上質な堅骨,1,,,84,龍脈石のかけら,1,いにしえの龍骨,1,0,1570
ハーベストオッハα,0,6,2,1,0,13,52,72,4,1,1,1,1,体術,1,,,,,,,,,豊穣チケット,1,堅竜骨,2,尖竜骨,1,,,84,龍脈石のかけら,1,鳥竜玉,1,0,1580
オリオンコートα,0,6,3,1,0,13,58,78,1,1,1,4,1,体力増強,1,,,,,,,,,煌めきチケット,1,ユニオン鉱石,1,堅竜骨,1,,,90,龍脈石のかけら,1,鳥竜玉,1,0,1590
フルドレスコートα,0,7,3,1,1,14,64,76,1,1,1,1,4,スリンガー装填数ＵＰ,1,アステラの祝福,1,,,,,,,感謝チケット,3,古龍骨,1,勇気の証G,2,,,90,龍脈石,1,竜玉,1,0,1600
パピオムアンカα,1,5,1,0,0,11,42,64,-1,-1,2,0,2,防御,2,ランナー,1,,,,,,,昆虫図鑑【夏】,1,ランゴスタの堅殻,1,龍脈の結晶,3,上質な堅骨,1,80,龍脈石のかけら,1,いにしえの龍骨,1,0,1610
パピオムアンカβ,1,5,3,0,0,11,42,64,-1,-1,2,0,2,防御,2,,,,,,,,,昆虫図鑑【夏】,1,ランゴスタの堅殻,1,龍脈の結晶,3,上質な堅骨,1,80,龍脈石のかけら,1,いにしえの龍骨,1,0,1620
クインビートアンカα,2,5,1,0,0,11,42,64,-1,-1,2,0,2,防御,2,ランナー,1,,,,,,,昆虫図鑑【夏】,1,ランゴスタの堅殻,1,龍脈の結晶,3,上質な堅骨,1,80,龍脈石のかけら,1,いにしえの龍骨,1,0,1630
クインビートアンカβ,2,5,3,0,0,11,42,64,-1,-1,2,0,2,防御,2,,,,,,,,,昆虫図鑑【夏】,1,ランゴスタの堅殻,1,龍脈の結晶,3,上質な堅骨,1,80,龍脈石のかけら,1,いにしえの龍骨,1,0,1640
ウルズコイルγ,0,8,2,1,1,50,72,78,-4,4,1,-1,-3,回復速度,2,龍属性攻撃強化,1,屍套龍の命脈,1,,,,,屍套龍チケット,1,屍套龍の堅殻,5,屍套龍の翼,4,屍套龍の被膜,3,92,大龍脈石,1,古龍骨,2,0,1650
キリンフープγ,0,8,1,1,0,50,72,78,-3,-2,4,-2,2,ランナー,2,幻獣の恩寵,1,,,,,,,幻獣チケット,1,幻獣の上皮,3,幻獣の蒼角,1,古龍骨,3,92,大龍脈石,1,古龍骨,2,0,1660
カイザーコイルγ,0,8,1,1,0,50,72,78,3,-3,1,-3,1,力の解放,3,炎王龍の武技,1,,,,,,,炎王龍チケット,1,炎王龍の尖角,3,獄炎の龍鱗,6,炎龍の宝玉,1,92,大龍脈石,1,古龍骨,2,0,1670
クシャナアンダγ,0,8,1,1,0,50,72,78,0,2,-3,4,-2,匠,2,鋼龍の飛翔,1,,,,,,,鋼龍チケット,1,鋼龍の堅殻,5,鋼の上龍鱗,4,鋼龍の翼,3,92,大龍脈石,1,古龍骨,2,0,1680
オーグコイルγ,0,8,3,1,0,50,72,78,1,1,-3,1,-3,渾身,1,挑戦者,1,滅尽龍の飢餓,1,,,,,滅尽龍チケット,1,滅尽龍の堅殻,4,滅尽龍の大角,1,滅尽龍の尻尾,2,92,大龍脈石,1,古龍骨,2,0,1690
ゾラマグナスパインγ,0,8,3,2,0,50,72,78,4,-3,-1,-2,-3,ボマー,2,見切り,1,熔山龍の奥義,1,,,,,熔山龍チケット,1,熔山龍の岩殻,4,熔山龍の胸殻,2,熔山龍の背甲,1,92,大龍脈石,1,古龍骨,2,0,1700
ゼノラージスパインγ,0,8,3,1,0,50,72,78,-3,2,2,2,-4,超会心,1,冥灯龍の神秘,1,,,,,,,冥灯龍チケット,1,冥灯龍の幽角,3,冥灯龍の幽鱗,6,冥灯龍の幽玉,1,92,大龍脈石,1,古龍骨,2,0,1710
エンプレスコイルγ,0,8,3,0,0,50,70,76,3,1,1,-3,-2,回避性能,2,体力増強,2,炎妃龍の恩寵,1,,,,,炎妃龍チケット,1,炎妃龍の尖角,2,炎妃龍の上鱗,4,炎妃龍のたてがみ,2,90,大龍脈石,1,古龍骨,2,0,1720
マムガイラコイルγ,0,8,3,0,0,16,72,78,4,-2,3,-4,-2,超会心,1,弱点特効,1,,,,,,,爛輝龍の皇金塊,7,爛輝龍の金鱗,15,爛輝龍の金殻,12,爛輝龍の金尾殻,8,92,大龍脈石,1,古龍骨,2,0,1730
蒼星ノ将【腰当て】α,0,7,2,0,0,13,56,68,2,2,0,0,3,匠,1,火竜の奥義,1,,,,,,,蒼星の宝玉,1,蒼火竜の上鱗,6,蒼火竜の堅殻,5,蒼火竜の尻尾,3,82,龍脈石,1,竜玉,1,0,1740
ダンテベルトα,0,8,3,0,0,14,64,70,3,-3,3,-3,3,回避性能,1,力の解放,1,,,,,,,レッドオーブ,1,火竜の堅殻,6,火竜の翼,3,火竜の逆鱗,1,84,大龍脈石,1,古龍骨,2,0,1750
ドラケンコイルα,0,8,3,0,0,16,72,78,-2,-2,3,-2,4,見切り,2,強化持続,1,竜騎士の証,1,,,,,魔獣のたてがみ,1,魔獣の堅骨,2,魔獣の尻尾,1,ノヴァクリスタル,2,92,大龍脈石,1,古龍骨,2,0,1760
オリジンコイル,0,1,0,0,0,1,6,42,0,0,0,0,0,,,,,,,,,,,※特典,0,,,,,,,72,龍脈石のかけら,1,ユニオン鉱石,3,0,1830
ガーディアンコイルα,0,6,1,0,0,1,50,70,2,0,0,2,3,体力増強,2,精霊の加護,1,,,,,,,※配布,0,,,,,,,82,龍脈石のかけら,1,鳥竜玉,1,0,1840
アーロイウエストα,0,5,3,0,0,11,46,68,1,1,1,1,1,潜伏,2,蛮顎竜の闘志,1,,,,,,,※ワンセット,0,,,,,,,84,龍脈石のかけら,1,いにしえの龍骨,1,1,1850
アーロイウエストγ,0,8,3,1,0,50,64,70,1,1,1,1,1,潜伏,2,弱点特効,1,蛮顎竜の闘志,1,,,,,※ワンセット,0,,,,,,,84,大龍脈石,1,古龍骨,2,1,1860
リュウウエスト,0,2,0,0,0,3,12,44,2,0,5,-3,2,力の解放,1,,,,,,,,,※ワンセット,0,,,,,,,70,龍脈石のかけら,1,ユニオン鉱石,3,1,1870
リュウウエストα,0,7,3,0,0,14,60,72,2,0,5,-3,2,挑戦者,1,火竜の奥義,1,,,,,,,※ワンセット,0,,,,,,,86,龍脈石,1,竜玉,1,1,1880
さくらウエストα,0,6,3,0,0,13,50,70,0,4,0,4,-2,力の解放,1,桜火竜の奥義,1,,,,,,,※ワンセット,0,,,,,,,82,龍脈石のかけら,1,鳥竜玉,1,1,1890
ゲラルトウエストα,0,8,2,0,0,16,70,76,2,1,-2,-1,3,ボマー,2,弱点特効,1,ウィッチャーの心得,1,,,,,※ワンセット,0,,,,,,,90,大龍脈石,1,古龍骨,2,1,1900
シリウエストα,0,8,2,0,0,50,70,76,-2,-1,2,1,3,属性解放／装填拡張,1,回避距離ＵＰ,1,,,,,,,※ワンセット,0,,,,,,,90,大龍脈石,1,古龍骨,2,1,1910
防衛隊【帯甲】α,0,6,1,0,0,1,50,70,2,0,0,2,3,体力増強,2,精霊の加護,1,,,,,,,※武具屋購入,0,,,,,,,82,龍脈石のかけら,1,鳥竜玉,1,0,1920
EXボーンコイルα,0,9,3,0,0,M1,114,152,2,0,2,0,2,笛吹き名人,1,破壊王,1,,,,,,,頑強な重骨,1,強竜骨,1,太古の大骨,1,,,172,霊脈玉のかけら,1,いにしえの巨龍骨,1,0,1930
EXボーンコイルβ,0,9,4,1,0,M1,114,152,2,0,2,0,2,笛吹き名人,1,,,,,,,,,頑強な重骨,1,強竜骨,1,太古の大骨,1,,,172,霊脈玉のかけら,1,いにしえの巨龍骨,1,0,1940
EXアロイコイルα,0,9,3,0,0,M1,114,152,-2,0,-2,-2,0,毒耐性,2,風圧耐性,1,,,,,,,エルトライト鉱石,1,カブレライト鉱石,2,霊脈の結晶,1,,,172,霊脈玉のかけら,1,いにしえの巨龍骨,1,0,1950
EXアロイコイルβ,0,9,4,0,0,M1,114,152,-2,0,-2,-2,0,毒耐性,1,風圧耐性,1,,,,,,,エルトライト鉱石,1,カブレライト鉱石,2,霊脈の結晶,1,,,172,霊脈玉のかけら,1,いにしえの巨龍骨,1,0,1960
EXランゴコイルα,0,9,3,0,0,M1,116,154,-2,1,1,1,2,麻痺耐性,2,納刀術,1,,,,,,,ランゴスタの斬羽,1,モンスターの特濃,2,頑強な重骨,2,,,174,霊脈玉のかけら,1,いにしえの巨龍骨,1,0,1970
EXランゴコイルβ,0,9,4,1,0,M1,116,154,-2,1,1,1,2,麻痺耐性,1,,,,,,,,,ランゴスタの斬羽,1,モンスターの特濃,2,頑強な重骨,2,,,174,霊脈玉のかけら,1,いにしえの巨龍骨,1,0,1980
EXタロスコイルα,0,9,2,0,0,M1,116,154,-1,-1,0,0,2,弱点特効,1,腹減り耐性,1,,,,,,,カンタロスの斬羽,1,モンスターの特濃,2,エルトライト鉱石,2,,,174,霊脈玉のかけら,1,いにしえの巨龍骨,1,0,1990
EXタロスコイルβ,0,9,4,1,0,M1,116,154,-1,-1,0,0,2,弱点特効,1,,,,,,,,,カンタロスの斬羽,1,モンスターの特濃,2,エルトライト鉱石,2,,,174,霊脈玉のかけら,1,いにしえの巨龍骨,1,0,2000
EXジャグラスコイルα,0,9,2,1,0,M1,116,154,-2,2,-1,-1,1,体力回復量ＵＰ,1,早食い,1,,,,,,,賊竜の厚皮,1,賊竜の厚鱗,1,賊竜の大たてがみ,1,ジャグラスの厚鱗,1,174,霊脈玉のかけら,1,いにしえの巨龍骨,1,0,2150
EXジャグラスコイルβ,0,9,4,1,0,M1,116,154,-2,2,-1,-1,1,体力回復量ＵＰ,1,,,,,,,,,賊竜の厚皮,1,賊竜の厚鱗,1,賊竜の大たてがみ,1,ジャグラスの厚鱗,1,174,霊脈玉のかけら,1,いにしえの巨龍骨,1,0,2160
EXツィツィコイルα,0,9,2,0,0,M1,116,154,0,0,-3,-2,0,広域化,2,水属性攻撃強化,2,,,,,,,眩鳥の厚皮,2,眩鳥の厚鱗,1,眩鳥の剛爪,1,シャムオスの厚鱗,1,174,霊脈玉のかけら,1,いにしえの巨龍骨,1,0,2170
EXツィツィコイルβ,0,9,4,1,0,M1,116,154,0,0,-3,-2,0,広域化,2,,,,,,,,,眩鳥の厚皮,2,眩鳥の厚鱗,1,眩鳥の剛爪,1,シャムオスの厚鱗,1,174,霊脈玉のかけら,1,いにしえの巨龍骨,1,0,2180
EXギルオスコイルα,0,9,3,0,0,M1,116,154,0,-3,2,0,1,瘴気環境適応,1,麻痺属性強化,2,,,,,,,痺賊竜の厚皮,2,痺賊竜の靭尾,1,濃縮麻痺袋,1,ギルオスの厚鱗,1,174,霊脈玉のかけら,1,いにしえの巨龍骨,1,0,2190
EXギルオスコイルβ,0,9,4,2,0,M1,116,154,0,-3,2,0,1,瘴気環境適応,1,,,,,,,,,痺賊竜の厚皮,2,痺賊竜の靭尾,1,濃縮麻痺袋,1,ギルオスの厚鱗,1,174,霊脈玉のかけら,1,いにしえの巨龍骨,1,0,2200
EXガマルコイルα,0,9,2,1,0,M1,120,158,2,0,-3,0,2,砲術,2,爆破やられ耐性,1,,,,,,,岩賊竜の厚皮,2,岩賊竜の厚鱗,2,岩賊竜の大顎,1,エルトライト鉱石,2,178,霊脈玉のかけら,1,いにしえの巨龍骨,1,0,2210
EXガマルコイルβ,0,9,4,1,0,M1,120,158,2,0,-3,0,2,砲術,2,,,,,,,,,岩賊竜の厚皮,2,岩賊竜の厚鱗,2,岩賊竜の大顎,1,エルトライト鉱石,2,178,霊脈玉のかけら,1,いにしえの巨龍骨,1,0,2220
EXクルルコイルα,0,9,3,0,0,M1,116,154,0,-3,0,1,0,アイテム使用強化,2,見切り,1,,,,,,,掻鳥の厚皮,2,掻鳥の巨大クチバシ,1,ジャグラスの厚鱗,1,,,174,霊脈玉のかけら,1,いにしえの巨龍骨,1,0,2230
EXクルルコイルβ,0,9,4,1,0,M1,116,154,0,-3,0,1,0,アイテム使用強化,2,,,,,,,,,掻鳥の厚皮,2,掻鳥の巨大クチバシ,1,ジャグラスの厚鱗,1,,,174,霊脈玉のかけら,1,いにしえの巨龍骨,1,0,2240
EXプケプケコイルα,0,9,3,0,0,M1,118,156,0,3,-3,0,1,毒属性強化,2,アイテム使用強化,1,,,,,,,毒妖鳥の重殻,2,毒妖鳥の靭尾,1,毒妖鳥の剛翼,1,激烈毒袋,2,176,霊脈玉のかけら,1,いにしえの巨龍骨,1,0,2250
EXプケプケコイルβ,0,9,4,1,0,M1,118,156,0,3,-3,0,1,毒属性強化,1,アイテム使用強化,1,,,,,,,毒妖鳥の重殻,2,毒妖鳥の靭尾,1,毒妖鳥の剛翼,1,激烈毒袋,2,176,霊脈玉のかけら,1,いにしえの巨龍骨,1,0,2260
EXプケラグーナコイルα,0,9,2,0,0,M4,132,170,0,3,-2,-3,0,水属性攻撃強化,2,破壊王,1,,,,,,,水妖鳥の重殻,3,水妖鳥の厚鱗,2,水妖鳥の特大水袋,1,,,190,霊脈玉のかけら,1,いにしえの巨龍骨,1,0,2270
EXプケラグーナコイルβ,0,9,4,0,0,M4,132,170,0,3,-2,-3,0,水属性攻撃強化,1,破壊王,1,,,,,,,水妖鳥の重殻,3,水妖鳥の厚鱗,2,水妖鳥の特大水袋,1,,,190,霊脈玉のかけら,1,いにしえの巨龍骨,1,0,2280
EXボロスコイルα,0,9,1,0,0,M1,118,156,-3,-1,3,-1,0,挑戦者,2,ガード性能,1,,,,,,,土砂竜の重甲,2,土砂竜の重頭殻,1,土砂竜の剛爪,1,豊沃なドロ,1,176,霊脈玉のかけら,1,いにしえの巨龍骨,1,0,2290
EXボロスコイルβ,0,9,4,0,0,M1,118,156,-3,-1,3,-1,0,挑戦者,2,,,,,,,,,土砂竜の重甲,2,土砂竜の重頭殻,1,土砂竜の剛爪,1,豊沃なドロ,1,176,霊脈玉のかけら,1,いにしえの巨龍骨,1,0,2300
EXジュラコイルα,0,9,3,0,0,M1,118,156,-1,2,-3,0,0,氷耐性,2,力の解放,1,,,,,,,泥魚竜の重殻,1,泥魚竜の厚鱗,1,特大水袋,2,,,176,霊脈玉のかけら,1,いにしえの巨龍骨,1,0,2310
EXジュラコイルβ,0,9,4,1,0,M1,118,156,-1,2,-3,0,0,氷耐性,2,,,,,,,,,泥魚竜の重殻,1,泥魚竜の厚鱗,1,特大水袋,2,,,176,霊脈玉のかけら,1,いにしえの巨龍骨,1,0,2320
EXブランコイルα,0,9,2,0,0,M1,118,156,-3,0,-2,3,2,体力増強,2,耳栓,2,,,,,,,凍魚竜の重殻,2,凍魚竜の厚鱗,1,瞬間凍結袋,2,,,176,霊脈玉のかけら,1,いにしえの巨龍骨,1,0,2330
EXブランコイルβ,0,9,4,1,0,M1,118,156,-3,0,-2,3,2,体力増強,2,耳栓,1,,,,,,,凍魚竜の重殻,2,凍魚竜の厚鱗,1,瞬間凍結袋,2,,,176,霊脈玉のかけら,1,いにしえの巨龍骨,1,0,2340
EXカガチコイルα,0,9,3,1,0,M1,120,158,0,-3,3,0,0,雷属性攻撃強化,2,雷耐性,1,,,,,,,飛雷竜の厚毛皮,2,飛雷竜の厚鱗,2,雷電袋,1,,,178,霊脈玉のかけら,1,いにしえの巨龍骨,1,0,2350
EXカガチコイルβ,0,9,4,1,0,M1,120,158,0,-3,3,0,0,雷属性攻撃強化,2,,,,,,,,,飛雷竜の厚毛皮,2,飛雷竜の厚鱗,2,雷電袋,1,,,178,霊脈玉のかけら,1,いにしえの巨龍骨,1,0,2360
EXベニカガチコイルα,0,9,2,0,0,M3,132,148,1,3,-3,-2,1,体術,1,納刀術,1,,,,,,,飛毒竜の厚毛皮,2,飛毒竜の厚鱗,1,飛毒竜の厚皮膜,2,激烈毒袋,2,190,霊脈玉のかけら,1,いにしえの巨龍骨,1,0,2370
EXベニカガチコイルβ,0,9,4,1,0,M3,132,148,1,3,-3,-2,1,体術,1,,,,,,,,,飛毒竜の厚毛皮,2,飛毒竜の厚鱗,1,飛毒竜の厚皮膜,2,激烈毒袋,2,190,霊脈玉のかけら,1,いにしえの巨龍骨,1,0,2380
EXハイメタコイルα,0,9,2,2,0,M1,128,166,0,-1,-2,3,0,砲弾装填数ＵＰ,1,防御,2,,,,,,,デプスライト鉱石,1,メランジェ鉱石,1,エルトライト鉱石,2,,,186,霊脈玉のかけら,1,いにしえの巨龍骨,1,0,2390
EXハイメタコイルβ,0,9,4,2,0,M1,128,166,0,-1,-2,3,0,砲弾装填数ＵＰ,1,防御,1,,,,,,,デプスライト鉱石,1,メランジェ鉱石,1,エルトライト鉱石,2,,,186,霊脈玉のかけら,1,いにしえの巨龍骨,1,0,2400
EXバフバロコイルα,0,9,3,0,0,M3,130,168,-2,2,-1,3,-3,キノコ大好き,1,攻めの守勢,1,,,,,,,猛牛竜の重甲,2,猛牛竜の重殻,1,凍てついた氷骨,2,,,178,霊脈玉のかけら,1,いにしえの巨龍骨,1,0,2410
EXバフバロコイルβ,0,9,4,1,0,M3,130,168,-2,2,-1,3,-3,キノコ大好き,1,,,,,,,,,猛牛竜の重甲,2,猛牛竜の重殻,1,凍てついた氷骨,2,,,178,霊脈玉のかけら,1,いにしえの巨龍骨,1,0,2420
EXジャナフコイルα,0,9,3,1,0,M4,132,170,3,-3,-1,-1,0,火耐性,2,砲術,1,蛮顎竜の覇気,1,,,,,蛮顎竜の厚毛皮,2,蛮顎竜の厚鱗,1,蛮顎竜の重牙,2,強靭な爪,2,190,霊脈玉のかけら,1,いにしえの巨龍骨,1,0,2430
EXジャナフコイルβ,0,9,4,2,0,M4,132,170,3,-3,-1,-1,0,火耐性,2,蛮顎竜の覇気,1,,,,,,,蛮顎竜の厚毛皮,2,蛮顎竜の厚鱗,1,蛮顎竜の重牙,2,強靭な爪,2,190,霊脈玉のかけら,1,いにしえの巨龍骨,1,0,2440
EXジャナールコイルα,0,11,1,0,0,M13,146,170,-1,-1,2,-3,0,弱点特効,2,アイテム使用強化,1,蛮顎竜の覇気,1,,,,,雷顎竜の厚毛皮,3,雷顎竜の重牙,1,雷顎竜の重鼻骨,1,雷顎竜の天鱗,1,190,霊脈玉,1,大竜玉,1,0,2450
EXジャナールコイルβ,0,11,4,1,0,M13,146,170,-1,-1,2,-3,0,弱点特効,1,アイテム使用強化,1,蛮顎竜の覇気,1,,,,,雷顎竜の厚毛皮,3,雷顎竜の重牙,1,雷顎竜の重鼻骨,1,雷顎竜の天鱗,1,190,霊脈玉,1,大竜玉,1,0,2460
EXレイアコイルα,0,9,3,2,0,M4,130,168,2,0,-2,0,-3,毒耐性,2,体力増強,1,雌火竜の真髄,1,,,,,雌火竜の重殻,2,雌火竜の厚鱗,1,強竜骨,4,,,188,霊脈玉のかけら,1,いにしえの巨龍骨,1,0,2470
EXレイアコイルβ,0,9,4,2,0,M4,130,168,2,0,-2,0,-3,毒耐性,1,体力増強,1,雌火竜の真髄,1,,,,,雌火竜の重殻,2,雌火竜の厚鱗,1,強竜骨,4,,,188,霊脈玉のかけら,1,いにしえの巨龍骨,1,0,2480
EXリオハートコイルα,0,9,3,0,0,M6,132,170,3,0,-3,0,-4,匠,1,毒耐性,2,雌火竜の真髄,1,,,,,桜火竜の重殻,2,桜火竜の厚鱗,1,強竜骨,4,メランジェ鉱石,3,190,霊脈玉のかけら,1,いにしえの巨龍骨,1,0,2490
EXリオハートコイルβ,0,9,4,0,0,M6,132,170,3,0,-3,0,-4,匠,1,毒耐性,1,雌火竜の真髄,1,,,,,桜火竜の重殻,2,桜火竜の厚鱗,1,強竜骨,4,メランジェ鉱石,3,190,霊脈玉のかけら,1,いにしえの巨龍骨,1,0,2500
EXウルムーコイルα,0,9,2,2,0,M4,130,168,-3,2,0,1,0,精霊の加護,2,風圧耐性,1,,,,,,,浮空竜の厚毛皮,2,浮空竜の厚鱗,2,浮空竜の剛翼,1,,,188,霊脈玉のかけら,1,いにしえの巨龍骨,1,0,2510
EXウルムーコイルβ,0,9,4,1,0,M4,130,168,-3,2,0,1,0,精霊の加護,1,風圧耐性,1,,,,,,,浮空竜の厚毛皮,2,浮空竜の厚鱗,2,浮空竜の剛翼,1,,,188,霊脈玉のかけら,1,いにしえの巨龍骨,1,0,2520
EXウルムメアコイルα,0,9,2,0,0,M4,132,170,-3,-3,2,1,1,睡眠属性強化,2,広域化,1,,,,,,,浮眠竜の厚毛皮,2,浮眠竜の厚鱗,2,浮眠竜の剛翼,2,,,190,霊脈玉のかけら,1,いにしえの巨龍骨,1,0,2530
EXウルムメアコイルβ,0,9,4,0,0,M4,132,170,-3,-3,2,1,1,睡眠属性強化,2,,,,,,,,,浮眠竜の厚毛皮,2,浮眠竜の厚鱗,2,浮眠竜の剛翼,2,,,190,霊脈玉のかけら,1,いにしえの巨龍骨,1,0,2540
EXバルキンコイルα,0,9,1,0,0,M4,134,172,0,2,0,-1,-2,ガード性能,2,睡眠耐性,2,,,,,,,骨鎚竜の重殻,2,骨鎚竜の重油殻,1,大竜骨塊,1,頑強な重骨,3,192,霊脈玉のかけら,1,いにしえの巨龍骨,1,0,2550
EXバルキンコイルβ,0,9,4,0,0,M4,134,172,0,2,0,-1,-2,ガード性能,2,,,,,,,,,骨鎚竜の重殻,2,骨鎚竜の重油殻,1,大竜骨塊,1,頑強な重骨,3,192,霊脈玉のかけら,1,いにしえの巨龍骨,1,0,2560
EXアーティアコイルα,0,10,1,1,0,,142,174,1,-2,-2,2,3,整備,2,見切り,1,太古の神秘,1,,,,,太古の破片,2,強竜骨,2,メランジェ鉱石,3,特大水袋,4,194,霊脈玉,1,ピュアクリスタル,2,0,2570
EXアーティアコイルβ,0,10,4,1,0,,142,174,1,-2,-2,2,3,整備,1,見切り,1,太古の神秘,1,,,,,太古の破片,2,強竜骨,2,メランジェ鉱石,3,特大水袋,4,194,霊脈玉,1,ピュアクリスタル,2,0,2580
EXアークロックコイルα,0,10,2,0,0,,142,174,2,2,2,-1,-1,破壊王,2,睡眠ビン追加,1,調査団の錬金術,1,,,,,スチームチケット,2,強竜骨,2,霊脈の結晶,4,濃縮麻痺袋,3,194,霊脈玉,1,ピュアクリスタル,2,0,2590
EXアークロックコイルβ,0,10,4,1,0,,142,174,2,2,2,-1,-1,破壊王,2,調査団の錬金術,1,,,,,,,スチームチケット,2,強竜骨,2,霊脈の結晶,4,濃縮麻痺袋,3,194,霊脈玉,1,ピュアクリスタル,2,0,2600
EXインゴットコイルα,0,10,2,0,0,M6,136,168,-2,0,3,-1,0,風圧耐性,2,属性解放／装填拡張,1,,,,,,,メランジェ鉱石,2,重竜骨,1,ピュアクリスタル,1,,,188,霊脈玉,1,ピュアクリスタル,2,0,2610
EXインゴットコイルβ,0,10,4,1,0,M6,136,168,-2,0,3,-1,0,風圧耐性,1,属性解放／装填拡張,1,,,,,,,メランジェ鉱石,2,重竜骨,1,ピュアクリスタル,1,,,188,霊脈玉,1,ピュアクリスタル,2,0,2620
EXベリオコイルα,0,10,3,0,0,M6,138,170,-3,2,-2,3,0,納刀術,1,体力回復量ＵＰ,1,氷牙竜の秘技,1,,,,,氷牙竜の厚毛皮,2,琥珀色の重殻,2,氷牙竜の重棘,2,ウルグの厚毛皮,2,190,霊脈玉,1,ピュアクリスタル,2,0,2630
EXベリオコイルβ,0,10,4,0,0,M6,138,170,-3,2,-2,3,0,納刀術,1,氷牙竜の秘技,1,,,,,,,氷牙竜の厚毛皮,2,琥珀色の重殻,2,氷牙竜の重棘,2,ウルグの厚毛皮,2,190,霊脈玉,1,ピュアクリスタル,2,0,2640
EXレウスコイルα,0,10,2,0,0,M7,140,172,3,1,-2,1,-3,火属性攻撃強化,2,集中,2,火竜の真髄,1,,,,,火竜の重殻,2,火竜の厚鱗,2,火竜の剛翼,2,業炎袋,3,192,霊脈玉,1,ピュアクリスタル,2,0,2650
EXレウスコイルβ,0,10,4,2,0,M7,140,172,3,1,-2,1,-3,火属性攻撃強化,2,火竜の真髄,1,,,,,,,火竜の重殻,2,火竜の厚鱗,2,火竜の剛翼,2,業炎袋,3,192,霊脈玉,1,ピュアクリスタル,2,0,2660
EXリオソウルコイルα,0,11,3,0,0,M13,148,172,3,2,2,-3,-4,風圧耐性,2,貫通弾・竜の一矢強化,1,火竜の真髄,1,,,,,蒼火竜の重殻,3,蒼火竜の厚鱗,2,蒼火竜の剛翼,1,翼竜の特上皮,3,192,霊脈玉,1,大竜玉,1,0,2670
EXリオソウルコイルβ,0,11,4,2,0,M13,148,172,3,2,2,-3,-4,風圧耐性,2,火竜の真髄,1,,,,,,,蒼火竜の重殻,3,蒼火竜の厚鱗,2,蒼火竜の剛翼,1,翼竜の特上皮,3,192,霊脈玉,1,大竜玉,1,0,2680
EXディアブロコイルα,0,10,2,0,0,M7,140,180,3,-2,0,-3,2,ランナー,2,抜刀術【技】,1,角竜の覇気,1,,,,,角竜の重甲,2,角竜の重殻,1,堅牢なねじれた角,1,ケストドンの重殻,3,192,霊脈玉,1,ピュアクリスタル,2,0,2690
EXディアブロコイルβ,0,10,4,1,0,M7,140,180,3,-2,0,-3,2,ランナー,2,角竜の覇気,1,,,,,,,角竜の重甲,2,角竜の重殻,1,堅牢なねじれた角,1,ケストドンの重殻,3,192,霊脈玉,1,ピュアクリスタル,2,0,2700
EXディアネロコイルα,0,11,2,0,0,M13,148,172,2,-3,0,-4,2,ＫＯ術,2,破壊王,1,角竜の覇気,1,,,,,黒角竜の重甲,3,黒角竜の重殻,1,堅牢な黒巻き角,1,大地を穿つ剛角,1,192,霊脈玉,1,大竜玉,1,0,2710
EXディアネロコイルβ,0,11,4,1,0,M13,148,172,2,-3,0,-4,2,ＫＯ術,2,角竜の覇気,1,,,,,,,黒角竜の重甲,3,黒角竜の重殻,1,堅牢な黒巻き角,1,大地を穿つ剛角,1,192,霊脈玉,1,大竜玉,1,0,2720
EXギエナコイルα,0,10,2,0,0,M7,140,170,-1,2,-3,3,0,氷属性攻撃強化,2,風圧耐性,2,風漂竜の覇気,1,,,,,風漂竜の厚皮,2,風漂竜の厚鱗,1,風漂竜の重尾膜,2,瞬間凍結袋,3,192,霊脈玉,1,ピュアクリスタル,2,0,2730
EXギエナコイルβ,0,10,4,1,0,M7,140,170,-1,2,-3,3,0,氷属性攻撃強化,2,風圧耐性,1,風漂竜の覇気,1,,,,,風漂竜の厚皮,2,風漂竜の厚鱗,1,風漂竜の重尾膜,2,瞬間凍結袋,3,192,霊脈玉,1,ピュアクリスタル,2,0,2740
EXブリーナコイルα,0,11,1,1,0,M12,146,170,-3,2,-1,3,0,回避距離ＵＰ,2,集中,1,風漂竜の覇気,1,,,,,氷霜をまとう皮,3,風漂竜の厚鱗,2,冷厳なる翼,1,瞬間凍結袋,4,190,霊脈玉,1,ピュアクリスタル,2,0,2750
EXブリーナコイルβ,0,11,4,0,0,M12,146,170,-3,2,-1,3,0,回避距離ＵＰ,2,風漂竜の覇気,1,,,,,,,氷霜をまとう皮,3,風漂竜の厚鱗,2,冷厳なる翼,1,瞬間凍結袋,4,190,霊脈玉,1,ピュアクリスタル,2,0,2760
EXガロンコイルα,0,10,2,0,0,M7,140,172,2,2,-2,-3,0,見切り,3,砥石使用高速化,1,惨爪竜の真髄,1,,,,,惨爪竜の強硬筋,2,惨爪竜の厚鱗,2,惨爪竜の重牙,1,重竜骨,4,192,霊脈玉,1,ピュアクリスタル,2,0,2770
EXガロンコイルβ,0,10,4,2,0,M7,140,172,2,2,-2,-3,0,見切り,2,惨爪竜の真髄,1,,,,,,,惨爪竜の強硬筋,2,惨爪竜の厚鱗,2,惨爪竜の重牙,1,重竜骨,4,192,霊脈玉,1,ピュアクリスタル,2,0,2780
EXデスガロンコイルα,0,11,2,1,0,M14,148,172,-2,-3,-2,-2,4,龍属性攻撃強化,2,力の解放,1,惨爪竜の真髄,1,,,,,兇爪竜の強硬筋,3,兇爪竜の厚鱗,2,兇爪竜の重牙,3,剛竜骨,4,192,霊脈玉,1,大竜玉,1,0,2790
EXデスガロンコイルβ,0,11,4,2,0,M14,148,172,-2,-3,-2,-2,4,龍属性攻撃強化,2,惨爪竜の真髄,1,,,,,,,兇爪竜の強硬筋,3,兇爪竜の厚鱗,2,兇爪竜の重牙,3,剛竜骨,4,192,霊脈玉,1,大竜玉,1,0,2800
EXラヴァコイルα,0,10,1,0,0,M7,140,172,3,-3,1,-2,2,納刀術,2,体力回復量ＵＰ,2,,,,,,,溶岩竜の重殻,2,溶岩竜の厚鱗,1,溶岩竜の特上ヒレ,2,メランジェ鉱石,4,192,霊脈玉,1,ピュアクリスタル,2,0,2810
EXラヴァコイルβ,0,10,4,0,0,M7,140,172,3,-3,1,-2,2,納刀術,2,体力回復量ＵＰ,1,,,,,,,溶岩竜の重殻,2,溶岩竜の厚鱗,1,溶岩竜の特上ヒレ,2,メランジェ鉱石,4,192,霊脈玉,1,ピュアクリスタル,2,0,2820
EXガンキンコイルα,0,10,2,1,0,M7,144,176,4,-3,1,-2,-2,破壊王,1,ガード性能,1,爆鎚竜の覇気,1,,,,,爆鎚竜の重殻,2,爆鎚竜の厚鱗,2,爆鎚竜の重顎,1,重竜骨,4,196,霊脈玉,1,ピュアクリスタル,2,0,2830
EXガンキンコイルβ,0,10,4,2,0,M7,144,176,4,-3,1,-2,-2,破壊王,1,爆鎚竜の覇気,1,,,,,,,爆鎚竜の重殻,2,爆鎚竜の厚鱗,2,爆鎚竜の重顎,1,重竜骨,4,196,霊脈玉,1,ピュアクリスタル,2,0,2840
EXナルガコイルα,0,10,1,0,0,M7,140,172,-2,2,-3,0,0,回避性能,2,スタミナ急速回復,1,迅竜の真髄,1,,,,,迅竜の豪黒毛,2,迅竜の剛刃翼,2,迅竜の靭尾,1,迅竜の天鱗,1,192,霊脈玉,1,ピュアクリスタル,2,0,2850
EXナルガコイルβ,0,10,4,0,0,M7,140,172,-2,2,-3,0,0,回避性能,1,スタミナ急速回復,1,迅竜の真髄,1,,,,,迅竜の豪黒毛,2,迅竜の剛刃翼,2,迅竜の靭尾,1,迅竜の天鱗,1,192,霊脈玉,1,ピュアクリスタル,2,0,2860
EXディノコイルα,0,10,1,1,0,M7,142,174,3,-3,1,-1,-1,渾身,2,通常弾・通常矢強化,1,斬竜の真髄,1,,,,,斬竜の重殻,2,斬竜の厚鱗,2,斬竜の重牙,1,赤熱した溶炉嚢,2,194,霊脈玉,1,ピュアクリスタル,2,0,2870
EXディノコイルβ,0,10,4,0,0,M7,142,174,3,-3,1,-1,-1,渾身,2,斬竜の真髄,1,,,,,,,斬竜の重殻,2,斬竜の厚鱗,2,斬竜の重牙,1,赤熱した溶炉嚢,2,194,霊脈玉,1,ピュアクリスタル,2,0,2880
EXディノイエロコイルα,0,11,2,0,0,M14,150,174,-3,2,-1,2,-1,匠,2,防御力ＤＯＷＮ耐性,2,斬竜の真髄,1,,,,,硫斬竜の重殻,3,硫斬竜の厚鱗,3,硫斬竜の重牙,2,削られた硫晶片,3,194,霊脈玉,1,大竜玉,1,0,2890
EXディノイエロコイルβ,0,11,4,0,0,M14,150,174,-3,2,-1,2,-1,匠,2,斬竜の真髄,1,,,,,,,硫斬竜の重殻,3,硫斬竜の厚鱗,3,硫斬竜の重牙,2,削られた硫晶片,3,194,霊脈玉,1,大竜玉,1,0,2900
EXブラキコイルα,0,10,3,0,0,M9,142,174,3,-2,1,-3,1,爆破属性強化,2,スタミナ奪取,1,砕竜の真髄,1,,,,,砕竜の重黒曜甲,2,砕竜の重頭殻,1,砕竜の靭尾,1,光る粘菌,3,194,霊脈玉,1,ピュアクリスタル,2,0,2910
EXブラキコイルβ,0,10,4,2,0,M9,142,174,3,-2,1,-3,1,爆破属性強化,2,砕竜の真髄,1,,,,,,,砕竜の重黒曜甲,2,砕竜の重頭殻,1,砕竜の靭尾,1,光る粘菌,3,194,霊脈玉,1,ピュアクリスタル,2,0,2920
EXレックスコイルα,0,10,3,1,0,M9,142,174,2,0,-3,0,-2,耳栓,1,満足感,1,轟竜の真髄,1,,,,,轟竜の重殻,2,轟竜の厚鱗,2,轟竜の重牙,1,頑強な重骨,5,194,霊脈玉,1,ピュアクリスタル,2,0,2930
EXレックスコイルβ,0,10,4,2,1,M9,142,174,2,0,-3,0,-2,耳栓,1,轟竜の真髄,1,,,,,,,轟竜の重殻,2,轟竜の厚鱗,2,轟竜の重牙,1,頑強な重骨,5,194,霊脈玉,1,ピュアクリスタル,2,0,2940
EXレックスロアコイルα,0,11,2,0,0,M70,156,182,3,-4,-2,0,0,体力回復量ＵＰ,3,弱点特効,1,轟竜の真髄,1,,,,,黒轟竜の重殻,3,黒轟竜の剛爪,3,轟竜の靭尾,1,黄昏の結晶,3,200,霊脈玉,1,大竜玉,1,0,2950
EXレックスロアコイルβ,0,11,4,0,0,M70,156,182,3,-4,-2,0,0,体力回復量ＵＰ,2,弱点特効,1,轟竜の真髄,1,,,,,黒轟竜の重殻,3,黒轟竜の剛爪,3,轟竜の靭尾,1,黄昏の結晶,3,200,霊脈玉,1,大竜玉,1,0,2960
EXクロオビコイルα,0,11,3,0,0,,150,174,1,1,1,1,2,体力回復量ＵＰ,2,ランナー,1,教官の導き,1,,,,,クロオビコイン,2,ウルムーコイン,3,咬魚の鋼ヒゲ,2,,,194,霊脈玉,1,大竜玉,1,0,2970
EXクロオビコイルβ,0,11,4,1,0,,150,174,1,1,1,1,2,体力回復量ＵＰ,2,教官の導き,1,,,,,,,クロオビコイン,2,ウルムーコイン,3,咬魚の鋼ヒゲ,2,,,194,霊脈玉,1,大竜玉,1,0,2980
EXドーベルコイルα,0,11,2,1,0,M17,152,176,-2,0,-1,-1,4,攻撃,2,気絶耐性,2,,,,,,,太古龍骨,2,頑強な重骨,3,角竜の重尾甲,1,強竜骨,5,196,霊脈玉,1,大竜玉,1,0,2990
EXドーベルコイルβ,0,11,4,2,0,M17,152,176,-2,0,-1,-1,4,攻撃,1,気絶耐性,1,,,,,,,太古龍骨,2,頑強な重骨,3,角竜の重尾甲,1,強竜骨,5,196,霊脈玉,1,大竜玉,1,0,3000
EXダマスクコイルα,0,11,3,2,0,M17,152,176,4,-2,0,0,0,集中,1,ガード性能,1,,,,,,,古龍の浄血,2,メランジェ鉱石,3,雌火竜の厚翼膜,1,デプスライト鉱石,1,196,霊脈玉,1,大竜玉,1,0,3010
EXダマスクコイルβ,0,11,4,3,1,M17,152,176,4,-2,0,0,0,集中,1,,,,,,,,,古龍の浄血,2,メランジェ鉱石,3,雌火竜の厚翼膜,1,デプスライト鉱石,1,196,霊脈玉,1,大竜玉,1,0,3020
EXプライドコイルα,0,11,3,0,0,M18,154,178,3,1,-2,-4,-2,ボマー,2,抜刀術【技】,1,爆鱗竜の覇気,1,,,,,紅蓮にゆれる銀殻,3,爆鱗竜の厚鱗,2,爆鱗竜の剛爪,3,堅牢なねじれた角,2,198,霊脈玉,1,大竜玉,1,0,3030
EXプライドコイルβ,0,11,4,2,0,M18,154,178,3,1,-2,-4,-2,ボマー,2,爆鱗竜の覇気,1,,,,,,,紅蓮にゆれる銀殻,3,爆鱗竜の厚鱗,2,爆鱗竜の剛爪,3,堅牢なねじれた角,2,196,霊脈玉,1,大竜玉,1,0,3040
EXグリードコイルα,0,11,1,0,0,M21,156,180,2,1,-3,1,-3,スタミナ奪取,2,匠,1,恐暴竜の真髄,1,,,,,恐暴竜の厚黒皮,3,ドス黒い血,3,恐暴竜の剛鉤爪,1,火竜の天鱗,1,200,霊脈玉,1,大竜玉,1,0,3050
EXグリードコイルβ,0,11,4,1,0,M21,156,180,2,1,-3,1,-3,スタミナ奪取,2,恐暴竜の真髄,1,,,,,,,恐暴竜の厚黒皮,3,ドス黒い血,3,恐暴竜の剛鉤爪,1,火竜の天鱗,1,200,霊脈玉,1,大竜玉,1,0,3060
EXラヴィーナコイルα,0,12,2,1,0,M17,154,178,-3,2,-1,4,-1,ひるみ軽減,1,災禍転福,1,冰龍の神秘,1,,,,,冰龍の重殻,3,冰龍の厚龍鱗,2,冰龍の剛爪,1,古龍の浄血,2,192,大霊脈玉,1,古龍の浄血,2,0,3070
EXラヴィーナコイルβ,0,12,4,1,0,M17,154,178,-3,2,-1,4,-1,ひるみ軽減,1,冰龍の神秘,1,,,,,,,冰龍の重殻,3,冰龍の厚龍鱗,2,冰龍の剛爪,1,古龍の浄血,2,192,大霊脈玉,1,古龍の浄血,2,0,3080
EXヴァルファーコイルα,0,12,2,1,0,M19,156,180,-2,4,1,1,-3,早食い,2,フルチャージ,1,屍套龍の霊脈,1,,,,,屍套龍の重殻,3,死屍の厚龍鱗,2,屍套龍の剛翼,4,死屍を紡いだ被膜,2,194,大霊脈玉,1,古龍の浄血,2,0,3090
EXヴァルファーコイルβ,0,12,4,2,0,M19,156,180,-2,4,1,1,-3,早食い,2,屍套龍の霊脈,1,,,,,,,屍套龍の重殻,3,死屍の厚龍鱗,2,屍套龍の剛翼,4,死屍を紡いだ被膜,2,194,大霊脈玉,1,古龍の浄血,2,0,3100
EXカイザーコイルα,0,12,3,0,0,M19,156,180,3,-3,1,-3,1,爆破属性強化,2,弱点特効,1,炎王龍の武技,1,,,,,炎王龍の重殻,3,獄炎の厚龍鱗,3,炎王龍の剛翼,2,古龍の浄血,3,194,大霊脈玉,1,古龍の浄血,2,0,3110
EXカイザーコイルβ,0,12,4,2,1,M19,156,180,3,-3,1,-3,1,爆破属性強化,2,炎王龍の武技,1,,,,,,,炎王龍の重殻,3,獄炎の厚龍鱗,3,炎王龍の剛翼,2,古龍の浄血,3,194,大霊脈玉,1,古龍の浄血,2,0,3120
EXクシャナアンダα,0,12,2,0,0,M19,156,180,0,2,-3,4,-2,氷属性攻撃強化,3,回避距離ＵＰ,1,鋼龍の飛翔,1,,,,,鋼龍の重殻,4,鋼の厚龍鱗,3,鋼龍の剛角,1,琥珀色の重牙,3,194,大霊脈玉,1,古龍の浄血,2,0,3130
EXクシャナアンダβ,0,12,4,1,0,M19,156,180,0,2,-3,4,-2,氷属性攻撃強化,3,鋼龍の飛翔,1,,,,,,,鋼龍の重殻,4,鋼の厚龍鱗,3,鋼龍の剛角,1,琥珀色の重牙,3,194,大霊脈玉,1,古龍の浄血,2,0,3140
EXキリンフープα,0,12,2,0,0,M19,154,172,-3,-2,4,-2,2,属性やられ耐性,2,属性解放／装填拡張,1,幻獣の神秘,1,,,,,幻獣の銀たてがみ,3,幻獣の特上皮,2,古龍の浄血,1,ピュアクリスタル,1,192,大霊脈玉,1,古龍の浄血,2,0,3150
EXキリンフープβ,0,12,4,1,1,M19,154,172,-3,-2,4,-2,2,属性やられ耐性,2,幻獣の神秘,1,,,,,,,幻獣の銀たてがみ,3,幻獣の特上皮,2,古龍の浄血,1,ピュアクリスタル,1,192,大霊脈玉,1,古龍の浄血,2,0,3160
EXテンタクルコイルα,0,12,1,1,1,M20,158,176,-3,4,3,0,-2,体術,2,スタミナ急速回復,1,溟龍の神秘,1,,,,,溟龍の特上皮,2,溟龍の幻曜ヒゲ,2,溟龍の靭尾,1,古龍の大宝玉,1,196,大霊脈玉,1,古龍の浄血,2,0,3170
EXテンタクルコイルβ,0,12,4,1,1,M20,158,176,-3,4,3,0,-2,体術,1,スタミナ急速回復,1,溟龍の神秘,1,,,,,溟龍の特上皮,2,溟龍の幻曜ヒゲ,2,溟龍の靭尾,1,古龍の大宝玉,1,196,大霊脈玉,1,古龍の浄血,2,0,3180
EXギルドパレスコイルα,0,11,1,1,0,M70,154,178,1,2,2,1,1,挑戦者,3,死中に活,1,ギルドの見識,1,,,,,英雄王のコイン,1,レックスコイン,3,クロオビコイン,2,溟龍の剛翼,3,194,霊脈玉,1,大竜玉,1,0,3190
EXギルドパレスコイルβ,0,11,4,1,0,M70,154,178,1,2,2,1,1,挑戦者,2,死中に活,1,ギルドの見識,1,,,,,英雄王のコイン,1,レックスコイン,3,クロオビコイン,2,溟龍の剛翼,3,194,霊脈玉,1,大竜玉,1,0,3200
EXアンガルダコイルα,0,12,3,2,0,M23,162,180,0,-2,3,-3,0,体力増強,2,体力回復量ＵＰ,1,地啼龍の神秘,1,,,,,地啼龍の厳岩殻,4,地啼龍の慈鱗,2,地啼龍の散華石,3,大竜玉,1,200,大霊脈玉,1,古龍の浄血,2,0,3210
EXアンガルダコイルβ,0,12,4,3,0,M23,162,180,0,-2,3,-3,0,体力増強,2,地啼龍の神秘,1,,,,,,,地啼龍の厳岩殻,4,地啼龍の慈鱗,2,地啼龍の散華石,3,大竜玉,1,200,大霊脈玉,1,古龍の浄血,2,0,3220
EXゾラマグナスパインα,0,12,3,2,0,M24,160,178,4,-3,-1,-2,-3,耐震,1,砲術,1,熔山龍の真髄,1,,,,,龍脈の強竜骨,2,太古龍骨,2,古龍の浄血,3,覇王の証,1,198,大霊脈玉,1,古龍の浄血,2,0,3230
EXゾラマグナスパインβ,0,12,4,3,0,M24,160,178,4,-3,-1,-2,-3,耐震,1,熔山龍の真髄,1,,,,,,,龍脈の強竜骨,2,太古龍骨,2,古龍の浄血,3,覇王の証,1,198,大霊脈玉,1,古龍の浄血,2,0,3240
EXガルルガコイルα,0,11,1,1,0,M24,154,178,2,-3,2,-2,-2,逆恨み,2,毒属性強化,2,,,,,,,黒狼鳥の重殻,2,黒狼鳥の剛翼,2,黒狼鳥の靭尾,1,幻鳥竜玉,1,198,霊脈玉,1,大竜玉,1,0,3250
EXガルルガコイルβ,0,11,4,3,0,M24,154,178,2,-3,2,-2,-2,逆恨み,2,,,,,,,,,黒狼鳥の重殻,2,黒狼鳥の剛翼,2,黒狼鳥の靭尾,1,幻鳥竜玉,1,198,霊脈玉,1,大竜玉,1,0,3260
EXジンオウコイルα,0,11,2,0,0,M24,158,182,-1,-1,4,-4,1,強化持続,1,雷属性攻撃強化,2,雷狼竜の真髄,1,,,,,雷狼竜の雷電毛,3,雷狼竜の重殻,2,雷狼竜の剛角,1,森林の結晶,3,202,霊脈玉,1,大竜玉,1,0,3270
EXジンオウコイルβ,0,11,4,2,0,M24,158,182,-1,-1,4,-4,1,強化持続,1,雷狼竜の真髄,1,,,,,,,雷狼竜の雷電毛,3,雷狼竜の重殻,2,雷狼竜の剛角,1,森林の結晶,3,202,霊脈玉,1,大竜玉,1,0,3280
EXギルドワークウエストα,0,12,3,2,0,M24,162,180,2,1,1,2,2,探索者の幸運,1,感知,1,ギルドの見識,1,,,,,調査団チケットG,1,瘴気の結晶,2,瘴気を放つ狂骨,2,テルマエチケット,1,200,大霊脈玉,1,古龍の浄血,2,0,3290
EXギルドワークウエストβ,0,12,4,3,0,M24,162,180,2,1,1,2,2,探索者の幸運,1,ギルドの見識,1,,,,,,,調査団チケットG,1,瘴気の結晶,2,瘴気を放つ狂骨,2,テルマエチケット,1,200,大霊脈玉,1,古龍の浄血,2,0,3300
EXゴールドルナコイルα,0,12,2,2,0,M70,162,180,3,-2,-4,0,4,精霊の加護,3,体力増強,1,金火竜の真髄,1,,,,,金火竜の重殻,4,金火竜の厚鱗,2,金火竜の秘棘,1,龍脈の剛竜骨,8,200,大霊脈玉,1,古龍の浄血,2,0,3310
EXゴールドルナコイルβ,0,12,4,2,0,M70,162,180,3,-2,-4,0,4,精霊の加護,3,金火竜の真髄,1,,,,,,,金火竜の重殻,4,金火竜の厚鱗,2,金火竜の秘棘,1,龍脈の剛竜骨,8,200,大霊脈玉,1,古龍の浄血,2,0,3320
EXシルバーソルコイルα,0,12,1,1,0,M70,162,180,4,-3,-2,-2,3,風圧耐性,2,超会心,1,銀火竜の真髄,1,,,,,銀火竜の重殻,4,銀火竜の剛翼,4,火竜の煌液,3,導きの龍骨【珊瑚礁】,3,200,大霊脈玉,1,古龍の浄血,2,0,3330
EXシルバーソルコイルβ,0,12,4,1,0,M70,162,180,4,-3,-2,-2,3,風圧耐性,1,超会心,1,銀火竜の真髄,1,,,,,銀火竜の重殻,4,銀火竜の剛翼,4,火竜の煌液,3,導きの龍骨【珊瑚礁】,3,200,大霊脈玉,1,古龍の浄血,2,0,3340
EXエンプレスコイルα,0,12,2,2,0,M50,164,182,3,1,1,-3,-2,体力増強,2,爆破属性強化,2,炎妃龍の真髄,1,,,,,炎妃龍の重殻,3,炎妃龍の厚鱗,3,炎妃龍の剛角,1,炎龍の塵粉,4,202,大霊脈玉,1,古龍の浄血,2,0,3350
EXエンプレスコイルβ,0,12,4,2,0,M50,164,182,3,1,1,-3,-2,体力増強,2,炎妃龍の真髄,1,,,,,,,炎妃龍の重殻,3,炎妃龍の厚鱗,3,炎妃龍の剛角,1,炎龍の塵粉,4,202,大霊脈玉,1,古龍の浄血,2,0,3360
EXゾークコイルα,0,12,2,1,0,M100,166,184,1,1,-3,1,-3,攻撃,3,耳栓,1,滅尽龍の覇気,1,,,,,滅尽龍の重殻,3,不滅の厚龍鱗,1,殲滅の大剛角,2,火竜の天鱗,1,204,大霊脈玉,1,古龍の浄血,2,0,3370
EXゾークコイルβ,0,12,4,1,0,M100,166,184,1,1,-3,1,-3,攻撃,2,耳栓,1,滅尽龍の覇気,1,,,,,滅尽龍の重殻,3,不滅の厚龍鱗,1,殲滅の大剛角,2,火竜の天鱗,1,204,大霊脈玉,1,古龍の浄血,2,0,3380
EX金色ノ帯α,0,11,3,1,0,M24,158,182,2,0,3,-5,2,弱点特効,1,匠,1,金獅子の怒気,1,,,,,金獅子の黒荒毛,4,金獅子の剛角,1,金獅子の重牙,4,黄金の煌毛,1,202,霊脈玉,1,大竜玉,1,0,3390
EX金色ノ帯β,0,11,4,3,0,M24,158,182,2,0,3,-5,2,弱点特効,1,金獅子の怒気,1,,,,,,,金獅子の黒荒毛,4,金獅子の剛角,1,金獅子の重牙,4,黄金の煌毛,1,202,霊脈玉,1,大竜玉,1,0,3400
EX斉天ノ帯α,0,12,1,1,1,M24,170,188,2,0,3,-5,2,渾身,2,火事場力,2,金獅子の闘志,1,,,,,金獅子の怒髪天,2,羅刹の金剛角,1,金獅子の剛爪,5,冰龍の零玉,1,208,大霊脈玉,1,古龍の浄血,2,0,3410
EX斉天ノ帯β,0,12,4,2,1,M24,170,188,2,0,3,-5,2,渾身,2,金獅子の闘志,1,,,,,,,金獅子の怒髪天,2,羅刹の金剛角,1,金獅子の剛爪,5,冰龍の零玉,1,208,大霊脈玉,1,古龍の浄血,2,0,3420
EXゴクオウコイルα,0,11,1,1,1,M24,160,184,2,-4,-5,0,4,力の解放,3,耳栓,2,雷狼竜の真髄,1,,,,,獄狼竜の滅龍毛,3,獄狼竜の滅龍殻,2,獄狼竜の剛角,2,獄狼竜の天玉,1,204,霊脈玉,1,大竜玉,1,0,3430
EXゴクオウコイルβ,0,11,4,1,1,M24,160,184,2,-4,-5,0,4,力の解放,3,耳栓,1,雷狼竜の真髄,1,,,,,獄狼竜の滅龍毛,3,獄狼竜の滅龍殻,2,獄狼竜の剛角,2,獄狼竜の天玉,1,204,霊脈玉,1,大竜玉,1,0,3440
EX龍紋ヲ刻マレシ封帯α,0,12,3,0,0,M24,168,186,2,1,1,1,-1,回避性能,2,渾身,1,赤龍の封印,1,,,,,赤龍の厚鱗,7,赤龍の重殻,6,赤龍の剛角,5,冰龍の零玉,1,206,大霊脈玉,1,古龍の浄血,2,0,3450
EX龍紋ヲ刻マレシ封帯β,0,12,4,1,0,M24,168,186,2,1,1,1,-1,回避性能,2,赤龍の封印,1,,,,,,,赤龍の厚鱗,7,赤龍の重殻,6,赤龍の剛角,5,冰龍の零玉,1,206,大霊脈玉,1,古龍の浄血,2,0,3460
EXブラキウムコイルα,0,12,3,0,0,M24,170,188,3,-2,1,-3,1,挑戦者,3,砲術,2,砕竜の闘志,1,,,,,不壊の黒曜甲,2,砕竜の撃滅拳,1,砕竜の靭尾,1,爆鱗竜の天鱗,1,208,大霊脈玉,1,古龍の浄血,2,0,3470
EXブラキウムコイルβ,0,12,4,1,0,M24,170,188,3,-2,1,-3,1,挑戦者,3,砕竜の闘志,1,,,,,,,不壊の黒曜甲,2,砕竜の撃滅拳,1,砕竜の靭尾,1,爆鱗竜の天鱗,1,208,大霊脈玉,1,古龍の浄血,2,0,3480
EXオルムングコイルα,0,11,3,3,1,M24,162,186,-3,2,-2,3,0,納刀術,1,抜刀術【技】,1,氷牙竜の絶技,1,,,,,氷牙竜チケット,1,銀雪を冠した毛皮,3,氷河を砕く剣爪,1,グラシスメタル,4,206,霊脈玉,1,大竜玉,1,0,3490
EXオルムングコイルβ,0,11,4,3,1,M24,162,186,-3,2,-2,3,0,納刀術,1,氷牙竜の絶技,1,,,,,,,氷牙竜チケット,1,銀雪を冠した毛皮,3,氷河を砕く剣爪,1,グラシスメタル,4,206,霊脈玉,1,大竜玉,1,0,3500
EXエスカドラマイトα,0,12,3,1,0,M24,160,178,3,0,0,3,2,攻撃,4,龍耐性,3,煌黒龍の神秘,1,,,,,煌黒龍の天殻,3,煌黒龍の邪翼,2,天を統べる角,1,瑠璃色の龍神玉,1,198,大霊脈玉,1,古龍の浄血,2,0,3510
EXエスカドラマイトβ,0,12,4,1,0,M24,160,178,3,0,0,3,2,攻撃,3,龍耐性,3,煌黒龍の神秘,1,,,,,煌黒龍の天殻,3,煌黒龍の邪翼,2,天を統べる角,1,瑠璃色の龍神玉,1,198,大霊脈玉,1,古龍の浄血,2,0,3520
EXドラゴンスパインα,0,12,4,3,3,M24,180,198,-1,2,2,0,-4,見切り,3,弱点特効,1,黒龍の伝説,1,,,,,黒龍の重殻,3,黒龍の剛翼,2,黒龍の重胸殻,2,不滅の炉心殻,1,218,大霊脈玉,1,古龍の浄血,2,0,3530
EXドラゴンスパインβ,0,12,4,4,4,M24,180,198,-1,2,2,0,-4,見切り,2,黒龍の伝説,1,,,,,,,黒龍の重殻,3,黒龍の剛翼,2,黒龍の重胸殻,2,不滅の炉心殻,1,218,大霊脈玉,1,古龍の浄血,2,0,3540
EXマムガイラコイルα,0,12,2,1,1,M24,176,194,4,-2,3,-2,-4,フルチャージ,2,満足感,1,爛輝龍の真髄,1,,,,,爛輝龍の重金鱗,4,爛輝龍の重金尾殻,2,爛輝龍の重金塊,5,爛輝龍の重金巻角,2,214,大霊脈玉,1,古龍の浄血,2,0,3550
EXマムガイラコイルβ,0,12,4,2,0,M24,176,194,4,-2,3,-2,-4,フルチャージ,2,爛輝龍の真髄,1,,,,,,,爛輝龍の重金鱗,4,爛輝龍の重金尾殻,2,爛輝龍の重金塊,5,爛輝龍の重金巻角,2,214,大霊脈玉,1,古龍の浄血,2,0,3560
EXテンタクルコイルγ,0,12,4,2,0,M100,176,194,-3,4,3,0,-2,回避距離ＵＰ,3,回復速度,2,溟龍の神秘,1,,,,,溟龍チケット,1,溟龍の特上皮,5,溟龍の剛翼,5,溟龍の剛爪,3,214,大霊脈玉,1,古龍の浄血,2,0,3570
EXラヴィーナコイルγ,0,12,4,1,0,M100,180,198,-3,2,-1,4,-1,集中,3,納刀術,1,冰龍の神秘,1,,,,,冰龍チケット,1,冰龍の重殻,5,冰龍の靭尾,4,古龍の大宝玉,1,218,大霊脈玉,1,古龍の浄血,2,0,3580
EXウーロンウエストα,0,9,1,1,0,M1,120,158,1,1,1,4,1,体術,3,万福の祝福,1,,,,,,,万福チケット,1,霊脈の結晶,2,,,,,178,霊脈玉のかけら,1,いにしえの巨龍骨,1,0,3590
EXアストラスカートα,0,9,4,1,0,M1,140,178,2,2,2,2,2,ひるみ軽減,2,大感謝の祝福,1,,,,,,,大感謝チケット,1,グラシスメタル,1,強竜骨,1,,,198,霊脈玉のかけら,1,いにしえの巨龍骨,1,0,3600
EXローゼベルトα,0,10,4,1,0,M9,150,182,4,1,1,1,1,逆恨み,3,満開の祝福,1,,,,,,,満開チケット,1,重竜骨,1,いにしえの巨龍骨,1,,,202,霊脈玉,1,ピュアクリスタル,2,0,3610
EXパッションベルトα,0,10,1,1,0,M12,156,188,1,4,1,1,1,植生学,4,情熱の祝福,1,,,,,,,情熱チケット,1,剛竜骨,1,,,,,208,霊脈玉,1,ピュアクリスタル,2,0,3620
EX魔界ノ主【革帯】α,0,11,1,1,0,M11,162,186,1,1,4,1,1,属性解放／装填拡張,3,ホラーナイトの祝福,1,,,,,,,ホラーナイトチケット,1,太古龍骨,1,死屍の厚龍鱗,1,,,206,霊脈玉,1,大竜玉,1,0,3630
EX蒼世ノ侍【帯】α,0,12,4,1,1,"M18 ",170,188,2,2,0,0,3,スリンガー装填数ＵＰ,2,水属性攻撃強化,3,銀火竜の真髄,1,,,,,蒼世の大宝玉,1,銀雪を冠した毛皮,2,氷河を砕く剣爪,1,冰龍の剛爪,1,208,大霊脈玉,1,古龍の浄血,2,0,3640
EXバヌークコイルα,0,12,4,1,1,M24,160,178,2,0,2,2,2,ランナー,2,水場・深雪適応,1,蛮顎竜の覇気,1,,,,,デーモンチケット,1,恐暴竜の厚黒皮,2,恐暴竜の厚黒鱗,1,ウルグの厚毛皮,2,198,大霊脈玉,1,古龍の浄血,2,0,3650
EXマッスルウエストα,0,11,4,0,0,M24,154,178,2,-1,0,-1,-3,挑戦者,2,火事場力,3,,,,,,,マッスルチケット,1,金獅子の黒荒毛,3,金獅子の尻尾,2,,,198,霊脈玉,1,大竜玉,1,0,3660
EXアルテミスコイルα,0,11,3,0,0,M1,140,164,2,2,1,1,2,属性やられ耐性,2,体力回復量ＵＰ,2,New World,1,,,,,チョコレート,1,,,,,,,184,霊脈玉,1,大竜玉,1,0,3710
EXレオンウエストα,0,12,4,0,0,M20,150,168,3,2,2,3,0,挑戦者,1,攻撃,1,サバイバー,1,,,,,※ワンセット,0,,,,,,,188,大霊脈玉,1,古龍の浄血,2,1,3740
EXクレアウエストα,0,12,4,0,0,M20,150,168,3,2,2,3,0,挑戦者,1,スタミナ急速回復,2,サバイバー,1,,,,,※ワンセット,0,,,,,,,188,大霊脈玉,1,古龍の浄血,2,1,3750
EXシールドウィーバー・腰,0,12,3,1,0,M24,132,150,-1,-1,3,-1,2,逆恨み,3,動力源,1,,,,,,,※ワンセット,0,,,,,,,170,大霊脈玉,1,古龍の浄血,2,1,3760