#名前,"性別(0=両,1=男,2=女)",レア度,スロット1,スロット2,スロット3,入手時期,初期防御力,最終防御力,火耐性,水耐性,雷耐性,氷耐性,龍耐性,スキル系統1,スキル値1,スキル系統2,スキル値2,スキル系統3,スキル値3,スキル系統4,スキル値4,スキル系統5,スキル値5,生産素材1,個数,生産素材2,個数,生産素材3,個数,生産素材4,個数,カスタム強化防御力,カスタム強化素材1,個数1,カスタム強化素材2,個数2,ワンセット防具,仮番号
レザーベスト,0,1,0,0,0,1,2,38,2,0,0,0,0,,,,,,,,,,,鉄鉱石,1,,,,,,,68,龍脈石のかけら,1,ユニオン鉱石,3,0,10
チェーンベスト,0,1,0,0,0,1,2,38,0,2,0,0,0,,,,,,,,,,,鉄鉱石,1,,,,,,,68,龍脈石のかけら,1,ユニオン鉱石,3,0,20
ハンターメイル,0,1,0,0,0,1,6,42,2,2,0,0,0,スリンガー装填数ＵＰ,1,,,,,,,,,ジャグラスの皮,2,竜骨【小】,2,,,,,72,龍脈石のかけら,1,ユニオン鉱石,3,0,30
ボーンメイル,0,1,0,0,0,1,6,42,2,0,2,0,2,攻撃,1,,,,,,,,,竜骨【小】,1,太古の大骨,1,,,,,72,龍脈石のかけら,1,ユニオン鉱石,3,0,40
ランゴメイル,0,1,0,0,0,3,8,44,-2,1,1,1,2,風圧耐性,1,,,,,,,,,ランゴスタの甲殻,1,マカライト鉱石,1,,,,,74,龍脈石のかけら,1,ユニオン鉱石,3,0,50
ジャグラスメイル,0,1,0,0,0,2,8,44,-2,2,-1,-1,1,威嚇,1,,,,,,,,,賊竜の皮,2,賊竜の爪,1,賊竜の鱗,2,竜骨【小】,3,74,龍脈石のかけら,1,ユニオン鉱石,3,0,80
クルルメイル,0,1,0,0,0,2,10,46,0,-3,0,1,0,スタミナ急速回復,1,,,,,,,,,掻鳥の皮,2,掻鳥の飾り羽,1,掻鳥のクチバシ,1,マカライト鉱石,2,76,龍脈石のかけら,1,ユニオン鉱石,3,0,90
アロイメイル,0,2,0,0,0,3,8,40,-2,1,-2,-2,1,水耐性,1,,,,,,,,,マカライト鉱石,3,鉄鉱石,6,大地の結晶,1,,,66,龍脈石のかけら,1,ユニオン鉱石,3,0,100
プケプケメイル,0,2,0,0,0,2,12,44,0,3,-3,0,1,アイテム使用強化,1,,,,,,,,,毒妖鳥の鱗,2,毒妖鳥の甲殻,1,鉄鉱石,3,,,70,龍脈石のかけら,1,ユニオン鉱石,3,0,110
ボロスメイル,0,2,0,0,0,3,14,38,-3,-1,3,-1,0,スタミナ奪取,1,,,,,,,,,土砂竜の甲殻,2,土砂竜の背甲,1,土砂竜の爪,1,強固な岩骨,1,72,龍脈石のかけら,1,ユニオン鉱石,3,0,120
ジュラメイル,0,2,0,0,0,3,14,46,-1,2,-3,0,0,泥耐性,1,,,,,,,,,泥魚竜の甲殻,2,泥魚竜のヒレ,1,泥魚竜の牙,1,水袋,1,72,龍脈石のかけら,1,ユニオン鉱石,3,0,130
カガチメイル,0,2,0,0,0,4,16,48,0,-3,3,0,0,ジャンプ鉄人,1,,,,,,,,,飛雷竜の毛皮,2,飛雷竜の電極針,1,飛雷竜の皮膜,2,翼竜の皮,2,74,龍脈石のかけら,1,ユニオン鉱石,3,0,140
ハイメタメイル,0,3,0,0,0,6,18,46,0,-1,-2,3,0,耳栓,1,,,,,,,,,ドラグライト鉱石,2,マカライト鉱石,2,大地の結晶,2,とがった爪,2,70,龍脈石のかけら,1,ユニオン鉱石,3,0,150
オウビートペット,1,3,0,0,0,6,22,50,-1,-1,2,0,2,納刀術,1,,,,,,,,,オオツノアゲハ,1,大地の結晶,2,深海の結晶,2,毒袋,1,74,龍脈石のかけら,1,ユニオン鉱石,3,0,160
パピメルペット,2,3,0,0,0,6,22,50,-1,-1,2,0,2,納刀術,1,,,,,,,,,オオツノアゲハ,1,大地の結晶,2,深海の結晶,2,毒袋,1,74,龍脈石のかけら,1,ユニオン鉱石,3,0,170
タロスメイル,0,3,0,0,0,8,18,46,-1,-1,0,0,2,瘴気環境適応,1,,,,,,,,,カンタロスの羽,2,カンタロスの甲殻,2,ドラグライト鉱石,2,マカライト鉱石,2,70,龍脈石のかけら,1,ユニオン鉱石,3,0,190
ジャナフメイル,0,3,0,0,0,4,20,48,3,-3,-1,-1,0,ランナー,1,蛮顎竜の力,1,,,,,,,蛮顎竜の毛皮,3,蛮顎竜の牙,2,蛮顎竜の鼻骨,1,蛮顎竜の逆鱗,1,72,龍脈石のかけら,1,ユニオン鉱石,3,0,200
レイアメイル,0,3,0,0,0,5,22,50,2,0,-2,0,-3,植生学,1,,,,,,,,,雌火竜の鱗,2,雌火竜の甲殻,1,雌火竜の翼膜,1,太古の大骨,2,74,龍脈石のかけら,1,ユニオン鉱石,3,0,210
ツィツィメイル,0,3,0,0,0,6,18,46,0,0,-3,-2,0,体術,1,,,,,,,,,眩鳥の皮,3,眩鳥の爪,2,眩鳥の発光膜,2,ライトクリスタル,1,70,龍脈石のかけら,1,ユニオン鉱石,3,0,220
ウルムーメイル,0,3,0,0,0,6,20,48,-3,2,0,1,0,乗り名人,1,,,,,,,,,浮空竜の鱗,2,ゴム質の甲殻,1,浮空竜の毛皮,2,サンゴの紅骨,1,72,龍脈石のかけら,1,ユニオン鉱石,3,0,230
ギルオスメイル,0,3,0,0,0,8,20,48,0,-3,2,0,1,麻痺耐性,1,,,,,,,,,痺賊竜の皮,2,痺賊竜の尻尾,1,痺賊竜の牙,2,麻痺袋,2,72,龍脈石のかけら,1,ユニオン鉱石,3,0,240
バルキンメイル,0,3,0,0,0,8,24,52,0,2,0,-1,-2,睡眠耐性,1,,,,,,,,,骨鎚竜の鱗,2,骨鎚竜の甲殻,1,骨鎚竜の黒油殻,1,睡眠袋,1,76,龍脈石のかけら,1,ユニオン鉱石,3,0,250
インゴットメイル,0,4,0,0,0,8,28,52,-2,0,3,-1,0,雷耐性,1,,,,,,,,,ドラグライト鉱石,2,上竜骨,1,鉄鉱石,8,マカライト鉱石,3,72,龍脈石のかけら,1,ユニオン鉱石,3,0,260
デスギアムスケル,0,4,0,0,0,6,32,56,3,2,-2,3,-4,不屈,1,,,,,,,,,禍々しい布,1,サンゴの紅骨,2,頑丈な骨,2,モンスターの体液,2,76,龍脈石のかけら,1,ユニオン鉱石,3,0,270
ブリゲイドスーツ,0,4,0,0,0,5,28,52,1,0,2,0,2,精霊の加護,1,,,,,,,,,闘技王のコイン,3,プケプケコイン,2,レイアコイン,4,ライトクリスタル,1,72,龍脈石のかけら,1,ユニオン鉱石,3,0,280
ギエナメイル,0,4,0,0,0,8,30,54,-1,2,-3,3,0,回避性能,1,風漂竜の恩恵,1,,,,,,,風漂竜の皮,3,風漂竜の爪,2,風漂竜の翼膜,2,風漂竜の逆鱗,1,74,龍脈石のかけら,1,ユニオン鉱石,3,0,290
ガロンメイル,0,4,0,0,0,8,30,54,2,2,-2,-3,0,砥石使用高速化,1,惨爪竜の力,1,,,,,,,惨爪竜の硬筋,2,惨爪竜の鱗,2,惨爪竜の牙,1,カンタロスの甲殻,3,74,龍脈石のかけら,1,ユニオン鉱石,3,0,300
レウスメイル,0,4,0,0,0,8,30,54,3,1,-2,1,-3,弱点特効,1,火竜の力,1,,,,,,,火竜の鱗,2,火竜の甲殻,4,火竜の翼膜,2,火竜の逆鱗,1,74,龍脈石のかけら,1,ユニオン鉱石,3,0,310
ディアブロメイル,0,4,0,0,0,8,32,56,3,-2,0,-3,2,ＫＯ術,1,角竜の力,1,,,,,,,角竜の甲殻,2,角竜の背甲,1,ねじれた角,2,上竜骨,3,76,龍脈石のかけら,1,ユニオン鉱石,3,0,320
キリンベスト,0,4,0,0,0,8,34,58,-3,-2,4,-2,2,精霊の加護,1,幻獣の恩恵,1,,,,,,,幻獣の皮,2,幻獣のたてがみ,2,深海の結晶,4,サンゴの紅骨,2,78,龍脈石のかけら,1,ユニオン鉱石,3,0,330
ブロッサムベスト,0,3,0,0,0,3,18,46,1,1,4,1,1,納刀術,1,,,,,,,,,開花チケット,1,大地の結晶,3,,,,,70,龍脈石のかけら,1,ユニオン鉱石,3,0,340
ダイバースーツ,0,3,0,0,0,3,22,50,1,4,1,1,1,見切り,1,,,,,,,,,納涼チケット,1,深海の結晶,1,,,,,74,龍脈石のかけら,1,ユニオン鉱石,3,0,350
ハーベストトロンコ,0,3,0,0,0,6,26,54,4,1,1,1,1,耐震,1,,,,,,,,,豊穣チケット,1,頑丈な骨,1,,,,,78,龍脈石のかけら,1,ユニオン鉱石,3,0,360
オリオンベスト,0,4,0,0,0,8,30,54,1,1,1,4,1,ひるみ軽減,1,,,,,,,,,煌めきチケット,1,上竜骨,2,,,,,74,龍脈石のかけら,1,ユニオン鉱石,3,0,370
フルドレススーツ,0,4,0,0,0,8,34,58,1,1,1,1,4,抜刀術【技】,1,アステラの祝福,1,,,,,,,感謝チケット,1,上竜骨,2,,,,,78,龍脈石のかけら,1,ユニオン鉱石,3,0,380
パピオムペット,1,3,0,0,0,4,22,50,-1,-1,2,0,2,体力増強,1,,,,,,,,,昆虫図鑑【春】,1,オオツノアゲハ,1,ランゴスタの羽,1,モンスターの体液,1,74,龍脈石のかけら,1,ユニオン鉱石,3,0,390
クインビートペット,2,3,0,0,0,4,22,50,-1,-1,2,0,2,体力増強,1,,,,,,,,,昆虫図鑑【春】,1,オオツノアゲハ,1,ランゴスタの羽,1,モンスターの体液,1,74,龍脈石のかけら,1,ユニオン鉱石,3,0,400
レザーベストα,0,5,0,0,0,11,32,54,2,0,0,0,0,火耐性,1,,,,,,,,,カブレライト鉱石,2,上質な毛皮,1,,,,,70,龍脈石のかけら,1,いにしえの龍骨,1,0,410
レザーベストβ,0,5,1,0,0,11,32,54,2,0,0,0,0,,,,,,,,,,,カブレライト鉱石,2,上質な毛皮,1,,,,,70,龍脈石のかけら,1,いにしえの龍骨,1,0,420
チェーンベストα,0,5,0,0,0,11,32,54,0,2,0,0,0,水耐性,1,,,,,,,,,カブレライト鉱石,2,ドラグライト鉱石,2,,,,,70,龍脈石のかけら,1,いにしえの龍骨,1,0,430
チェーンベストβ,0,5,1,0,0,11,32,54,0,2,0,0,0,,,,,,,,,,,カブレライト鉱石,2,ドラグライト鉱石,2,,,,,70,龍脈石のかけら,1,いにしえの龍骨,1,0,440
ハンターメイルα,0,5,0,0,0,11,36,58,2,2,0,0,0,スリンガー装填数ＵＰ,2,,,,,,,,,ジャグラスの上皮,3,上質な堅骨,4,,,,,74,龍脈石のかけら,1,いにしえの龍骨,1,0,450
ハンターメイルβ,0,5,1,0,0,11,36,58,2,2,0,0,0,スリンガー装填数ＵＰ,1,,,,,,,,,ジャグラスの上皮,3,上質な堅骨,4,,,,,74,龍脈石のかけら,1,いにしえの龍骨,1,0,460
ボーンメイルα,0,5,0,0,0,11,36,58,2,0,2,0,2,攻撃,2,,,,,,,,,上質な堅骨,2,上竜骨,2,竜骨【大】,3,,,74,龍脈石のかけら,1,いにしえの龍骨,1,0,470
ボーンメイルβ,0,5,1,0,0,11,36,58,2,0,2,0,2,攻撃,1,,,,,,,,,上質な堅骨,2,上竜骨,2,竜骨【大】,3,,,74,龍脈石のかけら,1,いにしえの龍骨,1,0,480
アロイメイルα,0,5,0,0,0,11,36,58,-2,0,-2,-2,0,水耐性,2,,,,,,,,,カブレライト鉱石,2,ドラグライト鉱石,4,深海の結晶,4,マカライト鉱石,5,74,龍脈石のかけら,1,いにしえの龍骨,1,0,490
アロイメイルβ,0,5,1,0,0,11,36,58,-2,0,-2,-2,0,水耐性,1,,,,,,,,,カブレライト鉱石,2,ドラグライト鉱石,4,深海の結晶,4,マカライト鉱石,5,74,龍脈石のかけら,1,いにしえの龍骨,1,0,500
オウビートペットα,1,5,0,0,0,11,42,64,-1,-1,2,0,2,納刀術,2,植生学,1,,,,,,,オオツノアゲハ,1,龍脈の結晶,2,カンタロスの堅殻,3,猛毒袋,2,80,龍脈石のかけら,1,いにしえの龍骨,1,0,510
オウビートペットβ,1,5,1,0,0,11,42,64,-1,-1,2,0,2,納刀術,2,,,,,,,,,オオツノアゲハ,1,龍脈の結晶,2,カンタロスの堅殻,3,猛毒袋,2,80,龍脈石のかけら,1,いにしえの龍骨,1,0,520
パピメルペットα,2,5,0,0,0,11,42,64,-1,-1,2,0,2,納刀術,2,植生学,1,,,,,,,オオツノアゲハ,1,龍脈の結晶,2,カンタロスの堅殻,3,猛毒袋,2,80,龍脈石のかけら,1,いにしえの龍骨,1,0,530
パピメルペットβ,2,5,1,0,0,11,42,64,-1,-1,2,0,2,納刀術,2,,,,,,,,,オオツノアゲハ,1,龍脈の結晶,2,カンタロスの堅殻,3,猛毒袋,2,80,龍脈石のかけら,1,いにしえの龍骨,1,0,540
ランゴメイルα,0,5,0,0,0,11,38,60,-2,1,1,1,2,風圧耐性,2,,,,,,,,,ランゴスタの堅殻,3,ランゴスタの薄羽,2,尖竜骨,2,,,76,龍脈石のかけら,1,いにしえの龍骨,1,0,550
ランゴメイルβ,0,5,1,0,0,11,38,60,-2,1,1,1,2,風圧耐性,1,,,,,,,,,ランゴスタの堅殻,3,ランゴスタの薄羽,2,尖竜骨,2,,,76,龍脈石のかけら,1,いにしえの龍骨,1,0,560
タロスメイルα,0,5,0,0,0,11,38,60,-1,-1,0,0,2,瘴気環境適応,1,腹減り耐性,1,,,,,,,カンタロスの堅殻,4,カンタロスの薄羽,2,カンタロスの頭,1,ライトクリスタル,1,76,龍脈石のかけら,1,いにしえの龍骨,1,0,570
タロスメイルβ,0,5,1,0,0,11,38,60,-1,-1,0,0,2,瘴気環境適応,1,,,,,,,,,カンタロスの堅殻,4,カンタロスの薄羽,2,カンタロスの頭,1,ライトクリスタル,1,76,龍脈石のかけら,1,いにしえの龍骨,1,0,580
ジャグラスメイルα,0,5,0,0,0,11,40,62,-2,2,-1,-1,1,威嚇,2,,,,,,,,,賊竜の上皮,2,賊竜の尖爪,4,賊竜の上鱗,4,ジャグラスの上皮,2,78,龍脈石のかけら,1,いにしえの龍骨,1,0,660
ジャグラスメイルβ,0,5,1,0,0,11,40,62,-2,2,-1,-1,1,威嚇,1,,,,,,,,,賊竜の上皮,2,賊竜の尖爪,4,賊竜の上鱗,4,ジャグラスの上皮,2,78,龍脈石のかけら,1,いにしえの龍骨,1,0,670
クルルメイルα,0,5,0,0,0,11,40,62,0,-3,0,1,0,スタミナ急速回復,1,見切り,1,,,,,,,掻鳥の上皮,4,掻鳥の大飾り羽,3,掻鳥の大クチバシ,2,鳥竜玉,1,78,龍脈石のかけら,1,いにしえの龍骨,1,0,680
クルルメイルβ,0,5,1,0,0,11,40,62,0,-3,0,1,0,スタミナ急速回復,1,,,,,,,,,掻鳥の上皮,4,掻鳥の大飾り羽,3,掻鳥の大クチバシ,2,鳥竜玉,1,78,龍脈石のかけら,1,いにしえの龍骨,1,0,690
ツィツィメイルα,0,5,0,0,0,11,40,62,0,0,-3,-2,0,体術,1,水属性攻撃強化,2,,,,,,,眩鳥の上皮,4,眩鳥の尖爪,4,眩鳥の閃光膜,3,鳥竜玉,1,78,龍脈石のかけら,1,いにしえの龍骨,1,0,700
ツィツィメイルβ,0,5,1,1,0,11,40,62,0,0,-3,-2,0,体術,1,,,,,,,,,眩鳥の上皮,4,眩鳥の尖爪,4,眩鳥の閃光膜,3,鳥竜玉,1,78,龍脈石のかけら,1,いにしえの龍骨,1,0,710
ギルオスメイルα,0,5,0,0,0,11,40,62,0,-3,2,0,1,麻痺耐性,2,,,,,,,,,痺賊竜の上皮,4,痺賊竜の鋭牙,4,強力麻痺袋,3,鳥竜玉,1,78,龍脈石のかけら,1,いにしえの龍骨,1,0,720
ギルオスメイルβ,0,5,1,0,0,11,40,62,0,-3,2,0,1,麻痺耐性,1,,,,,,,,,痺賊竜の上皮,4,痺賊竜の鋭牙,4,強力麻痺袋,3,鳥竜玉,1,78,龍脈石のかけら,1,いにしえの龍骨,1,0,730
プケプケメイルα,0,5,0,0,0,11,42,64,0,3,-3,0,1,アイテム使用強化,1,植生学,1,,,,,,,毒妖鳥の上鱗,4,毒妖鳥の堅殻,3,カブレライト鉱石,3,,,80,龍脈石のかけら,1,いにしえの龍骨,1,0,740
プケプケメイルβ,0,5,1,0,0,11,42,64,0,3,-3,0,1,アイテム使用強化,1,,,,,,,,,毒妖鳥の上鱗,4,毒妖鳥の堅殻,3,カブレライト鉱石,3,,,80,龍脈石のかけら,1,いにしえの龍骨,1,0,750
ボロスメイルα,0,5,0,0,0,11,42,64,-3,-1,3,-1,0,スタミナ奪取,2,,,,,,,,,土砂竜の堅殻,4,土砂竜の堅甲,2,土砂竜の鋭爪,2,上質な堅骨,5,80,龍脈石のかけら,1,いにしえの龍骨,1,0,760
ボロスメイルβ,0,5,1,0,0,11,42,64,-3,-1,3,-1,0,スタミナ奪取,1,,,,,,,,,土砂竜の堅殻,4,土砂竜の堅甲,2,土砂竜の鋭爪,2,上質な堅骨,5,80,龍脈石のかけら,1,いにしえの龍骨,1,0,770
ジャナフメイルα,0,5,0,0,0,11,44,66,3,-3,-1,-1,0,ランナー,1,特殊射撃強化,1,蛮顎竜の闘志,1,,,,,蛮顎竜の上毛皮,6,蛮顎竜の鋭牙,4,蛮顎竜の大鼻骨,2,蛮顎竜の宝玉,1,82,龍脈石のかけら,1,いにしえの龍骨,1,0,780
ジャナフメイルβ,0,5,1,1,0,11,44,66,3,-3,-1,-1,0,ランナー,1,蛮顎竜の闘志,1,,,,,,,蛮顎竜の上毛皮,6,蛮顎竜の鋭牙,4,蛮顎竜の大鼻骨,2,蛮顎竜の宝玉,1,82,龍脈石のかけら,1,いにしえの龍骨,1,0,790
ジュラメイルα,0,5,0,0,0,11,44,66,-1,2,-3,0,0,泥耐性,1,水属性攻撃強化,1,,,,,,,泥魚竜の上鱗,4,泥魚竜の上ヒレ,3,泥魚竜の鋭牙,2,大水袋,2,82,龍脈石のかけら,1,いにしえの龍骨,1,0,800
ジュラメイルβ,0,5,1,0,0,11,44,66,-1,2,-3,0,0,泥耐性,1,,,,,,,,,泥魚竜の上鱗,4,泥魚竜の上ヒレ,3,泥魚竜の鋭牙,2,大水袋,2,82,龍脈石のかけら,1,いにしえの龍骨,1,0,810
カガチメイルα,0,5,0,0,0,11,44,66,0,-3,3,0,0,ジャンプ鉄人,1,回避距離ＵＰ,1,,,,,,,飛雷竜の上毛皮,3,飛雷竜の電極針,2,飛雷竜の皮膜,4,電撃袋,2,82,龍脈石のかけら,1,いにしえの龍骨,1,0,820
カガチメイルβ,0,5,2,0,0,11,44,66,0,-3,3,0,0,ジャンプ鉄人,1,,,,,,,,,飛雷竜の上毛皮,3,飛雷竜の電極針,2,飛雷竜の皮膜,4,電撃袋,2,82,龍脈石のかけら,1,いにしえの龍骨,1,0,830
ウルムーメイルα,0,5,0,0,0,11,44,66,-3,2,0,1,0,乗り名人,1,砲術,1,,,,,,,浮空竜の上鱗,2,ゴム質の堅殻,3,浮空竜の上毛皮,2,尖竜骨,4,82,龍脈石のかけら,1,いにしえの龍骨,1,0,840
ウルムーメイルβ,0,5,1,0,0,11,44,66,-3,2,0,1,0,乗り名人,1,,,,,,,,,浮空竜の上鱗,2,ゴム質の堅殻,3,浮空竜の上毛皮,2,尖竜骨,4,82,龍脈石のかけら,1,いにしえの龍骨,1,0,850
レイアメイルα,0,5,0,0,0,11,46,68,2,0,-2,0,-3,植生学,2,体力回復量ＵＰ,1,,,,,,,雌火竜の上鱗,4,雌火竜の堅殻,2,雌火竜の翼膜,2,上質な堅骨,6,84,龍脈石のかけら,1,いにしえの龍骨,1,0,860
レイアメイルβ,0,5,1,0,0,11,46,68,2,0,-2,0,-3,植生学,1,体力回復量ＵＰ,1,,,,,,,雌火竜の上鱗,4,雌火竜の堅殻,2,雌火竜の翼膜,2,上質な堅骨,6,84,龍脈石のかけら,1,いにしえの龍骨,1,0,870
リオハートメイルα,0,6,0,0,0,13,52,72,3,0,-3,0,-4,整備,2,桜火竜の奥義,1,,,,,,,桜火竜の堅殻,4,桜火竜の上鱗,3,雌火竜の上棘,2,ノヴァクリスタル,1,84,龍脈石のかけら,1,鳥竜玉,1,0,880
リオハートメイルβ,0,6,1,1,0,13,52,72,3,0,-3,0,-4,整備,1,桜火竜の奥義,1,,,,,,,桜火竜の堅殻,4,桜火竜の上鱗,3,雌火竜の上棘,2,ノヴァクリスタル,1,84,龍脈石のかけら,1,鳥竜玉,1,0,890
バルキンメイルα,0,6,0,0,0,11,46,66,0,2,0,-1,-2,睡眠属性強化,1,裂傷耐性,1,,,,,,,骨鎚竜の上鱗,4,骨鎚竜の堅殻,3,昏睡袋,2,上質な堅骨,6,78,龍脈石のかけら,1,鳥竜玉,1,0,900
バルキンメイルβ,0,6,1,0,0,11,46,66,0,2,0,-1,-2,睡眠属性強化,1,,,,,,,,,骨鎚竜の上鱗,4,骨鎚竜の堅殻,3,昏睡袋,2,上質な堅骨,6,78,龍脈石のかけら,1,鳥竜玉,1,0,910
バルノスマントα,0,5,0,0,0,13,48,70,1,1,0,1,-2,熱ダメージ無効,1,防御力ＤＯＷＮ耐性,1,,,,,,,バルノスの上皮,4,バルノスの尖爪,2,鋭利な爪,3,龍脈の結晶,3,86,龍脈石のかけら,1,いにしえの龍骨,1,0,940
バルノスマントβ,0,5,1,0,0,13,48,70,1,1,0,1,-2,熱ダメージ無効,1,,,,,,,,,バルノスの上皮,4,バルノスの尖爪,2,鋭利な爪,3,龍脈の結晶,3,86,龍脈石のかけら,1,いにしえの龍骨,1,0,950
ガマルメイルα,0,5,0,0,0,13,48,70,2,0,-3,0,2,爆破属性強化,2,,,,,,,,,岩賊竜の上皮,4,岩賊竜の尻尾,1,岩賊竜の顎,3,獄炎石,1,86,龍脈石のかけら,1,いにしえの龍骨,1,0,960
ガマルメイルβ,0,5,1,0,0,13,48,70,2,0,-3,0,2,爆破属性強化,1,,,,,,,,,岩賊竜の上皮,4,岩賊竜の尻尾,1,岩賊竜の顎,3,獄炎石,1,86,龍脈石のかけら,1,いにしえの龍骨,1,0,970
ゾラマグナハイドα,0,6,0,0,0,11,44,64,4,-3,-1,-2,-3,爆破属性強化,2,風圧耐性,1,熔山龍の奥義,1,,,,,熔山龍の岩殻,6,熔山龍の熱鱗,1,熔山龍の背甲,2,熔山龍の胸殻,1,76,龍脈石のかけら,1,鳥竜玉,1,0,980
ゾラマグナハイドβ,0,6,2,0,0,11,44,64,4,-3,-1,-2,-3,爆破属性強化,2,熔山龍の奥義,1,,,,,,,熔山龍の岩殻,6,熔山龍の熱鱗,1,熔山龍の背甲,2,熔山龍の胸殻,1,76,龍脈石のかけら,1,鳥竜玉,1,0,990
ハイメタメイルα,0,6,0,0,0,13,50,70,0,-1,-2,3,0,耳栓,2,氷属性攻撃強化,1,,,,,,,ユニオン鉱石,4,カブレライト鉱石,3,龍脈の結晶,4,バルノスの尖爪,3,82,龍脈石のかけら,1,鳥竜玉,1,0,1000
ハイメタメイルβ,0,6,2,0,0,13,50,70,0,-1,-2,3,0,耳栓,1,氷属性攻撃強化,1,,,,,,,ユニオン鉱石,4,カブレライト鉱石,3,龍脈の結晶,4,バルノスの尖爪,3,82,龍脈石のかけら,1,鳥竜玉,1,0,1010
インゴットメイルα,0,6,0,0,0,13,50,70,-2,0,3,-1,0,雷耐性,2,,,,,,,,,ユニオン鉱石,1,堅竜骨,2,ドラグライト鉱石,4,ガストドンの堅殻,2,82,龍脈石のかけら,1,鳥竜玉,1,0,1020
インゴットメイルβ,0,6,1,0,0,13,50,70,-2,0,3,-1,0,雷耐性,1,,,,,,,,,ユニオン鉱石,1,堅竜骨,2,ドラグライト鉱石,4,ガストドンの堅殻,2,82,龍脈石のかけら,1,鳥竜玉,1,0,1030
ブリゲイドスーツα,0,6,2,0,0,13,52,72,1,0,2,0,2,精霊の加護,2,,,,,,,,,狩猟王のコイン,3,ツィツィコイン,4,レウスコイン,3,堅竜骨,2,84,龍脈石のかけら,1,鳥竜玉,1,0,1040
ブリゲイドスーツβ,0,6,2,2,0,13,52,72,1,0,2,0,2,精霊の加護,1,,,,,,,,,狩猟王のコイン,3,ツィツィコイン,4,レウスコイン,3,堅竜骨,2,84,龍脈石のかけら,1,鳥竜玉,1,0,1050
ラヴァメイルα,0,6,0,0,0,13,56,76,3,-3,1,-2,2,火属性攻撃強化,2,熱ダメージ無効,1,,,,,,,溶岩竜の堅殻,4,溶岩竜の上ヒレ,2,溶岩竜の上鱗,6,ユニオン鉱石,5,88,龍脈石のかけら,1,鳥竜玉,1,0,1080
ラヴァメイルβ,0,6,1,1,0,13,56,76,3,-3,1,-2,2,火属性攻撃強化,2,,,,,,,,,溶岩竜の堅殻,4,溶岩竜の上ヒレ,2,溶岩竜の上鱗,6,ユニオン鉱石,5,88,龍脈石のかけら,1,鳥竜玉,1,0,1090
ギエナメイルα,0,6,0,0,0,13,54,74,-1,2,-3,3,0,回避性能,2,精霊の加護,1,風漂竜の恩寵,1,,,,,風漂竜の上皮,6,風漂竜の尖爪,3,風漂竜の翼,3,風漂竜の宝玉,1,86,龍脈石のかけら,1,鳥竜玉,1,0,1100
ギエナメイルβ,0,6,1,0,0,13,54,74,-1,2,-3,3,0,回避性能,2,風漂竜の恩寵,1,,,,,,,風漂竜の上皮,6,風漂竜の尖爪,3,風漂竜の翼,3,風漂竜の宝玉,1,86,龍脈石のかけら,1,鳥竜玉,1,0,1110
ガロンメイルα,0,6,0,0,0,13,54,74,2,2,-2,-3,0,砥石使用高速化,2,裂傷耐性,1,惨爪竜の奥義,1,,,,,惨爪竜の大硬筋,4,惨爪竜の上鱗,4,惨爪竜の逆鱗,1,カンタロスの堅殻,5,86,龍脈石のかけら,1,鳥竜玉,1,0,1120
ガロンメイルβ,0,6,1,0,0,13,54,74,2,2,-2,-3,0,砥石使用高速化,2,惨爪竜の奥義,1,,,,,,,惨爪竜の大硬筋,4,惨爪竜の上鱗,4,惨爪竜の逆鱗,1,カンタロスの堅殻,5,86,龍脈石のかけら,1,鳥竜玉,1,0,1130
レウスメイルα,0,6,0,0,0,13,54,74,3,1,-2,1,-3,弱点特効,2,火属性攻撃強化,1,火竜の奥義,1,,,,,火竜の上鱗,4,火竜の堅殻,6,火竜の翼,3,火竜の紅玉,1,86,龍脈石のかけら,1,鳥竜玉,1,0,1140
レウスメイルβ,0,6,1,0,0,13,54,74,3,1,-2,1,-3,弱点特効,2,火竜の奥義,1,,,,,,,火竜の上鱗,4,火竜の堅殻,6,火竜の翼,3,火竜の紅玉,1,86,龍脈石のかけら,1,鳥竜玉,1,0,1150
リオソウルメイルα,0,7,1,0,0,13,56,68,3,2,2,-3,-4,属性解放／装填拡張,1,威嚇,1,火竜の奥義,1,,,,,蒼火竜の上鱗,4,蒼火竜の堅殻,6,蒼火竜の翼,2,バルノスの上皮,6,82,龍脈石,1,竜玉,1,0,1160
リオソウルメイルβ,0,7,2,0,0,13,56,68,3,2,2,-3,-4,属性解放／装填拡張,1,火竜の奥義,1,,,,,,,蒼火竜の上鱗,4,蒼火竜の堅殻,6,蒼火竜の翼,2,バルノスの上皮,6,82,龍脈石,1,竜玉,1,0,1170
ディアブロメイルα,0,6,0,0,0,13,54,74,3,-2,0,-3,2,ＫＯ術,2,火事場力,1,角竜の奥義,1,,,,,角竜の堅殻,4,角竜の堅甲,3,上質なねじれた角,2,ライトクリスタル,2,86,龍脈石のかけら,1,鳥竜玉,1,0,1180
ディアブロメイルβ,0,6,2,0,0,13,54,74,3,-2,0,-3,2,ＫＯ術,2,角竜の奥義,1,,,,,,,角竜の堅殻,4,角竜の堅甲,3,上質なねじれた角,2,ライトクリスタル,2,86,龍脈石のかけら,1,鳥竜玉,1,0,1190
ディアネロメイルα,0,7,1,0,0,13,56,68,2,-3,0,-4,2,逆恨み,2,角竜の奥義,1,,,,,,,黒角竜の堅殻,4,黒角竜の堅甲,3,上質な黒巻き角,1,角竜の延髄,2,82,龍脈石,1,竜玉,1,0,1200
ディアネロメイルβ,0,7,2,1,0,13,56,68,2,-3,0,-4,2,逆恨み,1,角竜の奥義,1,,,,,,,黒角竜の堅殻,4,黒角竜の堅甲,3,上質な黒巻き角,1,角竜の延髄,2,82,龍脈石,1,竜玉,1,0,1210
ガンキンメイルα,0,7,1,0,0,13,60,72,4,-3,1,-2,-2,破壊王,2,爆鎚竜の守護,1,,,,,,,爆鎚竜の堅殻,6,爆鎚竜の耐熱殻,3,爆鎚竜の顎,2,爆鎚竜の紅玉,1,86,龍脈石,1,竜玉,1,0,1220
ガンキンメイルβ,0,7,3,0,0,13,60,72,4,-3,1,-2,-2,破壊王,1,爆鎚竜の守護,1,,,,,,,爆鎚竜の堅殻,6,爆鎚竜の耐熱殻,3,爆鎚竜の顎,2,爆鎚竜の紅玉,1,86,龍脈石,1,竜玉,1,0,1230
バゼルメイルα,0,7,0,0,0,13,58,70,3,1,-4,-2,-2,ガード性能,2,爆破やられ耐性,2,爆鱗竜の守護,1,,,,,爆鱗竜の上鱗,4,爆鱗竜の堅殻,4,爆鱗竜の爆腺,1,爆鎚竜の耐熱殻,2,84,龍脈石,1,竜玉,1,0,1240
バゼルメイルβ,0,7,1,1,0,13,58,70,3,1,-4,-2,-2,ガード性能,2,爆鱗竜の守護,1,,,,,,,爆鱗竜の上鱗,4,爆鱗竜の堅殻,4,爆鱗竜の爆腺,1,爆鎚竜の耐熱殻,2,84,龍脈石,1,竜玉,1,0,1250
ダマスクメイルα,0,7,1,0,0,14,60,72,4,-2,0,0,0,集中,2,防御,2,,,,,,,古龍の血,2,ユニオン鉱石,3,爆鎚竜の耐熱殻,3,獄炎石,1,86,龍脈石,1,竜玉,1,0,1260
ダマスクメイルβ,0,7,1,1,1,14,60,72,4,-2,0,0,0,集中,2,,,,,,,,,古龍の血,2,ユニオン鉱石,3,爆鎚竜の耐熱殻,3,獄炎石,1,86,龍脈石,1,竜玉,1,0,1270
ドーベルメイルα,0,7,1,0,0,14,60,72,-2,0,-1,-1,4,攻撃,2,キノコ大好き,1,,,,,,,古龍骨,3,上質な堅骨,3,角竜の延髄,1,いにしえの龍骨,1,86,龍脈石,1,竜玉,1,0,1280
ドーベルメイルβ,0,7,3,0,0,14,60,72,-2,0,-1,-1,4,攻撃,2,,,,,,,,,古龍骨,3,上質な堅骨,3,角竜の延髄,1,いにしえの龍骨,1,86,龍脈石,1,竜玉,1,0,1290
デスギアムスケルα,0,7,0,0,0,14,62,74,3,2,-2,3,-4,不屈,1,属性解放／装填拡張,1,,,,,,,禍々しい布,2,いにしえの龍骨,1,屍套龍の被膜,1,モンスターの濃汁,2,88,龍脈石,1,竜玉,1,0,1300
デスギアムスケルβ,0,7,3,0,0,14,62,74,3,2,-2,3,-4,不屈,1,,,,,,,,,禍々しい布,2,いにしえの龍骨,1,屍套龍の被膜,1,モンスターの濃汁,2,88,龍脈石,1,竜玉,1,0,1310
オーグメイルα,0,8,1,0,0,14,64,70,1,1,-3,1,-3,スタミナ急速回復,2,挑戦者,1,滅尽龍の飢餓,1,,,,,滅尽龍の堅殻,4,不滅の龍鱗,4,滅尽龍の尖爪,2,古龍骨,3,84,大龍脈石,1,古龍骨,2,0,1330
オーグメイルβ,0,8,2,1,0,14,64,70,1,1,-3,1,-3,スタミナ急速回復,2,滅尽龍の飢餓,1,,,,,,,滅尽龍の堅殻,4,不滅の龍鱗,4,滅尽龍の尖爪,2,古龍骨,3,84,大龍脈石,1,古龍骨,2,0,1340
カイザーメイルα,0,8,0,0,0,14,64,70,3,-3,1,-3,1,特殊射撃強化,2,力の解放,1,炎王龍の武技,1,,,,,炎王龍の堅殻,5,炎龍の翼,4,炎龍の塵粉,4,火竜の逆鱗,1,84,大龍脈石,1,古龍骨,2,0,1350
カイザーメイルβ,0,8,1,1,0,14,64,70,3,-3,1,-3,1,特殊射撃強化,2,炎王龍の武技,1,,,,,,,炎王龍の堅殻,5,炎龍の翼,4,炎龍の塵粉,4,火竜の逆鱗,1,84,大龍脈石,1,古龍骨,2,0,1360
クシャナディールα,0,8,0,0,0,14,64,70,0,2,-3,4,-2,匠,2,集中,1,鋼龍の飛翔,1,,,,,鋼龍の堅殻,5,鋼龍の尖角,3,鋼龍の尖爪,2,鋼龍の宝玉,1,84,大龍脈石,1,古龍骨,2,0,1370
クシャナディールβ,0,8,2,0,0,14,64,70,0,2,-3,4,-2,匠,2,鋼龍の飛翔,1,,,,,,,鋼龍の堅殻,5,鋼龍の尖角,3,鋼龍の尖爪,2,鋼龍の宝玉,1,84,大龍脈石,1,古龍骨,2,0,1380
ウルズメイルα,0,8,1,0,0,14,64,70,-4,4,1,-1,-3,回復速度,2,龍属性攻撃強化,1,屍套龍の命脈,1,,,,,屍套龍の堅殻,5,屍套龍の鋭牙,3,屍套龍の尻尾,2,惨爪竜の逆鱗,1,84,大龍脈石,1,古龍骨,2,0,1390
ウルズメイルβ,0,8,1,1,0,14,64,70,-4,4,1,-1,-3,回復速度,2,屍套龍の命脈,1,,,,,,,屍套龍の堅殻,5,屍套龍の鋭牙,3,屍套龍の尻尾,2,惨爪竜の逆鱗,1,84,大龍脈石,1,古龍骨,2,0,1400
キリンベストα,0,8,0,0,0,14,64,70,-3,-2,4,-2,2,精霊の加護,2,雷属性攻撃強化,1,幻獣の恩寵,1,,,,,幻獣の上皮,3,幻獣の蒼角,1,幻獣の雷尾,2,ユニオン鉱石,4,84,大龍脈石,1,古龍骨,2,0,1410
キリンベストβ,0,8,1,0,0,14,64,70,-3,-2,4,-2,2,精霊の加護,2,幻獣の恩寵,1,,,,,,,幻獣の上皮,3,幻獣の蒼角,1,幻獣の雷尾,2,ユニオン鉱石,4,84,大龍脈石,1,古龍骨,2,0,1420
ゼノラージハイドα,0,8,1,0,0,16,72,78,-3,2,2,2,-4,強化持続,2,属性やられ耐性,1,冥灯龍の神秘,1,,,,,冥灯龍の幽角,3,冥灯龍の幽鱗,6,冥灯龍の幽翼,3,冥灯龍の幽玉,1,92,大龍脈石,1,古龍骨,2,0,1430
ゼノラージハイドβ,0,8,1,1,0,16,72,78,-3,2,2,2,-4,強化持続,2,冥灯龍の神秘,1,,,,,,,冥灯龍の幽角,3,冥灯龍の幽鱗,6,冥灯龍の幽翼,3,冥灯龍の幽玉,1,92,大龍脈石,1,古龍骨,2,0,1440
ギルドクロススーツα,0,8,1,0,0,15,62,68,0,0,0,0,0,死中に活,1,氷耐性,2,ギルドの導き,1,,,,,撃龍王のコイン,2,獣竜コイン,3,狩猟王のコイン,2,勇気の証Ｇ,1,82,大龍脈石,1,古龍骨,2,0,1450
ギルドクロススーツβ,0,8,3,0,0,15,62,68,0,0,0,0,0,死中に活,1,ギルドの導き,1,,,,,,,撃龍王のコイン,2,獣竜コイン,3,狩猟王のコイン,2,勇気の証Ｇ,1,82,大龍脈石,1,古龍骨,2,0,1460
シーカーベストα,0,8,0,0,0,50,70,76,2,2,2,2,2,広域化,2,クライマー,1,調査団の導き,1,,,,,調査団チケット,1,惨爪竜の上鱗,8,オオツノアゲハ,3,勇気の証Ｇ,2,90,大龍脈石,1,古龍骨,2,0,1480
シーカーベストβ,0,8,1,0,0,50,70,76,2,2,2,2,2,広域化,2,調査団の導き,1,,,,,,,調査団チケット,1,惨爪竜の上鱗,8,オオツノアゲハ,3,勇気の証Ｇ,2,90,大龍脈石,1,古龍骨,2,0,1490
バンギスメイルα,0,7,2,0,0,13,58,70,1,1,-3,2,-3,早食い,1,匠,1,,,,,,,恐暴竜の黒鱗,3,恐暴竜の黒皮,4,恐暴竜の唾液,2,堅竜骨,4,84,龍脈石,1,竜玉,1,0,1500
バンギスメイルβ,0,7,3,0,0,13,58,70,1,1,-3,2,-3,早食い,1,,,,,,,,,恐暴竜の黒鱗,3,恐暴竜の黒皮,4,恐暴竜の唾液,2,堅竜骨,4,84,龍脈石,1,竜玉,1,0,1510
マムガイラメイルα,0,8,1,0,0,16,72,78,4,-2,3,-4,-2,気絶耐性,2,超会心,2,,,,,,,爛輝龍の金鱗,12,爛輝龍の金塊,18,爛輝龍の金尾殻,4,冥灯龍の幽玉,1,92,大龍脈石,1,古龍骨,2,0,1520
マムガイラメイルβ,0,8,3,1,0,16,72,78,4,-2,3,-4,-2,気絶耐性,2,超会心,1,,,,,,,爛輝龍の金鱗,12,爛輝龍の金塊,18,爛輝龍の金尾殻,4,冥灯龍の幽玉,1,92,大龍脈石,1,古龍骨,2,0,1530
エンプレスメイルα,0,8,1,1,0,16,70,76,3,1,1,-3,-2,フルチャージ,2,体力増強,1,炎妃龍の恩寵,1,,,,,炎妃龍の尖角,2,炎妃龍の上鱗,4,炎妃龍のたてがみ,2,炎妃龍の宝玉,1,90,大龍脈石,1,古龍骨,2,0,1540
エンプレスメイルβ,0,8,1,1,1,16,70,76,3,1,1,-3,-2,フルチャージ,2,炎妃龍の恩寵,1,,,,,,,炎妃龍の尖角,2,炎妃龍の上鱗,4,炎妃龍のたてがみ,2,炎妃龍の宝玉,1,90,大龍脈石,1,古龍骨,2,0,1550
ブロッサムベストα,0,5,1,1,0,11,40,62,1,1,4,1,1,納刀術,1,,,,,,,,,開花チケット,3,カブレライト鉱石,3,,,,,78,龍脈石のかけら,1,いにしえの龍骨,1,0,1560
ダイバースーツα,0,5,2,0,0,11,46,68,1,4,1,1,1,見切り,1,,,,,,,,,納涼チケット,1,カブレライト鉱石,1,上質な堅骨,1,,,84,龍脈石のかけら,1,いにしえの龍骨,1,0,1570
ハーベストトロンコα,0,6,2,1,0,13,52,72,4,1,1,1,1,耐震,1,,,,,,,,,豊穣チケット,1,堅竜骨,2,尖竜骨,1,,,84,龍脈石のかけら,1,鳥竜玉,1,0,1580
オリオンベストα,0,6,3,0,0,13,58,78,1,1,1,4,1,ひるみ軽減,1,,,,,,,,,煌めきチケット,1,ユニオン鉱石,2,堅竜骨,1,,,90,龍脈石のかけら,1,鳥竜玉,1,0,1590
フルドレススーツα,0,7,2,1,1,14,64,76,1,1,1,1,4,抜刀術【技】,1,アステラの祝福,1,,,,,,,感謝チケット,3,古龍骨,2,勇気の証G,2,,,90,龍脈石,1,竜玉,1,0,1600
パピオムペットα,1,5,0,0,0,11,42,64,-1,-1,2,0,2,体力増強,2,気絶耐性,1,,,,,,,昆虫図鑑【夏】,1,ランゴスタの堅殻,1,龍脈の結晶,3,上質な堅骨,1,80,龍脈石のかけら,1,いにしえの龍骨,1,0,1610
パピオムペットβ,1,5,1,0,0,11,42,64,-1,-1,2,0,2,体力増強,2,,,,,,,,,昆虫図鑑【夏】,1,ランゴスタの堅殻,1,龍脈の結晶,3,上質な堅骨,1,80,龍脈石のかけら,1,いにしえの龍骨,1,0,1620
クインビートペットα,2,5,0,0,0,11,42,64,-1,-1,2,0,2,体力増強,2,気絶耐性,1,,,,,,,昆虫図鑑【夏】,1,ランゴスタの堅殻,1,龍脈の結晶,3,上質な堅骨,1,80,龍脈石のかけら,1,いにしえの龍骨,1,0,1630
クインビートペットβ,2,5,1,0,0,11,42,64,-1,-1,2,0,2,体力増強,2,,,,,,,,,昆虫図鑑【夏】,1,ランゴスタの堅殻,1,龍脈の結晶,3,上質な堅骨,1,80,龍脈石のかけら,1,いにしえの龍骨,1,0,1640
ウルズメイルγ,0,8,3,0,0,50,72,78,-4,4,1,-1,-3,フルチャージ,1,体力回復量ＵＰ,1,屍套龍の命脈,1,,,,,屍套龍チケット,1,死屍の龍鱗,5,屍套龍の堅殻,4,屍套龍の被膜,3,92,大龍脈石,1,古龍骨,2,0,1650
キリンベストγ,0,8,1,1,0,50,72,78,-3,-2,4,-2,2,属性解放／装填拡張,2,幻獣の恩寵,1,,,,,,,幻獣チケット,1,幻獣の上皮,4,幻獣の蒼角,3,古龍の血,3,92,大龍脈石,1,古龍骨,2,0,1660
カイザーメイルγ,0,8,2,0,0,50,72,78,3,-3,1,-3,1,力の解放,2,弱点特効,1,炎王龍の武技,1,,,,,炎王龍チケット,1,炎王龍の堅殻,5,炎王龍の尖角,2,炎王龍の尻尾,2,92,大龍脈石,1,古龍骨,2,0,1670
クシャナディールγ,0,8,2,0,0,50,72,78,0,2,-3,4,-2,氷属性攻撃強化,3,回避距離ＵＰ,1,鋼龍の飛翔,1,,,,,鋼龍チケット,1,鋼の上龍鱗,4,鋼龍の堅殻,4,鋼龍の翼,2,92,大龍脈石,1,古龍骨,2,0,1680
オーグメイルγ,0,8,3,2,1,50,72,78,1,1,-3,1,-3,渾身,1,滅尽龍の飢餓,1,,,,,,,滅尽龍チケット,1,滅尽龍の大角,2,滅尽龍の堅殻,6,滅尽龍の宝玉,1,92,大龍脈石,1,古龍骨,2,0,1690
ゾラマグナハイドγ,0,8,1,1,1,50,72,78,4,-3,-1,-2,-3,耐震,2,熔山龍の奥義,1,,,,,,,熔山龍チケット,1,熔山龍の熱鱗,5,熔山龍の背甲,1,熔山龍の岩殻,4,92,大龍脈石,1,古龍骨,2,0,1700
ゼノラージハイドγ,0,8,1,1,0,50,72,78,-3,2,2,2,-4,ひるみ軽減,2,冥灯龍の神秘,1,,,,,,,冥灯龍チケット,1,冥灯龍の幽鱗,5,冥灯龍の白殻,4,冥灯龍の幽角,2,92,大龍脈石,1,古龍骨,2,0,1710
エンプレスメイルγ,0,8,3,0,0,50,70,76,3,1,1,-3,-2,耳栓,2,整備,1,炎妃龍の恩寵,1,,,,,炎妃龍チケット,1,炎妃龍の堅殻,4,炎妃龍の尖角,1,炎妃龍の翼,2,90,大龍脈石,1,古龍骨,2,0,1720
マムガイラメイルγ,0,8,1,0,0,16,72,78,4,-2,3,-4,-2,匠,2,挑戦者,1,,,,,,,爛輝龍の皇金塊,7,爛輝龍の金鱗,15,爛輝龍の金殻,12,爛輝龍の金塊,36,92,大龍脈石,1,古龍骨,2,0,1730
蒼星ノ将【鎧】α,0,7,2,0,0,13,56,68,2,2,0,0,3,匠,1,火竜の奥義,1,,,,,,,蒼星の宝玉,1,蒼火竜の上鱗,6,蒼火竜の翼,4,火竜の延髄,2,82,龍脈石,1,竜玉,1,0,1740
ダンテコートα,0,8,3,0,0,14,64,70,3,-3,3,-3,3,回避性能,1,見切り,1,,,,,,,レッドオーブ,1,惨爪竜の大硬筋,6,惨爪竜の尖爪,4,惨爪竜の逆鱗,1,84,大龍脈石,1,古龍骨,2,0,1750
ドラケンメイルα,0,8,3,0,0,16,72,78,-2,-2,3,-2,4,見切り,2,超会心,1,竜騎士の証,1,,,,,魔獣のたてがみ,2,魔獣の堅骨,3,魔獣の裂爪,2,いにしえの龍骨,2,92,大龍脈石,1,古龍骨,2,0,1760
オリジンメイル,0,1,0,0,0,1,6,42,0,0,0,0,0,,,,,,,,,,,※特典,0,,,,,,,72,龍脈石のかけら,1,ユニオン鉱石,3,0,1830
ガーディアンスーツα,0,6,0,0,0,1,50,70,2,0,0,2,3,ランナー,1,体力回復量ＵＰ,1,,,,,,,※配布,0,,,,,,,82,龍脈石のかけら,1,鳥竜玉,1,0,1840
アーロイボディα,0,5,1,1,0,11,46,68,1,1,1,1,1,ランナー,2,蛮顎竜の闘志,1,,,,,,,※ワンセット,0,,,,,,,84,龍脈石のかけら,1,いにしえの龍骨,1,1,1850
アーロイボディγ,0,8,1,1,0,50,64,70,1,1,1,1,1,ランナー,2,滑走強化,1,蛮顎竜の闘志,1,,,,,※ワンセット,0,,,,,,,84,大龍脈石,1,古龍骨,2,1,1860
リュウボディ,0,2,0,0,0,3,12,44,2,0,5,-3,2,体力増強,1,,,,,,,,,※ワンセット,0,,,,,,,70,龍脈石のかけら,1,ユニオン鉱石,3,1,1870
リュウボディα,0,7,1,1,0,14,60,72,2,0,5,-3,2,体力増強,1,死中に活,1,火竜の奥義,1,,,,,※ワンセット,0,,,,,,,86,龍脈石,1,竜玉,1,1,1880
さくらボディα,0,6,1,1,0,13,50,70,0,4,0,4,-2,スタミナ急速回復,1,死中に活,1,桜火竜の奥義,1,,,,,※ワンセット,0,,,,,,,82,龍脈石のかけら,1,鳥竜玉,1,1,1890
ゲラルトボディα,0,8,1,1,0,16,70,76,2,1,-2,-1,3,体力増強,3,攻撃,2,ウィッチャーの心得,1,,,,,※ワンセット,0,,,,,,,90,大龍脈石,1,古龍骨,2,1,1900
シリボディα,0,8,3,0,0,50,70,76,-2,-1,2,1,3,回避性能,2,精霊の加護,2,,,,,,,※ワンセット,0,,,,,,,90,大龍脈石,1,古龍骨,2,1,1910
防衛隊【鎧】α,0,6,0,0,0,1,50,70,2,0,0,2,3,ランナー,1,体力回復量ＵＰ,1,,,,,,,※武具屋購入,0,,,,,,,82,龍脈石のかけら,1,鳥竜玉,1,0,1920
EXボーンメイルα,0,9,2,0,0,M1,114,152,2,0,2,0,2,攻撃,2,体力増強,1,,,,,,,頑強な重骨,2,強竜骨,2,荒々しい蛮骨,1,,,172,霊脈玉のかけら,1,いにしえの巨龍骨,1,0,1930
EXボーンメイルβ,0,9,4,1,0,M1,114,152,2,0,2,0,2,攻撃,1,,,,,,,,,頑強な重骨,2,強竜骨,2,荒々しい蛮骨,1,,,172,霊脈玉のかけら,1,いにしえの巨龍骨,1,0,1940
EXアロイメイルα,0,9,3,0,0,M1,114,152,-2,0,-2,-2,0,水耐性,2,防御,1,,,,,,,エルトライト鉱石,1,カブレライト鉱石,2,龍脈の結晶,2,,,172,霊脈玉のかけら,1,いにしえの巨龍骨,1,0,1950
EXアロイメイルβ,0,9,4,1,0,M1,114,152,-2,0,-2,-2,0,水耐性,1,,,,,,,,,エルトライト鉱石,1,カブレライト鉱石,2,龍脈の結晶,2,,,172,霊脈玉のかけら,1,いにしえの巨龍骨,1,0,1960
EXランゴメイルα,0,9,2,1,0,M1,116,154,-2,1,1,1,2,風圧耐性,2,,,,,,,,,ランゴスタの斬羽,1,モンスターの特濃,1,頑強な重骨,1,,,174,霊脈玉のかけら,1,いにしえの巨龍骨,1,0,1970
EXランゴメイルβ,0,9,4,1,0,M1,116,154,-2,1,1,1,2,風圧耐性,1,,,,,,,,,ランゴスタの斬羽,1,モンスターの特濃,1,頑強な重骨,1,,,174,霊脈玉のかけら,1,いにしえの巨龍骨,1,0,1980
EXタロスメイルα,0,9,2,1,0,M1,116,154,-1,-1,0,0,2,瘴気環境適応,1,腹減り耐性,2,,,,,,,カンタロスの斬羽,1,モンスターの特濃,1,エルトライト鉱石,1,,,174,霊脈玉のかけら,1,いにしえの巨龍骨,1,0,1990
EXタロスメイルβ,0,9,4,2,1,M1,116,154,-1,-1,0,0,2,瘴気環境適応,1,,,,,,,,,カンタロスの斬羽,1,モンスターの特濃,1,エルトライト鉱石,1,,,174,霊脈玉のかけら,1,いにしえの巨龍骨,1,0,2000
EXバルノスマントα,0,9,2,2,0,M1,116,154,1,1,0,1,-2,熱ダメージ無効,1,防御力ＤＯＷＮ耐性,2,,,,,,,バルノスの剛爪,２,翼竜の特上皮,2,メランジェ鉱石,1,,,174,霊脈玉のかけら,1,いにしえの巨龍骨,1,0,2070
EXバルノスマントβ,0,9,4,2,0,M1,116,154,1,1,0,1,-2,熱ダメージ無効,1,防御力ＤＯＷＮ耐性,1,,,,,,,バルノスの剛爪,２,翼竜の特上皮,2,メランジェ鉱石,1,,,174,霊脈玉のかけら,1,いにしえの巨龍骨,1,0,2080
EXコルトスマントα,0,9,1,1,0,M1,116,154,-3,2,0,2,0,腹減り耐性,2,ジャンプ鉄人,1,,,,,,,コルトスの剛爪,２,翼竜の特上皮,２,凍てついた氷骨,1,,,174,霊脈玉のかけら,1,いにしえの巨龍骨,1,0,2090
EXコルトスマントβ,0,9,4,0,0,M1,116,154,-3,2,0,2,0,腹減り耐性,1,ジャンプ鉄人,1,,,,,,,コルトスの剛爪,２,翼竜の特上皮,２,凍てついた氷骨,1,,,174,霊脈玉のかけら,1,いにしえの巨龍骨,1,0,2100
EXジャグラスメイルα,0,9,3,0,0,M1,116,154,-2,2,-1,-1,1,回避距離ＵＰ,1,攻撃,2,,,,,,,賊竜の厚皮,1,賊竜の厚鱗,1,賊竜の剛爪,1,ジャグラスの厚鱗,1,174,霊脈玉のかけら,1,いにしえの巨龍骨,1,0,2150
EXジャグラスメイルβ,0,9,4,0,0,M1,116,154,-2,2,-1,-1,1,回避距離ＵＰ,1,攻撃,1,,,,,,,賊竜の厚皮,1,賊竜の厚鱗,1,賊竜の剛爪,1,ジャグラスの厚鱗,1,174,霊脈玉のかけら,1,いにしえの巨龍骨,1,0,2160
EXツィツィメイルα,0,9,1,1,0,M1,116,154,0,0,-3,-2,0,体術,2,水属性攻撃強化,2,,,,,,,眩鳥の厚皮,2,眩鳥の厚鱗,1,眩鳥の輝光膜,1,シャムオスの厚鱗,1,174,霊脈玉のかけら,1,いにしえの巨龍骨,1,0,2170
EXツィツィメイルβ,0,9,4,1,0,M1,116,154,0,0,-3,-2,0,体術,1,水属性攻撃強化,1,,,,,,,眩鳥の厚皮,2,眩鳥の厚鱗,1,眩鳥の輝光膜,1,シャムオスの厚鱗,1,174,霊脈玉のかけら,1,いにしえの巨龍骨,1,0,2180
EXギルオスメイルα,0,9,2,0,0,M1,116,154,0,-3,2,0,1,麻痺耐性,2,属性解放／装填拡張,1,,,,,,,痺賊竜の厚皮,2,痺賊竜の厚鱗,2,痺賊竜の重頭巾,1,ギルオスの厚鱗,2,174,霊脈玉のかけら,1,いにしえの巨龍骨,1,0,2190
EXギルオスメイルβ,0,9,4,2,0,M1,116,154,0,-3,2,0,1,麻痺耐性,2,,,,,,,,,痺賊竜の厚皮,2,痺賊竜の厚鱗,2,痺賊竜の重頭巾,1,ギルオスの厚鱗,2,174,霊脈玉のかけら,1,いにしえの巨龍骨,1,0,2200
EXガマルメイルα,0,9,2,0,0,M1,120,158,2,0,-3,0,2,爆破属性強化,2,砲術,1,,,,,,,岩賊竜の厚皮,2,岩賊竜の靭尾,1,岩賊竜の大顎,1,ガストドンの重殻,2,178,霊脈玉のかけら,1,いにしえの巨龍骨,1,0,2210
EXガマルメイルβ,0,9,4,0,0,M1,120,158,2,0,-3,0,2,爆破属性強化,2,,,,,,,,,岩賊竜の厚皮,2,岩賊竜の靭尾,1,岩賊竜の大顎,1,ガストドンの重殻,2,178,霊脈玉のかけら,1,いにしえの巨龍骨,1,0,2220
EXクルルメイルα,0,9,2,0,0,M1,116,154,0,-3,0,1,0,スタミナ急速回復,1,見切り,2,,,,,,,掻鳥の厚皮,2,掻鳥の特大飾り羽,1,掻鳥の巨大クチバシ,1,ジャグラスの厚鱗,1,174,霊脈玉のかけら,1,いにしえの巨龍骨,1,0,2230
EXクルルメイルβ,0,9,4,0,0,M1,116,154,0,-3,0,1,0,スタミナ急速回復,1,見切り,1,,,,,,,掻鳥の厚皮,2,掻鳥の特大飾り羽,1,掻鳥の巨大クチバシ,1,ジャグラスの厚鱗,1,174,霊脈玉のかけら,1,いにしえの巨龍骨,1,0,2240
EXプケプケメイルα,0,9,2,0,0,M1,118,156,0,3,-3,0,1,アイテム使用強化,2,フルチャージ,1,,,,,,,毒妖鳥の重殻,2,毒妖鳥の厚鱗,2,毒妖鳥の特大喉袋,1,,,176,霊脈玉のかけら,1,いにしえの巨龍骨,1,0,2250
EXプケプケメイルβ,0,9,4,0,0,M1,118,156,0,3,-3,0,1,アイテム使用強化,1,フルチャージ,1,,,,,,,毒妖鳥の重殻,2,毒妖鳥の厚鱗,2,毒妖鳥の特大喉袋,1,,,176,霊脈玉のかけら,1,いにしえの巨龍骨,1,0,2260
EXプケラグーナメイルα,0,9,2,0,0,M4,132,170,0,3,-2,-3,0,強化持続,1,抜刀術【技】,1,,,,,,,水妖鳥の重殻,3,水妖鳥の厚鱗,2,強竜骨,3,,,190,霊脈玉のかけら,1,いにしえの巨龍骨,1,0,2270
EXプケラグーナメイルβ,0,9,4,1,0,M4,132,170,0,3,-2,-3,0,強化持続,1,,,,,,,,,水妖鳥の重殻,3,水妖鳥の厚鱗,2,強竜骨,3,,,190,霊脈玉のかけら,1,いにしえの巨龍骨,1,0,2280
EXボロスメイルα,0,9,1,1,0,M1,118,156,-3,-1,3,-1,0,スタミナ奪取,2,挑戦者,1,,,,,,,土砂竜の重甲,2,土砂竜の重殻,2,豊沃なドロ,2,,,176,霊脈玉のかけら,1,いにしえの巨龍骨,1,0,2290
EXボロスメイルβ,0,9,4,1,0,M1,118,156,-3,-1,3,-1,0,スタミナ奪取,2,,,,,,,,,土砂竜の重甲,2,土砂竜の重殻,2,豊沃なドロ,2,,,176,霊脈玉のかけら,1,いにしえの巨龍骨,1,0,2300
EXジュラメイルα,0,9,2,0,0,M1,118,156,-1,2,-3,0,0,力の解放,1,水属性攻撃強化,2,,,,,,,泥魚竜の重殻,1,泥魚竜の厚鱗,2,咬魚の厚皮,2,,,176,霊脈玉のかけら,1,いにしえの巨龍骨,1,0,2310
EXジュラメイルβ,0,9,4,0,0,M1,118,156,-1,2,-3,0,0,力の解放,1,水属性攻撃強化,1,,,,,,,泥魚竜の重殻,1,泥魚竜の厚鱗,2,咬魚の厚皮,2,,,176,霊脈玉のかけら,1,いにしえの巨龍骨,1,0,2320
EXブランメイルα,0,9,3,0,0,M1,118,156,-3,0,-2,3,2,スタミナ急速回復,1,氷属性攻撃強化,2,,,,,,,凍魚竜の重殻,2,凍魚竜の厚鱗,2,凍魚竜の剛角,1,,,176,霊脈玉のかけら,1,いにしえの巨龍骨,1,0,2330
EXブランメイルβ,0,9,4,2,0,M1,118,156,-3,0,-2,3,2,スタミナ急速回復,1,,,,,,,,,凍魚竜の重殻,2,凍魚竜の厚鱗,2,凍魚竜の剛角,1,,,176,霊脈玉のかけら,1,いにしえの巨龍骨,1,0,2340
EXカガチメイルα,0,9,2,1,0,M1,120,158,0,-3,3,0,0,ジャンプ鉄人,1,体術,1,,,,,,,飛雷竜の厚毛皮,2,飛雷竜の厚鱗,2,飛雷竜の厚皮膜,1,,,178,霊脈玉のかけら,1,いにしえの巨龍骨,1,0,2350
EXカガチメイルβ,0,9,4,2,0,M1,120,158,0,-3,3,0,0,ジャンプ鉄人,1,,,,,,,,,飛雷竜の厚毛皮,2,飛雷竜の厚鱗,2,飛雷竜の厚皮膜,1,,,178,霊脈玉のかけら,1,いにしえの巨龍骨,1,0,2360
EXベニカガチメイルα,0,9,1,1,0,M3,132,148,1,3,-3,-2,1,納刀術,1,回避距離ＵＰ,1,,,,,,,飛毒竜の厚毛皮,2,飛毒竜の厚鱗,2,飛毒竜の厚皮膜,1,,,190,霊脈玉のかけら,1,いにしえの巨龍骨,1,0,2370
EXベニカガチメイルβ,0,9,4,1,0,M3,132,148,1,3,-3,-2,1,納刀術,1,,,,,,,,,飛毒竜の厚毛皮,2,飛毒竜の厚鱗,2,飛毒竜の厚皮膜,1,,,190,霊脈玉のかけら,1,いにしえの巨龍骨,1,0,2380
EXハイメタメイルα,0,9,2,0,0,M1,128,166,0,-1,-2,3,0,耳栓,2,氷属性攻撃強化,1,,,,,,,デプスライト鉱石,1,メランジェ鉱石,2,エルトライト鉱石,2,強靭な爪,1,186,霊脈玉のかけら,1,いにしえの巨龍骨,1,0,2390
EXハイメタメイルβ,0,9,4,1,0,M1,128,166,0,-1,-2,3,0,耳栓,1,氷属性攻撃強化,1,,,,,,,デプスライト鉱石,1,メランジェ鉱石,2,エルトライト鉱石,2,強靭な爪,1,186,霊脈玉のかけら,1,いにしえの巨龍骨,1,0,2400
EXバフバロメイルα,0,9,3,0,0,M3,130,168,-2,2,-1,3,-3,早食い,1,攻めの守勢,1,,,,,,,猛牛竜の重甲,2,猛牛竜の重殻,2,猛牛竜の巨大な角,1,極上の毛皮,2,178,霊脈玉のかけら,1,いにしえの巨龍骨,1,0,2410
EXバフバロメイルβ,0,9,4,1,0,M3,130,168,-2,2,-1,3,-3,早食い,1,,,,,,,,,猛牛竜の重甲,2,猛牛竜の重殻,2,猛牛竜の巨大な角,1,極上の毛皮,2,178,霊脈玉のかけら,1,いにしえの巨龍骨,1,0,2420
EXジャナフメイルα,0,9,1,1,0,M4,132,170,3,-3,-1,-1,0,ランナー,2,特殊射撃強化,1,蛮顎竜の覇気,1,,,,,蛮顎竜の厚毛皮,2,蛮顎竜の重牙,1,蛮顎竜の重鼻骨,2,強竜骨,3,190,霊脈玉のかけら,1,いにしえの巨龍骨,1,0,2430
EXジャナフメイルβ,0,9,4,1,0,M4,132,170,3,-3,-1,-1,0,ランナー,1,特殊射撃強化,1,蛮顎竜の覇気,1,,,,,蛮顎竜の厚毛皮,2,蛮顎竜の重牙,1,蛮顎竜の重鼻骨,2,強竜骨,3,190,霊脈玉のかけら,1,いにしえの巨龍骨,1,0,2440
EXジャナールメイルα,0,11,3,0,0,M13,146,170,-1,-1,2,-3,0,ひるみ軽減,1,気絶耐性,2,蛮顎竜の覇気,1,,,,,雷顎竜の厚毛皮,3,雷顎竜の厚鱗,2,雷顎竜の重鼻骨,1,雷電袋,2,190,霊脈玉,1,大竜玉,1,0,2450
EXジャナールメイルβ,0,11,4,0,0,M13,146,170,-1,-1,2,-3,0,ひるみ軽減,1,気絶耐性,1,蛮顎竜の覇気,1,,,,,雷顎竜の厚毛皮,3,雷顎竜の厚鱗,2,雷顎竜の重鼻骨,1,雷電袋,2,190,霊脈玉,1,大竜玉,1,0,2460
EXレイアメイルα,0,9,2,2,0,M4,130,168,2,0,-2,0,-3,植生学,2,体力回復量ＵＰ,1,雌火竜の真髄,1,,,,,雌火竜の重殻,2,雌火竜の厚翼膜,1,エルトライト鉱石,5,,,188,霊脈玉のかけら,1,いにしえの巨龍骨,1,0,2470
EXレイアメイルβ,0,9,4,2,0,M4,130,168,2,0,-2,0,-3,植生学,1,体力回復量ＵＰ,1,雌火竜の真髄,1,,,,,雌火竜の重殻,2,雌火竜の厚翼膜,1,エルトライト鉱石,5,,,188,霊脈玉のかけら,1,いにしえの巨龍骨,1,0,2480
EXリオハートメイルα,0,9,2,0,0,M6,132,170,3,0,-3,0,-4,整備,2,匠,1,雌火竜の真髄,1,,,,,桜火竜の重殻,3,桜火竜の厚鱗,1,雌火竜の厚翼膜,1,シャムオスの厚鱗,3,190,霊脈玉のかけら,1,いにしえの巨龍骨,1,0,2490
EXリオハートメイルβ,0,9,4,1,1,M6,132,170,3,0,-3,0,-4,整備,2,雌火竜の真髄,1,,,,,,,桜火竜の重殻,3,桜火竜の厚鱗,1,雌火竜の厚翼膜,1,シャムオスの厚鱗,3,190,霊脈玉のかけら,1,いにしえの巨龍骨,1,0,2500
EXウルムーメイルα,0,9,3,1,0,M4,130,168,-3,2,0,1,0,乗り名人,1,砲術,1,,,,,,,浮空竜の厚毛皮,2,浮空竜の厚鱗,2,強竜骨,3,,,188,霊脈玉のかけら,1,いにしえの巨龍骨,1,0,2510
EXウルムーメイルβ,0,9,4,1,0,M4,130,168,-3,2,0,1,0,乗り名人,1,,,,,,,,,浮空竜の厚毛皮,2,浮空竜の厚鱗,2,強竜骨,3,,,188,霊脈玉のかけら,1,いにしえの巨龍骨,1,0,2520
EXウルムメアメイルα,0,9,2,0,0,M4,132,170,-3,-3,2,1,1,広域化,2,渾身,1,,,,,,,浮眠竜の厚毛皮,2,浮眠竜の厚鱗,2,卒倒昏睡袋,3,,,190,霊脈玉のかけら,1,いにしえの巨龍骨,1,0,2530
EXウルムメアメイルβ,0,9,4,1,0,M4,132,170,-3,-3,2,1,1,広域化,2,,,,,,,,,浮眠竜の厚毛皮,2,浮眠竜の厚鱗,2,卒倒昏睡袋,3,,,190,霊脈玉のかけら,1,いにしえの巨龍骨,1,0,2540
EXバルキンメイルα,0,9,3,0,0,M4,134,172,0,2,0,-1,-2,睡眠属性強化,1,裂傷耐性,1,,,,,,,骨鎚竜の重殻,2,骨鎚竜の重油殻,1,卒倒昏睡袋,2,,,192,霊脈玉のかけら,1,いにしえの巨龍骨,1,0,2550
EXバルキンメイルβ,0,9,4,0,0,M4,134,172,0,2,0,-1,-2,睡眠属性強化,1,,,,,,,,,骨鎚竜の重殻,2,骨鎚竜の重油殻,1,卒倒昏睡袋,2,,,192,霊脈玉のかけら,1,いにしえの巨龍骨,1,0,2560
EXアーティアメイルα,0,10,1,0,0,,142,174,1,-2,-2,2,3,見切り,3,フルチャージ,1,太古の神秘,1,,,,,太古の破片,2,重竜骨,2,メランジェ鉱石,3,雷電袋,4,194,霊脈玉,1,ピュアクリスタル,2,0,2570
EXアーティアメイルβ,0,10,4,0,0,,142,174,1,-2,-2,2,3,見切り,2,フルチャージ,1,太古の神秘,1,,,,,太古の破片,2,重竜骨,2,メランジェ鉱石,3,雷電袋,4,194,霊脈玉,1,ピュアクリスタル,2,0,2580
EXアークロックメイルα,0,10,1,1,0,,142,174,2,2,2,-1,-1,挑戦者,2,特殊射撃強化,1,調査団の錬金術,1,,,,,スチームチケット,2,重竜骨,3,霊脈の結晶,4,卒倒昏睡袋,3,194,霊脈玉,1,ピュアクリスタル,2,0,2590
EXアークロックメイルβ,0,10,4,1,0,,142,174,2,2,2,-1,-1,挑戦者,2,調査団の錬金術,1,,,,,,,スチームチケット,2,重竜骨,3,霊脈の結晶,4,卒倒昏睡袋,3,194,霊脈玉,1,ピュアクリスタル,2,0,2600
EXインゴットメイルα,0,10,3,0,0,M6,136,168,-2,0,3,-1,0,雷耐性,2,属性解放／装填拡張,1,,,,,,,メランジェ鉱石,2,重竜骨,1,霊脈の結晶,5,,,188,霊脈玉,1,ピュアクリスタル,2,0,2610
EXインゴットメイルβ,0,10,4,0,0,M6,136,168,-2,0,3,-1,0,雷耐性,1,属性解放／装填拡張,1,,,,,,,メランジェ鉱石,2,重竜骨,1,霊脈の結晶,5,,,188,霊脈玉,1,ピュアクリスタル,2,0,2620
EXベリオメイルα,0,10,3,0,0,M6,138,170,-3,2,-2,3,0,強化持続,1,体術,1,氷牙竜の秘技,1,,,,,氷牙竜の厚毛皮,2,氷牙竜の重殻,2,氷牙竜の剛爪,1,凍てついた氷骨,2,190,霊脈玉,1,ピュアクリスタル,2,0,2630
EXベリオメイルβ,0,10,4,1,0,M6,138,170,-3,2,-2,3,0,強化持続,1,氷牙竜の秘技,1,,,,,,,氷牙竜の厚毛皮,2,氷牙竜の重殻,2,氷牙竜の剛爪,1,凍てついた氷骨,2,190,霊脈玉,1,ピュアクリスタル,2,0,2640
EXレウスメイルα,0,10,1,1,0,M7,140,172,3,1,-2,1,-3,弱点特効,2,火属性攻撃強化,1,火竜の真髄,1,,,,,火竜の重殻,2,火竜の剛翼,2,火竜の靭尾,1,火竜の天鱗,1,192,霊脈玉,1,ピュアクリスタル,2,0,2650
EXレウスメイルβ,0,10,4,0,0,M7,140,172,3,1,-2,1,-3,弱点特効,2,火竜の真髄,1,,,,,,,火竜の重殻,2,火竜の剛翼,2,火竜の靭尾,1,火竜の天鱗,1,192,霊脈玉,1,ピュアクリスタル,2,0,2660
EXリオソウルメイルα,0,11,2,0,0,M13,148,172,3,2,2,-3,-4,属性解放／装填拡張,1,破壊王,1,火竜の真髄,1,,,,,蒼火竜の重殻,3,蒼火竜の厚鱗,1,蒼火竜の靭尾,1,メランジェ鉱石,4,192,霊脈玉,1,大竜玉,1,0,2670
EXリオソウルメイルβ,0,11,4,1,0,M13,148,172,3,2,2,-3,-4,属性解放／装填拡張,1,火竜の真髄,1,,,,,,,蒼火竜の重殻,3,蒼火竜の厚鱗,1,蒼火竜の靭尾,1,メランジェ鉱石,4,192,霊脈玉,1,大竜玉,1,0,2680
EXディアブロメイルα,0,10,2,0,0,M7,140,180,3,-2,0,-3,2,ＫＯ術,2,火事場力,2,角竜の覇気,1,,,,,角竜の重甲,2,角竜の重殻,2,角竜の延髄,2,重竜骨,2,192,霊脈玉,1,ピュアクリスタル,2,0,2690
EXディアブロメイルβ,0,10,4,1,0,M7,140,180,3,-2,0,-3,2,ＫＯ術,2,火事場力,1,角竜の覇気,1,,,,,角竜の重甲,2,角竜の重殻,2,角竜の延髄,2,重竜骨,2,192,霊脈玉,1,ピュアクリスタル,2,0,2700
EXディアネロメイルα,0,11,2,0,0,M13,148,172,2,-3,0,-4,2,逆恨み,2,ランナー,1,角竜の覇気,1,,,,,黒角竜の重甲,3,黒角竜の重殻,1,堅牢な黒巻き角,1,剛竜骨,4,192,霊脈玉,1,大竜玉,1,0,2710
EXディアネロメイルβ,0,11,4,1,0,M13,148,172,2,-3,0,-4,2,逆恨み,1,ランナー,1,角竜の覇気,1,,,,,黒角竜の重甲,3,黒角竜の重殻,1,堅牢な黒巻き角,1,剛竜骨,4,192,霊脈玉,1,大竜玉,1,0,2720
EXギエナメイルα,0,10,1,0,0,M7,140,170,-1,2,-3,3,0,回避性能,2,精霊の加護,2,風漂竜の覇気,1,,,,,風漂竜の厚皮,2,風漂竜の剛翼,2,風漂竜の剛爪,1,ピュアクリスタル,1,192,霊脈玉,1,ピュアクリスタル,2,0,2730
EXギエナメイルβ,0,10,4,0,0,M7,140,170,-1,2,-3,3,0,回避性能,2,精霊の加護,1,風漂竜の覇気,1,,,,,風漂竜の厚皮,2,風漂竜の剛翼,2,風漂竜の剛爪,1,ピュアクリスタル,1,192,霊脈玉,1,ピュアクリスタル,2,0,2740
EXブリーナメイルα,0,11,1,1,0,M12,146,170,-3,2,-1,3,0,集中,2,ランナー,1,風漂竜の覇気,1,,,,,氷霜をまとう皮,3,風漂竜の厚鱗,2,冷厳なる翼,2,風漂竜の天鱗,1,190,霊脈玉,1,ピュアクリスタル,2,0,2750
EXブリーナメイルβ,0,11,4,0,0,M12,146,170,-3,2,-1,3,0,集中,2,風漂竜の覇気,1,,,,,,,氷霜をまとう皮,3,風漂竜の厚鱗,2,冷厳なる翼,2,風漂竜の天鱗,1,190,霊脈玉,1,ピュアクリスタル,2,0,2760
EXガロンメイルα,0,10,3,0,0,M7,140,172,2,2,-2,-3,0,砥石使用高速化,2,裂傷耐性,1,惨爪竜の真髄,1,,,,,惨爪竜の強硬筋,2,惨爪竜の厚鱗,2,惨爪竜の靭尾,1,カンタロスの斬羽,2,192,霊脈玉,1,ピュアクリスタル,2,0,2770
EXガロンメイルβ,0,10,4,1,0,M7,140,172,2,2,-2,-3,0,砥石使用高速化,2,惨爪竜の真髄,1,,,,,,,惨爪竜の強硬筋,2,惨爪竜の厚鱗,2,惨爪竜の靭尾,1,カンタロスの斬羽,2,192,霊脈玉,1,ピュアクリスタル,2,0,2780
EXデスガロンメイルα,0,11,2,0,0,M14,148,172,-2,-3,-2,-2,4,見切り,3,龍耐性,2,惨爪竜の真髄,1,,,,,兇爪竜の強硬筋,3,兇爪竜の剛爪,2,兇爪竜の重牙,2,カンタロスの斬羽,4,192,霊脈玉,1,大竜玉,1,0,2790
EXデスガロンメイルβ,0,11,4,1,0,M14,148,172,-2,-3,-2,-2,4,見切り,2,龍耐性,1,惨爪竜の真髄,1,,,,,兇爪竜の強硬筋,3,兇爪竜の剛爪,2,兇爪竜の重牙,2,カンタロスの斬羽,4,192,霊脈玉,1,大竜玉,1,0,2800
EXラヴァメイルα,0,10,1,1,0,M7,140,172,3,-3,1,-2,2,火属性攻撃強化,3,熱ダメージ無効,1,,,,,,,溶岩竜の重殻,2,溶岩竜の厚鱗,1,業炎袋,6,重竜骨,4,192,霊脈玉,1,ピュアクリスタル,2,0,2810
EXラヴァメイルβ,0,10,4,1,0,M7,140,172,3,-3,1,-2,2,火属性攻撃強化,2,熱ダメージ無効,1,,,,,,,溶岩竜の重殻,2,溶岩竜の厚鱗,1,業炎袋,6,重竜骨,4,192,霊脈玉,1,ピュアクリスタル,2,0,2820
EXガンキンメイルα,0,10,3,0,0,M7,144,176,4,-3,1,-2,-2,破壊王,2,爆破やられ耐性,1,爆鎚竜の覇気,1,,,,,爆鎚竜の重殻,2,爆鎚竜の重顎,1,爆鎚竜の重耐熱殻,1,大竜玉,1,196,霊脈玉,1,ピュアクリスタル,2,0,2830
EXガンキンメイルβ,0,10,4,0,0,M7,144,176,4,-3,1,-2,-2,破壊王,2,爆鎚竜の覇気,1,,,,,,,爆鎚竜の重殻,2,爆鎚竜の重顎,1,爆鎚竜の重耐熱殻,1,大竜玉,1,196,霊脈玉,1,ピュアクリスタル,2,0,2840
EXナルガメイルα,0,10,2,0,0,M7,140,172,-2,2,-3,0,0,回避性能,2,しゃがみ移動速度ＵＰ,1,迅竜の真髄,1,,,,,迅竜の豪黒毛,2,迅竜の厚鱗,1,迅竜の靭尾,1,咬魚の厚皮,3,192,霊脈玉,1,ピュアクリスタル,2,0,2850
EXナルガメイルβ,0,10,4,0,0,M7,140,172,-2,2,-3,0,0,回避性能,2,迅竜の真髄,1,,,,,,,迅竜の豪黒毛,2,迅竜の厚鱗,1,迅竜の靭尾,1,咬魚の厚皮,3,192,霊脈玉,1,ピュアクリスタル,2,0,2860
EXディノメイルα,0,10,1,0,0,M7,142,174,3,-3,1,-1,-1,強化持続,2,渾身,1,斬竜の真髄,1,,,,,斬竜の重殻,2,斬竜の重牙,1,赤熱した溶炉嚢,2,獄炎石,2,194,霊脈玉,1,ピュアクリスタル,2,0,2870
EXディノメイルβ,0,10,4,0,0,M7,142,174,3,-3,1,-1,-1,強化持続,1,渾身,1,斬竜の真髄,1,,,,,斬竜の重殻,2,斬竜の重牙,1,赤熱した溶炉嚢,2,獄炎石,2,194,霊脈玉,1,ピュアクリスタル,2,0,2880
EXディノイエロメイルα,0,11,1,0,0,M14,150,174,-3,2,-1,2,-1,匠,2,スタミナ急速回復,1,斬竜の真髄,1,,,,,硫斬竜の重殻,3,硫斬竜の重牙,3,硫斬竜の剣山状殻,2,斬竜の天鱗,1,194,霊脈玉,1,大竜玉,1,0,2890
EXディノイエロメイルβ,0,11,4,1,0,M14,150,174,-3,2,-1,2,-1,匠,1,スタミナ急速回復,1,斬竜の真髄,1,,,,,硫斬竜の重殻,3,硫斬竜の重牙,3,硫斬竜の剣山状殻,2,斬竜の天鱗,1,194,霊脈玉,1,大竜玉,1,0,2900
EXブラキメイルα,0,10,1,0,0,M9,142,174,3,-2,1,-3,1,スタミナ奪取,2,挑戦者,1,砕竜の真髄,1,,,,,砕竜の重黒曜甲,2,砕竜の剛鉄拳,1,砕竜の重頭殻,2,重竜骨,5,194,霊脈玉,1,ピュアクリスタル,2,0,2910
EXブラキメイルβ,0,10,4,0,0,M9,142,174,3,-2,1,-3,1,スタミナ奪取,1,挑戦者,1,砕竜の真髄,1,,,,,砕竜の重黒曜甲,2,砕竜の剛鉄拳,1,砕竜の重頭殻,2,重竜骨,5,194,霊脈玉,1,ピュアクリスタル,2,0,2920
EXレックスメイルα,0,10,2,0,0,M9,142,174,2,0,-3,0,-2,耳栓,2,満足感,1,轟竜の真髄,1,,,,,轟竜の重殻,2,轟竜の剛爪,2,轟竜の靭尾,1,ランゴスタの斬羽,3,194,霊脈玉,1,ピュアクリスタル,2,0,2930
EXレックスメイルβ,0,10,4,1,0,M9,142,174,2,0,-3,0,-2,耳栓,2,轟竜の真髄,1,,,,,,,轟竜の重殻,2,轟竜の剛爪,2,轟竜の靭尾,1,ランゴスタの斬羽,3,194,霊脈玉,1,ピュアクリスタル,2,0,2940
EXレックスロアメイルα,0,11,3,0,0,M70,156,182,3,-4,-2,0,0,攻撃,3,弱点特効,1,轟竜の真髄,1,,,,,黒轟竜の重殻,3,黒轟竜の厚鱗,2,黒轟竜の重牙,3,龍脈に侵されし狂骨,3,200,霊脈玉,1,大竜玉,1,0,2950
EXレックスロアメイルβ,0,11,4,1,0,M70,156,182,3,-4,-2,0,0,攻撃,2,弱点特効,1,轟竜の真髄,1,,,,,黒轟竜の重殻,3,黒轟竜の厚鱗,2,黒轟竜の重牙,3,龍脈に侵されし狂骨,3,200,霊脈玉,1,大竜玉,1,0,2960
EXクロオビメイルα,0,11,1,1,1,,150,174,1,1,1,1,2,キノコ大好き,2,広域化,1,教官の導き,1,,,,,クロオビコイン,2,ナルガコイン,3,ランゴスタの斬羽,3,,,194,霊脈玉,1,大竜玉,1,0,2970
EXクロオビメイルβ,0,11,4,1,1,,150,174,1,1,1,1,2,キノコ大好き,2,教官の導き,1,,,,,,,クロオビコイン,2,ナルガコイン,3,ランゴスタの斬羽,3,,,194,霊脈玉,1,大竜玉,1,0,2980
EXドーベルメイルα,0,11,1,1,1,M17,152,176,-2,0,-1,-1,4,攻撃,2,瘴気耐性,1,,,,,,,太古龍骨,2,頑強な重骨,3,泥魚竜の特上ヒレ,1,剛竜骨,3,196,霊脈玉,1,大竜玉,1,0,2990
EXドーベルメイルβ,0,11,4,1,1,M17,152,176,-2,0,-1,-1,4,攻撃,1,瘴気耐性,1,,,,,,,太古龍骨,2,頑強な重骨,3,泥魚竜の特上ヒレ,1,剛竜骨,3,196,霊脈玉,1,大竜玉,1,0,3000
EXダマスクメイルα,0,11,3,1,0,M17,152,176,4,-2,0,0,0,集中,2,防御,2,,,,,,,古龍の浄血,2,メランジェ鉱石,3,風漂竜の剛翼,1,ピュアクリスタル,1,196,霊脈玉,1,大竜玉,1,0,3010
EXダマスクメイルβ,0,11,4,2,1,M17,152,176,4,-2,0,0,0,集中,2,,,,,,,,,古龍の浄血,2,メランジェ鉱石,3,風漂竜の剛翼,1,ピュアクリスタル,1,196,霊脈玉,1,大竜玉,1,0,3020
EXプライドメイルα,0,11,1,1,0,M18,154,178,3,1,-2,-4,-2,ガード性能,2,爆破やられ耐性,2,爆鱗竜の覇気,1,,,,,紅蓮にゆれる銀殻,3,爆鱗竜の厚鱗,3,凝縮された爆腺液,3,剛竜骨,5,198,霊脈玉,1,大竜玉,1,0,3030
EXプライドメイルβ,0,11,4,1,1,M18,154,178,3,1,-2,-4,-2,ガード性能,2,爆鱗竜の覇気,1,,,,,,,紅蓮にゆれる銀殻,3,爆鱗竜の厚鱗,3,凝縮された爆腺液,3,剛竜骨,5,196,霊脈玉,1,大竜玉,1,0,3040
EXグリードメイルα,0,11,2,0,0,M21,156,180,2,1,-3,1,-3,早食い,1,匠,2,恐暴竜の真髄,1,,,,,恐暴竜の厚黒皮,3,極悪な牙,4,恐暴竜の重尾,1,恐暴竜の滅鱗,1,200,霊脈玉,1,大竜玉,1,0,3050
EXグリードメイルβ,0,11,4,2,2,M21,156,180,2,1,-3,1,-3,早食い,1,恐暴竜の真髄,1,,,,,,,恐暴竜の厚黒皮,3,極悪な牙,4,恐暴竜の重尾,1,恐暴竜の滅鱗,1,200,霊脈玉,1,大竜玉,1,0,3060
EXラヴィーナメイルα,0,12,1,0,0,M17,154,178,-3,2,-1,4,-1,納刀術,2,抜刀術【技】,1,冰龍の神秘,1,,,,,冰龍の重殻,3,冰龍の剛翼,3,冰龍の剛爪,2,風漂竜の天鱗,1,192,大霊脈玉,1,古龍の浄血,2,0,3070
EXラヴィーナメイルβ,0,12,4,1,0,M17,154,178,-3,2,-1,4,-1,納刀術,2,冰龍の神秘,1,,,,,,,冰龍の重殻,3,冰龍の剛翼,3,冰龍の剛爪,2,風漂竜の天鱗,1,192,大霊脈玉,1,古龍の浄血,2,0,3080
EXヴァルファーメイルα,0,12,3,1,0,M19,156,180,-2,4,1,1,-3,回復速度,2,龍属性攻撃強化,2,屍套龍の霊脈,1,,,,,屍套龍の重殻,3,死屍の厚龍鱗,2,死屍を紡いだ被膜,3,古龍の浄血,2,194,大霊脈玉,1,古龍の浄血,2,0,3090
EXヴァルファーメイルβ,0,12,4,2,0,M19,156,180,-2,4,1,1,-3,回復速度,2,龍属性攻撃強化,1,屍套龍の霊脈,1,,,,,屍套龍の重殻,3,死屍の厚龍鱗,2,死屍を紡いだ被膜,3,古龍の浄血,2,194,大霊脈玉,1,古龍の浄血,2,0,3100
EXカイザーメイルα,0,12,2,1,0,M19,156,180,3,-3,1,-3,1,力の解放,1,特殊射撃強化,2,炎王龍の武技,1,,,,,炎王龍の重殻,3,炎王龍の大たてがみ,4,炎王龍の靭尾,2,太古龍骨,5,194,大霊脈玉,1,古龍の浄血,2,0,3110
EXカイザーメイルβ,0,12,4,1,1,M19,156,180,3,-3,1,-3,1,力の解放,1,炎王龍の武技,1,,,,,,,炎王龍の重殻,3,炎王龍の大たてがみ,4,炎王龍の靭尾,2,太古龍骨,5,194,大霊脈玉,1,古龍の浄血,2,0,3120
EXクシャナディールα,0,12,1,0,0,M19,156,180,0,2,-3,4,-2,匠,3,鋼龍の飛翔,1,,,,,,,鋼龍の重殻,4,鋼龍の剛翼,3,鋼龍の靭尾,2,古龍の浄血,6,194,大霊脈玉,1,古龍の浄血,2,0,3130
EXクシャナディールβ,0,12,4,2,0,M19,156,180,0,2,-3,4,-2,匠,2,鋼龍の飛翔,1,,,,,,,鋼龍の重殻,4,鋼龍の剛翼,3,鋼龍の靭尾,2,古龍の浄血,6,194,大霊脈玉,1,古龍の浄血,2,0,3140
EXキリンベストα,0,12,3,2,0,M19,154,172,-3,-2,4,-2,2,見切り,3,精霊の加護,1,幻獣の神秘,1,,,,,幻獣の銀たてがみ,3,幻獣の特上皮,1,幻獣の靭雷尾,3,砕竜の天殻,1,192,大霊脈玉,1,古龍の浄血,2,0,3150
EXキリンベストβ,0,12,4,2,0,M19,154,172,-3,-2,4,-2,2,見切り,2,精霊の加護,1,幻獣の神秘,1,,,,,幻獣の銀たてがみ,3,幻獣の特上皮,1,幻獣の靭雷尾,3,砕竜の天殻,1,192,大霊脈玉,1,古龍の浄血,2,0,3160
EXテンタクルメイルα,0,12,2,2,0,M20,158,176,-3,4,3,0,-2,属性やられ耐性,2,整備,1,溟龍の神秘,1,,,,,溟龍の特上皮,2,溟龍の剛爪,2,溟龍の幻曜ヒゲ,1,氷霜をまとう皮,3,196,大霊脈玉,1,古龍の浄血,2,0,3170
EXテンタクルメイルβ,0,12,4,2,0,M20,158,176,-3,4,3,0,-2,属性やられ耐性,1,整備,1,溟龍の神秘,1,,,,,溟龍の特上皮,2,溟龍の剛爪,2,溟龍の幻曜ヒゲ,1,氷霜をまとう皮,3,196,大霊脈玉,1,古龍の浄血,2,0,3180
EXギルドパレスメイルα,0,11,1,1,0,M70,154,178,1,2,2,1,1,挑戦者,2,火事場力,1,ギルドの見識,1,,,,,英雄王のコイン,1,ジンオウコイン,3,クロオビコイン,2,炎王龍の大たてがみ,3,194,霊脈玉,1,大竜玉,1,0,3190
EXギルドパレスメイルβ,0,11,4,2,0,M70,154,178,1,2,2,1,1,挑戦者,1,火事場力,1,ギルドの見識,1,,,,,英雄王のコイン,1,ジンオウコイン,3,クロオビコイン,2,炎王龍の大たてがみ,3,194,霊脈玉,1,大竜玉,1,0,3200
EXアンガルダメイルα,0,12,3,2,0,M23,162,180,0,-2,3,-3,0,災禍転福,2,体力増強,1,地啼龍の神秘,1,,,,,地啼龍の厳岩殻,4,地啼龍の慈鱗,3,地啼龍の慈爪,3,兇爪竜の天鱗,1,200,大霊脈玉,1,古龍の浄血,2,0,3210
EXアンガルダメイルβ,0,12,4,2,0,M23,162,180,0,-2,3,-3,0,災禍転福,2,地啼龍の神秘,1,,,,,,,地啼龍の厳岩殻,4,地啼龍の慈鱗,3,地啼龍の慈爪,3,兇爪竜の天鱗,1,200,大霊脈玉,1,古龍の浄血,2,0,3220
EXゾラマグナハイドα,0,12,3,1,0,M24,160,178,4,-3,-1,-2,-3,耐震,2,砲術,2,熔山龍の真髄,1,,,,,龍脈の重竜骨,2,色あせた結晶,3,鮮やかな紅骨,3,覇王の証,1,198,大霊脈玉,1,古龍の浄血,2,0,3230
EXゾラマグナハイドβ,0,12,4,2,0,M24,160,178,4,-3,-1,-2,-3,耐震,2,熔山龍の真髄,1,,,,,,,龍脈の重竜骨,2,色あせた結晶,3,鮮やかな紅骨,3,覇王の証,1,198,大霊脈玉,1,古龍の浄血,2,0,3240
EXガルルガメイルα,0,11,1,0,0,M24,154,178,2,-3,2,-2,-2,耳栓,2,見切り,2,,,,,,,黒狼鳥の重殻,2,黒狼鳥の厚毛皮,2,黒狼鳥の剛翼,3,草むした大骨,3,198,霊脈玉,1,大竜玉,1,0,3250
EXガルルガメイルβ,0,11,4,0,0,M24,154,178,2,-3,2,-2,-2,耳栓,1,見切り,2,,,,,,,黒狼鳥の重殻,2,黒狼鳥の厚毛皮,2,黒狼鳥の剛翼,3,草むした大骨,3,198,霊脈玉,1,大竜玉,1,0,3260
EXジンオウメイルα,0,11,3,0,0,M24,158,182,-1,-1,4,-4,1,力の解放,3,通常弾・通常矢強化,1,雷狼竜の真髄,1,,,,,雷狼竜の雷電毛,3,雷狼竜の重殻,2,雷狼竜の剛爪,2,深緑の大骨,3,202,霊脈玉,1,大竜玉,1,0,3270
EXジンオウメイルβ,0,11,4,0,0,M24,158,182,-1,-1,4,-4,1,力の解放,3,雷狼竜の真髄,1,,,,,,,雷狼竜の雷電毛,3,雷狼竜の重殻,2,雷狼竜の剛爪,2,深緑の大骨,3,202,霊脈玉,1,大竜玉,1,0,3280
EXギルドワークボディα,0,12,3,1,1,M24,162,180,2,1,1,2,2,クライマー,1,ひるみ軽減,1,ギルドの見識,1,,,,,調査団チケットG,1,荒地の結晶,2,荒地の岩骨,2,ボワボワチケット,1,200,大霊脈玉,1,古龍の浄血,2,0,3290
EXギルドワークボディβ,0,12,4,2,2,M24,162,180,2,1,1,2,2,クライマー,1,ギルドの見識,1,,,,,,,調査団チケットG,1,荒地の結晶,2,荒地の岩骨,2,ボワボワチケット,1,200,大霊脈玉,1,古龍の浄血,2,0,3300
EXゴールドルナメイルα,0,12,3,1,0,M70,162,180,3,-2,-4,0,4,精霊の加護,2,逆恨み,1,金火竜の真髄,1,,,,,金火竜の重殻,4,金火竜の厚鱗,2,金火竜の秘棘,1,龍脈の剛竜骨,8,200,大霊脈玉,1,古龍の浄血,2,0,3310
EXゴールドルナメイルβ,0,12,4,2,1,M70,162,180,3,-2,-4,0,4,精霊の加護,2,金火竜の真髄,1,,,,,,,金火竜の重殻,4,金火竜の厚鱗,2,金火竜の秘棘,1,龍脈の剛竜骨,8,200,大霊脈玉,1,古龍の浄血,2,0,3320
EXシルバーソルメイルα,0,12,1,0,0,M70,162,180,4,-3,-2,-2,3,超会心,2,火属性攻撃強化,2,銀火竜の真髄,1,,,,,銀火竜の重殻,4,銀火竜の剛翼,4,火竜の煌液,3,導きの龍骨【珊瑚礁】,3,200,大霊脈玉,1,古龍の浄血,2,0,3330
EXシルバーソルメイルβ,0,12,4,0,0,M70,162,180,4,-3,-2,-2,3,超会心,2,銀火竜の真髄,1,,,,,,,銀火竜の重殻,4,銀火竜の剛翼,4,火竜の煌液,3,導きの龍骨【珊瑚礁】,3,200,大霊脈玉,1,古龍の浄血,2,0,3340
EXエンプレスメイルα,0,12,2,0,0,M50,164,182,3,1,1,-3,-2,フルチャージ,2,広域化,2,炎妃龍の真髄,1,,,,,炎妃龍の重殻,3,炎妃龍の剛翼,3,炎妃龍の大たてがみ,2,泰然たる結晶,3,202,大霊脈玉,1,古龍の浄血,2,0,3350
EXエンプレスメイルβ,0,12,4,1,0,M50,164,182,3,1,1,-3,-2,フルチャージ,1,広域化,2,炎妃龍の真髄,1,,,,,炎妃龍の重殻,3,炎妃龍の剛翼,3,炎妃龍の大たてがみ,2,泰然たる結晶,3,202,大霊脈玉,1,古龍の浄血,2,0,3360
EXゾークメイルα,0,12,2,2,0,M100,166,184,1,1,-3,1,-3,スタミナ急速回復,2,渾身,1,滅尽龍の覇気,1,,,,,滅尽龍の重殻,3,滅尽龍の剛爪,3,無窮の新生殻,2,迅竜の天鱗,1,204,大霊脈玉,1,古龍の浄血,2,0,3370
EXゾークメイルβ,0,12,4,2,0,M100,166,184,1,1,-3,1,-3,スタミナ急速回復,2,滅尽龍の覇気,1,,,,,,,滅尽龍の重殻,3,滅尽龍の剛爪,3,無窮の新生殻,2,迅竜の天鱗,1,204,大霊脈玉,1,古龍の浄血,2,0,3380
EX金色ノ羽織α,0,11,3,1,0,M24,158,182,2,0,3,-5,2,逆恨み,2,砥石使用高速化,2,金獅子の怒気,1,,,,,金獅子の黒荒毛,4,金獅子の剛爪,2,金獅子の重牙,3,ピュアクリスタル,1,202,霊脈玉,1,大竜玉,1,0,3390
EX金色ノ羽織β,0,11,4,1,1,M24,158,182,2,0,3,-5,2,逆恨み,2,金獅子の怒気,1,,,,,,,金獅子の黒荒毛,4,金獅子の剛爪,2,金獅子の重牙,3,ピュアクリスタル,1,202,霊脈玉,1,大竜玉,1,0,3400
EX斉天ノ衣α,0,12,1,0,0,M24,170,188,2,0,3,-5,2,渾身,3,耳栓,2,金獅子の闘志,1,,,,,金獅子の怒髪天,2,羅刹の金剛角,1,金獅子の剛角,2,古龍の大宝玉,1,208,大霊脈玉,1,古龍の浄血,2,0,3410
EX斉天ノ衣β,0,12,4,2,0,M24,170,188,2,0,3,-5,2,渾身,3,金獅子の闘志,1,,,,,,,金獅子の怒髪天,2,羅刹の金剛角,1,金獅子の剛角,2,古龍の大宝玉,1,208,大霊脈玉,1,古龍の浄血,2,0,3420
EXゴクオウメイルα,0,11,2,0,0,M24,160,184,2,-4,-5,0,4,風圧耐性,3,ひるみ軽減,2,雷狼竜の真髄,1,,,,,獄狼竜の滅龍毛,3,獄狼竜の重殻,2,獄狼竜の靭尾,1,凍結された氷骨,3,204,霊脈玉,1,大竜玉,1,0,3430
EXゴクオウメイルβ,0,11,4,0,0,M24,160,184,2,-4,-5,0,4,風圧耐性,3,ひるみ軽減,1,雷狼竜の真髄,1,,,,,獄狼竜の滅龍毛,3,獄狼竜の重殻,2,獄狼竜の靭尾,1,凍結された氷骨,3,204,霊脈玉,1,大竜玉,1,0,3440
EX龍紋ヲ刻マレシ封鎧α,0,12,3,2,0,M24,168,186,2,1,1,1,-1,属性やられ耐性,2,超会心,1,赤龍の封印,1,,,,,赤龍の重殻,6,赤龍の剛爪,4,裂光の龍脈殻,5,恐暴竜の滅鱗,1,206,大霊脈玉,1,古龍の浄血,2,0,3450
EX龍紋ヲ刻マレシ封鎧β,0,12,4,2,0,M24,168,186,2,1,1,1,-1,属性やられ耐性,1,超会心,1,赤龍の封印,1,,,,,赤龍の重殻,6,赤龍の剛爪,4,裂光の龍脈殻,5,恐暴竜の滅鱗,1,206,大霊脈玉,1,古龍の浄血,2,0,3460
EXブラキウムメイルα,0,12,2,1,1,M24,170,188,3,-2,1,-3,1,挑戦者,2,爆破属性強化,3,砕竜の闘志,1,,,,,不壊の黒曜甲,2,砕竜の弾頭殻,1,臨界極まる粘菌,3,砕竜の天殻,1,208,大霊脈玉,1,古龍の浄血,2,0,3470
EXブラキウムメイルβ,0,12,4,2,1,M24,170,188,3,-2,1,-3,1,挑戦者,2,砕竜の闘志,1,,,,,,,不壊の黒曜甲,2,砕竜の弾頭殻,1,臨界極まる粘菌,3,砕竜の天殻,1,208,大霊脈玉,1,古龍の浄血,2,0,3480
EXオルムングメイルα,0,11,3,2,0,M24,162,186,-3,2,-2,3,0,攻撃,3,抜刀術【技】,1,氷牙竜の絶技,1,,,,,氷牙竜チケット,1,銀雪を冠した毛皮,4,白銀の氷河牙,2,ピュアクリスタル,1,206,霊脈玉,1,大竜玉,1,0,3490
EXオルムングメイルβ,0,11,4,2,0,M24,162,186,-3,2,-2,3,0,攻撃,3,氷牙竜の絶技,1,,,,,,,氷牙竜チケット,1,銀雪を冠した毛皮,4,白銀の氷河牙,2,ピュアクリスタル,1,206,霊脈玉,1,大竜玉,1,0,3500
EXエスカドラソウルα,0,12,2,1,1,M24,160,178,3,0,0,3,2,体力増強,3,逆恨み,2,煌黒龍の神秘,1,,,,,煌黒龍の天殻,3,煌黒龍の天鱗,3,煌黒龍の邪翼,1,煌黒龍の凶爪,2,198,大霊脈玉,1,古龍の浄血,2,0,3510
EXエスカドラソウルβ,0,12,4,1,1,M24,160,178,3,0,0,3,2,体力増強,3,逆恨み,1,煌黒龍の神秘,1,,,,,煌黒龍の天殻,3,煌黒龍の天鱗,3,煌黒龍の邪翼,1,煌黒龍の凶爪,2,198,大霊脈玉,1,古龍の浄血,2,0,3520
EXドラゴンハイドα,0,12,4,4,3,M24,180,198,-1,2,2,0,-4,弱点特効,1,回避性能,2,黒龍の伝説,1,,,,,黒龍の重殻,3,黒龍の重胸殻,3,黒龍の邪眼,2,瑠璃色の龍神玉,1,218,大霊脈玉,1,古龍の浄血,2,0,3530
EXドラゴンハイドβ,0,12,4,4,4,M24,180,198,-1,2,2,0,-4,弱点特効,1,回避性能,1,黒龍の伝説,1,,,,,黒龍の重殻,3,黒龍の重胸殻,3,黒龍の邪眼,2,瑠璃色の龍神玉,1,218,大霊脈玉,1,古龍の浄血,2,0,3540
EXマムガイラメイルα,0,12,3,3,0,M24,176,194,4,-2,3,-2,-4,早食い,3,満足感,1,爛輝龍の真髄,1,,,,,爛輝龍の重金鱗,4,爛輝龍の重金殻,2,爛輝龍の重金塊,5,爛輝龍の重金巻角,3,214,大霊脈玉,1,古龍の浄血,2,0,3550
EXマムガイラメイルβ,0,12,4,3,0,M24,176,194,4,-2,3,-2,-4,早食い,3,爛輝龍の真髄,1,,,,,,,爛輝龍の重金鱗,4,爛輝龍の重金殻,2,爛輝龍の重金塊,5,爛輝龍の重金巻角,3,214,大霊脈玉,1,古龍の浄血,2,0,3560
EXテンタクルメイルγ,0,12,4,0,0,M100,176,194,-3,4,3,0,-2,回避性能,4,水属性攻撃強化,2,溟龍の神秘,1,,,,,溟龍チケット,1,溟龍の特上皮,5,溟龍の靭尾,3,古龍の大宝玉,1,214,大霊脈玉,1,古龍の浄血,2,0,3570
EXラヴィーナメイルγ,0,12,4,2,1,M100,180,198,-3,2,-1,4,-1,抜刀術【技】,3,氷属性攻撃強化,3,冰龍の神秘,1,,,,,冰龍チケット,1,冰龍の重殻,5,冰龍の剛翼,6,冰龍の零玉,1,218,大霊脈玉,1,古龍の浄血,2,0,3580
EXウーロンベストα,0,9,4,0,0,M1,120,158,1,1,1,4,1,スタミナ急速回復,2,万福の祝福,1,,,,,,,万福チケット,1,エルトライト鉱石,2,,,,,178,霊脈玉のかけら,1,いにしえの巨龍骨,1,0,3590
EXアストラクロスα,0,9,1,0,0,M1,140,178,2,2,2,2,2,超会心,2,大感謝の祝福,1,,,,,,,大感謝チケット,1,ピュアクリスタル,1,強竜骨,1,,,198,霊脈玉のかけら,1,いにしえの巨龍骨,1,0,3600
EXローゼスーツα,0,10,4,0,0,M9,150,182,4,1,1,1,1,攻撃,3,満開の祝福,1,,,,,,,満開チケット,1,重竜骨,1,いにしえの巨龍骨,1,,,202,霊脈玉,1,ピュアクリスタル,2,0,3610
EXパッションボディα,0,10,4,1,0,M12,156,188,1,4,1,1,1,採集の達人,1,剥ぎ取り鉄人,1,情熱の祝福,1,,,,,情熱チケット,1,剛竜骨,1,掻鳥の特大飾り羽,1,,,208,霊脈玉,1,ピュアクリスタル,2,0,3620
EX魔界ノ主【外套】α,0,11,2,2,0,M11,162,186,1,1,4,1,1,属性やられ耐性,3,ホラーナイトの祝福,1,,,,,,,ホラーナイトチケット,1,古龍の浄血,1,死屍を紡いだ被膜,1,,,206,霊脈玉,1,大竜玉,1,0,3630
EX蒼世ノ侍【羽織】α,0,12,4,0,0,M18,170,188,2,2,0,0,3,体術,2,集中,1,銀火竜の真髄,1,,,,,蒼世の大宝玉,1,銀雪を冠した毛皮,2,白銀の氷刃牙,1,氷晶の厚龍鱗,3,208,大霊脈玉,1,古龍の浄血,2,0,3640
EXバヌークメイルα,0,12,4,3,0,M24,160,178,2,0,2,2,2,ランナー,1,スタミナ急速回復,1,蛮顎竜の覇気,1,,,,,デーモンチケット,1,恐暴竜の厚黒皮,2,恐暴竜の厚黒鱗,1,メランジェ鉱石,3,198,大霊脈玉,1,古龍の浄血,2,0,3650
EXマッスルボディα,0,11,1,1,1,M24,154,178,2,-1,0,-1,-3,挑戦者,3,不屈,1,,,,,,,マッスルチケット,1,金獅子の黒荒毛,3,黄金の煌毛,1,,,198,霊脈玉,1,大竜玉,1,0,3660
EXアルテミスメイルα,0,11,1,1,0,M1,140,164,2,2,1,1,2,耳栓,2,体力回復量ＵＰ,1,New World,1,,,,,チョコレート,1,,,,,,,184,霊脈玉,1,大竜玉,1,0,3710
EXレオンボディα,0,12,1,1,0,M20,150,168,3,2,2,3,0,挑戦者,2,弱点特効,1,サバイバー,1,,,,,,,,,,,,,188,大霊脈玉,1,古龍の浄血,2,1,3740
EXクレアボディα,0,12,1,1,0,M20,150,168,3,2,2,3,0,挑戦者,2,回避性能,2,サバイバー,1,,,,,,,,,,,,,188,大霊脈玉,1,古龍の浄血,2,1,3750
EXシールドウィーバー・胴,0,12,4,2,1,M24,132,150,-1,-1,3,-1,2,雷属性攻撃強化,3,動力源,1,,,,,,,,,,,,,,,170,大霊脈玉,1,古龍の浄血,2,1,3760