#名前,"性別(0=両,1=男,2=女)",レア度,スロット1,スロット2,スロット3,入手時期,初期防御力,最終防御力,火耐性,水耐性,雷耐性,氷耐性,龍耐性,スキル系統1,スキル値1,スキル系統2,スキル値2,スキル系統3,スキル値3,スキル系統4,スキル値4,スキル系統5,スキル値5,生産素材1,個数,生産素材2,個数,生産素材3,個数,生産素材4,個数,カスタム強化防御力,カスタム強化素材1,個数1,カスタム強化素材2,個数2,ワンセット防具,仮番号
レザーグラブ,0,1,0,0,0,1,2,38,2,0,0,0,0,,,,,,,,,,,鉄鉱石,1,,,,,,,68,龍脈石のかけら,1,ユニオン鉱石,3,0,10
チェーングラブ,0,1,0,0,0,1,2,38,0,2,0,0,0,,,,,,,,,,,鉄鉱石,1,,,,,,,68,龍脈石のかけら,1,ユニオン鉱石,3,0,20
ハンターアーム,0,1,0,0,0,1,6,42,2,2,0,0,0,潜伏,1,,,,,,,,,ジャグラスの皮,1,ジャグラスの鱗,1,,,,,72,龍脈石のかけら,1,ユニオン鉱石,3,0,30
ボーンアーム,0,1,0,0,0,1,6,42,2,0,2,0,2,ＫＯ術,1,,,,,,,,,竜骨【小】,3,ケストドンの甲殻,2,,,,,72,龍脈石のかけら,1,ユニオン鉱石,3,0,40
ランゴアーム,0,1,0,0,0,3,8,44,-2,1,1,1,2,麻痺属性強化,1,,,,,,,,,ランゴスタの羽,2,モンスターの体液,1,,,,,74,龍脈石のかけら,1,ユニオン鉱石,3,0,50
ケストガード,0,1,0,0,0,1,12,48,4,0,0,0,0,滑走強化,1,,,,,,,,,ケストドンの甲殻,6,ケストドンの頭殻,3,,,,,78,龍脈石のかけら,1,ユニオン鉱石,3,0,70
ジャグラスアーム,0,1,0,0,0,2,8,44,-2,2,-1,-1,1,オトモへの采配,1,,,,,,,,,賊竜の鱗,2,賊竜の皮,1,ジャグラスの皮,3,,,74,龍脈石のかけら,1,ユニオン鉱石,3,0,80
クルルアーム,0,1,0,0,0,2,10,46,0,-3,0,1,0,運搬の達人,1,,,,,,,,,掻鳥の鱗,2,掻鳥の皮,1,鉄鉱石,3,,,76,龍脈石のかけら,1,ユニオン鉱石,3,0,90
アロイアーム,0,2,0,0,0,3,8,40,-2,1,-2,-2,1,防御,1,,,,,,,,,マカライト鉱石,3,鉄鉱石,6,大地の結晶,1,,,66,龍脈石のかけら,1,ユニオン鉱石,3,0,100
プケプケアーム,0,2,0,0,0,2,12,44,0,3,-3,0,1,毒耐性,1,,,,,,,,,毒妖鳥の鱗,2,毒妖鳥の甲殻,1,毒袋,1,,,70,龍脈石のかけら,1,ユニオン鉱石,3,0,110
ボロスアーム,0,2,0,0,0,3,14,38,-3,-1,3,-1,0,ランナー,1,,,,,,,,,土砂竜の背甲,3,土砂竜の尻尾,1,土砂竜の頭殻,1,ケストドンの頭殻,1,72,龍脈石のかけら,1,ユニオン鉱石,3,0,120
ジュラアーム,0,2,0,0,0,3,14,46,-1,2,-3,0,0,水属性攻撃強化,1,,,,,,,,,泥魚竜の甲殻,2,泥魚竜の牙,1,咬魚のヒゲ,2,,,72,龍脈石のかけら,1,ユニオン鉱石,3,0,130
カガチアーム,0,2,0,0,0,4,16,48,0,-3,3,0,0,回避距離ＵＰ,1,,,,,,,,,飛雷竜の毛皮,2,飛雷竜の爪,1,飛雷竜の鱗,2,竜骨【中】,2,74,龍脈石のかけら,1,ユニオン鉱石,3,0,140
ハイメタアーム,0,3,0,0,0,6,18,46,0,-1,-2,3,0,防御,1,,,,,,,,,ドラグライト鉱石,2,マカライト鉱石,2,大地の結晶,2,とがった爪,2,70,龍脈石のかけら,1,ユニオン鉱石,3,0,150
オウビートマーノ,1,3,0,0,0,6,22,50,-1,-1,2,0,2,飛び込み,1,,,,,,,,,オオツノアゲハ,1,大地の結晶,2,深海の結晶,2,水袋,1,74,龍脈石のかけら,1,ユニオン鉱石,3,0,160
パピメルマーノ,2,3,0,0,0,6,22,50,-1,-1,2,0,2,飛び込み,1,,,,,,,,,オオツノアゲハ,1,大地の結晶,2,深海の結晶,2,水袋,1,74,龍脈石のかけら,1,ユニオン鉱石,3,0,170
タロスアーム,0,3,0,0,0,8,18,46,-1,-1,0,0,2,満足感,1,,,,,,,,,カンタロスの羽,1,カンタロスの甲殻,1,鉄鉱石,3,マカライト鉱石,1,70,龍脈石のかけら,1,ユニオン鉱石,3,0,190
ジャナフアーム,0,3,0,0,0,4,20,48,3,-3,-1,-1,0,特殊射撃強化,1,蛮顎竜の力,1,,,,,,,蛮顎竜の毛皮,2,蛮顎竜の鱗,2,蛮顎竜の鼻骨,1,竜骨【大】,2,72,龍脈石のかけら,1,ユニオン鉱石,3,0,200
レイアアーム,0,3,0,0,0,5,22,50,2,0,-2,0,-3,毒属性強化,1,,,,,,,,,雌火竜の甲殻,2,雌火竜の鱗,2,雌火竜の棘,1,竜骨【大】,2,74,龍脈石のかけら,1,ユニオン鉱石,3,0,210
ツィツィアーム,0,3,0,0,0,6,18,46,0,0,-3,-2,0,気絶耐性,1,,,,,,,,,眩鳥の皮,2,眩鳥の発光膜,1,眩鳥の鱗,3,深海の結晶,2,70,龍脈石のかけら,1,ユニオン鉱石,3,0,220
ウルムーアーム,0,3,0,0,0,6,20,48,-3,2,0,1,0,砲術,1,,,,,,,,,浮空竜の毛皮,2,浮空竜の鱗,1,浮空竜の翼膜,1,,,72,龍脈石のかけら,1,ユニオン鉱石,3,0,230
ギルオスアーム,0,3,0,0,0,8,20,48,0,-3,2,0,1,オトモへの采配,1,,,,,,,,,痺賊竜の鱗,2,痺賊竜の皮,1,ギルオスの麻痺牙,2,,,72,龍脈石のかけら,1,ユニオン鉱石,3,0,240
バルキンアーム,0,3,0,0,0,8,24,52,0,2,0,-1,-2,睡眠属性強化,1,,,,,,,,,骨鎚竜の鱗,2,骨鎚竜の甲殻,1,骨鎚竜の黒油殻,1,頑丈な骨,3,76,龍脈石のかけら,1,ユニオン鉱石,3,0,250
インゴットアーム,0,4,0,0,0,8,28,52,-2,0,3,-1,0,体力増強,1,,,,,,,,,ドラグライト鉱石,3,上竜骨,1,深海の結晶,3,ライトクリスタル,1,72,龍脈石のかけら,1,ユニオン鉱石,3,0,260
デスギアファオスト,0,4,0,0,0,8,32,56,3,2,-2,3,-4,集中,1,,,,,,,,,禍々しい布,1,いびつな狂骨,3,頑丈な骨,6,ライトクリスタル,1,76,龍脈石のかけら,1,ユニオン鉱石,3,0,270
ブリゲイドアーム,0,4,0,0,0,8,28,52,1,0,2,0,2,砲撃手,1,,,,,,,,,闘技王のコイン,2,プケプケコイン,2,クルルコイン,2,勇気の証,1,72,龍脈石のかけら,1,ユニオン鉱石,3,0,280
ギエナアーム,0,4,0,0,0,8,30,54,-1,2,-3,3,0,飛燕,1,風漂竜の恩恵,1,,,,,,,風漂竜の皮,2,風漂竜の鱗,2,風漂竜の尾膜,1,氷結袋,1,74,龍脈石のかけら,1,ユニオン鉱石,3,0,290
ガロンアーム,0,4,0,0,0,8,30,54,2,2,-2,-3,0,体術,1,惨爪竜の力,1,,,,,,,惨爪竜の硬筋,2,惨爪竜の鱗,2,惨爪竜の尻尾,1,カンタロスの羽,2,74,龍脈石のかけら,1,ユニオン鉱石,3,0,300
レウスアーム,0,4,0,0,0,8,30,54,3,1,-2,1,-3,火耐性,1,火竜の力,1,,,,,,,火竜の甲殻,2,火竜の翼膜,1,火炎袋,2,上竜骨,2,74,龍脈石のかけら,1,ユニオン鉱石,3,0,310
ディアブロアーム,0,4,0,0,0,8,32,56,3,-2,0,-3,2,火事場力,1,角竜の力,1,,,,,,,角竜の背甲,2,角竜の甲殻,2,角竜の尾甲,1,ライトクリスタル,1,76,龍脈石のかけら,1,ユニオン鉱石,3,0,320
キリンアームロング,0,4,0,0,0,8,34,58,-3,-2,4,-2,2,属性やられ耐性,1,幻獣の恩恵,1,,,,,,,幻獣の皮,3,幻獣のたてがみ,2,ゴム質の甲殻,2,ライトクリスタル,1,78,龍脈石のかけら,1,ユニオン鉱石,3,0,330
ブロッサムカフス,0,3,0,0,0,3,18,46,1,1,4,1,1,麻痺耐性,1,,,,,,,,,開花チケット,1,大地の結晶,1,,,,,70,龍脈石のかけら,1,ユニオン鉱石,3,0,340
ダイバーアーム,0,3,0,0,0,3,22,50,1,4,1,1,1,納刀術,1,,,,,,,,,納涼チケット,1,深海の結晶,1,,,,,74,龍脈石のかけら,1,ユニオン鉱石,3,0,350
ハーベストラーマ,0,3,0,0,0,6,26,54,4,1,1,1,1,逆恨み,1,,,,,,,,,豊穣チケット,1,頑丈な骨,1,,,,,78,龍脈石のかけら,1,ユニオン鉱石,3,0,360
オリオンアーム,0,4,0,0,0,8,30,54,1,1,1,4,1,風圧耐性,1,,,,,,,,,煌めきチケット,1,上竜骨,1,,,,,74,龍脈石のかけら,1,ユニオン鉱石,3,0,370
フルドレスカフス,0,4,0,0,0,8,34,58,1,1,1,1,4,渾身,1,アステラの祝福,1,,,,,,,感謝チケット,1,上竜骨,1,,,,,78,龍脈石のかけら,1,ユニオン鉱石,3,0,380
パピオムマーノ,1,3,0,0,0,4,22,50,-1,-1,2,0,2,見切り,1,,,,,,,,,昆虫図鑑【春】,1,オオツノアゲハ,1,ランゴスタの甲殻,1,モンスターの体液,1,74,龍脈石のかけら,1,ユニオン鉱石,3,0,390
クインビートマーノ,2,3,0,0,0,4,22,50,-1,-1,2,0,2,見切り,1,,,,,,,,,昆虫図鑑【春】,1,オオツノアゲハ,1,ランゴスタの甲殻,1,モンスターの体液,1,74,龍脈石のかけら,1,ユニオン鉱石,3,0,400
レザーグラブα,0,5,0,0,0,11,32,54,2,0,0,0,0,回復速度,1,,,,,,,,,カブレライト鉱石,2,上質な毛皮,1,,,,,70,龍脈石のかけら,1,いにしえの龍骨,1,0,410
レザーグラブβ,0,5,1,0,0,11,32,54,2,0,0,0,0,,,,,,,,,,,カブレライト鉱石,2,上質な毛皮,1,,,,,70,龍脈石のかけら,1,いにしえの龍骨,1,0,420
チェーングラブα,0,5,0,0,0,11,32,54,0,2,0,0,0,回復速度,1,,,,,,,,,カブレライト鉱石,2,ドラグライト鉱石,2,,,,,70,龍脈石のかけら,1,いにしえの龍骨,1,0,430
チェーングラブβ,0,5,1,0,0,11,32,54,0,2,0,0,0,,,,,,,,,,,カブレライト鉱石,2,ドラグライト鉱石,2,,,,,70,龍脈石のかけら,1,いにしえの龍骨,1,0,440
ハンターアームα,0,5,0,0,0,11,36,58,2,2,0,0,0,潜伏,2,,,,,,,,,ジャグラスの上皮,2,ジャグラスの上鱗,4,,,,,74,龍脈石のかけら,1,いにしえの龍骨,1,0,450
ハンターアームβ,0,5,1,0,0,11,36,58,2,2,0,0,0,潜伏,1,,,,,,,,,ジャグラスの上皮,2,ジャグラスの上鱗,4,,,,,74,龍脈石のかけら,1,いにしえの龍骨,1,0,460
ボーンアームα,0,5,0,0,0,11,36,58,2,0,2,0,2,ＫＯ術,1,攻撃,1,,,,,,,上質な堅骨,3,上竜骨,2,サンゴの紅骨,2,,,74,龍脈石のかけら,1,いにしえの龍骨,1,0,470
ボーンアームβ,0,5,1,0,0,11,36,58,2,0,2,0,2,ＫＯ術,1,,,,,,,,,上質な堅骨,3,上竜骨,2,サンゴの紅骨,2,,,74,龍脈石のかけら,1,いにしえの龍骨,1,0,480
アロイアームα,0,5,0,0,0,11,36,58,-2,0,-2,-2,0,防御,1,砥石使用高速化,1,,,,,,,カブレライト鉱石,2,ドラグライト鉱石,4,大地の結晶,4,マカライト鉱石,5,74,龍脈石のかけら,1,いにしえの龍骨,1,0,490
アロイアームβ,0,5,1,0,0,11,36,58,-2,0,-2,-2,0,防御,1,,,,,,,,,カブレライト鉱石,2,ドラグライト鉱石,4,大地の結晶,4,マカライト鉱石,5,74,龍脈石のかけら,1,いにしえの龍骨,1,0,500
オウビートマーノα,1,5,1,0,0,11,42,64,-1,-1,2,0,2,植生学,2,飛び込み,1,,,,,,,オオツノアゲハ,1,龍脈の結晶,2,モンスターの濃汁,2,大水袋,2,80,龍脈石のかけら,1,いにしえの龍骨,1,0,510
オウビートマーノβ,1,5,2,1,0,11,42,64,-1,-1,2,0,2,植生学,2,,,,,,,,,オオツノアゲハ,1,龍脈の結晶,2,モンスターの濃汁,2,大水袋,2,80,龍脈石のかけら,1,いにしえの龍骨,1,0,520
パピメルマーノα,2,5,1,0,0,11,42,64,-1,-1,2,0,2,植生学,2,飛び込み,1,,,,,,,オオツノアゲハ,1,龍脈の結晶,2,モンスターの濃汁,2,大水袋,2,80,龍脈石のかけら,1,いにしえの龍骨,1,0,530
パピメルマーノβ,2,5,2,1,0,11,42,64,-1,-1,2,0,2,植生学,2,,,,,,,,,オオツノアゲハ,1,龍脈の結晶,2,モンスターの濃汁,2,大水袋,2,80,龍脈石のかけら,1,いにしえの龍骨,1,0,540
ランゴアームα,0,5,0,0,0,11,38,60,-2,1,1,1,2,麻痺属性強化,2,,,,,,,,,ランゴスタの堅殻,4,ランゴスタの薄羽,2,モンスターの濃汁,3,強力麻痺袋,2,76,龍脈石のかけら,1,いにしえの龍骨,1,0,550
ランゴアームβ,0,5,1,0,0,11,38,60,-2,1,1,1,2,麻痺属性強化,1,,,,,,,,,ランゴスタの堅殻,4,ランゴスタの薄羽,2,モンスターの濃汁,3,強力麻痺袋,2,76,龍脈石のかけら,1,いにしえの龍骨,1,0,560
タロスアームα,0,5,0,0,0,11,38,60,-1,-1,0,0,2,満足感,1,腹減り耐性,1,,,,,,,カンタロスの堅殻,3,カンタロスの薄羽,2,モンスターの濃汁,2,,,76,龍脈石のかけら,1,いにしえの龍骨,1,0,570
タロスアームβ,0,5,1,0,0,11,38,60,-1,-1,0,0,2,満足感,1,,,,,,,,,カンタロスの堅殻,3,カンタロスの薄羽,2,モンスターの濃汁,2,,,76,龍脈石のかけら,1,いにしえの龍骨,1,0,580
ケストガードα,0,5,0,0,0,11,40,62,4,0,0,0,0,滑走強化,1,集中,1,,,,,,,ケストドンの堅殻,6,ケストドンの頭殻,3,上質な堅骨,3,,,78,龍脈石のかけら,1,いにしえの龍骨,1,0,640
ケストガードβ,0,5,1,0,0,11,40,62,4,0,0,0,0,滑走強化,1,,,,,,,,,ケストドンの堅殻,6,ケストドンの頭殻,3,上質な堅骨,3,,,78,龍脈石のかけら,1,いにしえの龍骨,1,0,650
ジャグラスアームα,0,5,0,0,0,11,40,62,-2,2,-1,-1,1,オトモへの采配,1,威嚇,1,,,,,,,賊竜の上鱗,4,賊竜の上皮,2,上竜骨,3,ジャグラスの上皮,1,78,龍脈石のかけら,1,いにしえの龍骨,1,0,660
ジャグラスアームβ,0,5,1,0,0,11,40,62,-2,2,-1,-1,1,オトモへの采配,1,,,,,,,,,賊竜の上鱗,4,賊竜の上皮,2,上竜骨,3,ジャグラスの上皮,1,78,龍脈石のかけら,1,いにしえの龍骨,1,0,670
クルルアームα,0,5,0,0,0,11,40,62,0,-3,0,1,0,運搬の達人,1,見切り,1,,,,,,,掻鳥の上鱗,4,掻鳥の上皮,2,カブレライト鉱石,3,,,78,龍脈石のかけら,1,いにしえの龍骨,1,0,680
クルルアームβ,0,5,2,0,0,11,40,62,0,-3,0,1,0,運搬の達人,1,,,,,,,,,掻鳥の上鱗,4,掻鳥の上皮,2,カブレライト鉱石,3,,,78,龍脈石のかけら,1,いにしえの龍骨,1,0,690
ツィツィアームα,0,5,0,0,0,11,40,62,0,0,-3,-2,0,気絶耐性,2,広域化,1,,,,,,,眩鳥の上皮,4,眩鳥の閃光膜,2,眩鳥の上鱗,4,龍脈の結晶,2,78,龍脈石のかけら,1,いにしえの龍骨,1,0,700
ツィツィアームβ,0,5,1,0,0,11,40,62,0,0,-3,-2,0,気絶耐性,2,,,,,,,,,眩鳥の上皮,4,眩鳥の閃光膜,2,眩鳥の上鱗,4,龍脈の結晶,2,78,龍脈石のかけら,1,いにしえの龍骨,1,0,710
ギルオスアームα,0,5,0,0,0,11,40,62,0,-3,2,0,1,オトモへの采配,2,,,,,,,,,痺賊竜の上鱗,4,痺賊竜の上皮,2,ギルオスの麻痺牙,2,強力麻痺袋,2,78,龍脈石のかけら,1,いにしえの龍骨,1,0,720
ギルオスアームβ,0,5,1,0,0,11,40,62,0,-3,2,0,1,オトモへの采配,1,,,,,,,,,痺賊竜の上鱗,4,痺賊竜の上皮,2,ギルオスの麻痺牙,2,強力麻痺袋,2,78,龍脈石のかけら,1,いにしえの龍骨,1,0,730
プケプケアームα,0,5,0,0,0,11,42,64,0,3,-3,0,1,毒耐性,2,毒属性強化,1,,,,,,,毒妖鳥の上鱗,4,毒妖鳥の堅殻,3,猛毒袋,1,,,80,龍脈石のかけら,1,いにしえの龍骨,1,0,740
プケプケアームβ,0,5,1,1,0,11,42,64,0,3,-3,0,1,毒耐性,1,,,,,,,,,毒妖鳥の上鱗,4,毒妖鳥の堅殻,3,猛毒袋,1,,,80,龍脈石のかけら,1,いにしえの龍骨,1,0,750
ボロスアームα,0,5,0,0,0,11,42,64,-3,-1,3,-1,0,ランナー,1,スタミナ奪取,1,,,,,,,土砂竜の堅甲,4,土砂竜の頭殻,2,ケストドンの堅殻,3,竜玉,1,80,龍脈石のかけら,1,いにしえの龍骨,1,0,760
ボロスアームβ,0,5,1,0,0,11,42,64,-3,-1,3,-1,0,ランナー,1,,,,,,,,,土砂竜の堅甲,4,土砂竜の頭殻,2,ケストドンの堅殻,3,竜玉,1,80,龍脈石のかけら,1,いにしえの龍骨,1,0,770
ジャナフアームα,0,5,0,0,0,11,44,66,3,-3,-1,-1,0,特殊射撃強化,1,火属性攻撃強化,1,蛮顎竜の闘志,1,,,,,蛮顎竜の上毛皮,4,蛮顎竜の上鱗,4,蛮顎竜の大鼻骨,1,尖竜骨,4,82,龍脈石のかけら,1,いにしえの龍骨,1,0,780
ジャナフアームβ,0,5,1,0,0,11,44,66,3,-3,-1,-1,0,特殊射撃強化,1,蛮顎竜の闘志,1,,,,,,,蛮顎竜の上毛皮,4,蛮顎竜の上鱗,4,蛮顎竜の大鼻骨,1,尖竜骨,4,82,龍脈石のかけら,1,いにしえの龍骨,1,0,790
ジュラアームα,0,5,0,0,0,11,44,66,-1,2,-3,0,0,水属性攻撃強化,2,水場・深雪適応,1,,,,,,,泥魚竜の堅殻,4,泥魚竜の鋭牙,3,咬魚の大ヒゲ,2,尖竜骨,3,82,龍脈石のかけら,1,いにしえの龍骨,1,0,800
ジュラアームβ,0,5,1,0,0,11,44,66,-1,2,-3,0,0,水属性攻撃強化,2,,,,,,,,,泥魚竜の堅殻,4,泥魚竜の鋭牙,3,咬魚の大ヒゲ,2,尖竜骨,3,82,龍脈石のかけら,1,いにしえの龍骨,1,0,810
カガチアームα,0,5,0,0,0,11,44,66,0,-3,3,0,0,回避距離ＵＰ,2,,,,,,,,,飛雷竜の上毛皮,4,飛雷竜の尖爪,4,飛雷竜の上鱗,2,尖竜骨,4,82,龍脈石のかけら,1,いにしえの龍骨,1,0,820
カガチアームβ,0,5,2,0,0,11,44,66,0,-3,3,0,0,回避距離ＵＰ,1,,,,,,,,,飛雷竜の上毛皮,4,飛雷竜の尖爪,4,飛雷竜の上鱗,2,尖竜骨,4,82,龍脈石のかけら,1,いにしえの龍骨,1,0,830
ウルムーアームα,0,5,0,0,0,11,44,66,-3,2,0,1,0,砲術,2,,,,,,,,,浮空竜の上毛皮,4,浮空竜の上鱗,2,浮空竜の翼,2,上質な堅骨,5,82,龍脈石のかけら,1,いにしえの龍骨,1,0,840
ウルムーアームβ,0,5,1,0,0,11,44,66,-3,2,0,1,0,砲術,1,,,,,,,,,浮空竜の上毛皮,4,浮空竜の上鱗,2,浮空竜の翼,2,上質な堅骨,5,82,龍脈石のかけら,1,いにしえの龍骨,1,0,850
レイアアームα,0,5,0,0,0,11,46,68,2,0,-2,0,-3,毒属性強化,2,,,,,,,,,雌火竜の堅殻,4,雌火竜の上鱗,4,雌火竜の上棘,2,尖竜骨,4,84,龍脈石のかけら,1,いにしえの龍骨,1,0,860
レイアアームβ,0,5,1,0,0,11,46,68,2,0,-2,0,-3,毒属性強化,1,,,,,,,,,雌火竜の堅殻,4,雌火竜の上鱗,4,雌火竜の上棘,2,尖竜骨,4,84,龍脈石のかけら,1,いにしえの龍骨,1,0,870
リオハートアームα,0,6,0,0,0,13,52,72,3,0,-3,0,-4,風圧耐性,2,桜火竜の奥義,1,,,,,,,桜火竜の堅殻,6,桜火竜の上鱗,2,雌火竜の上棘,3,雌火竜の紅玉,1,84,龍脈石のかけら,1,鳥竜玉,1,0,880
リオハートアームβ,0,6,2,0,0,13,52,72,3,0,-3,0,-4,風圧耐性,1,桜火竜の奥義,1,,,,,,,桜火竜の堅殻,6,桜火竜の上鱗,2,雌火竜の上棘,3,雌火竜の紅玉,1,84,龍脈石のかけら,1,鳥竜玉,1,0,890
バルキンアームα,0,6,0,0,0,11,46,66,0,2,0,-1,-2,睡眠属性強化,2,ガード性能,1,,,,,,,骨鎚竜の上鱗,4,骨鎚竜の堅殻,3,骨鎚竜の黒油殻,2,頑丈な骨,8,78,龍脈石のかけら,1,鳥竜玉,1,0,900
バルキンアームβ,0,6,1,0,0,11,46,66,0,2,0,-1,-2,睡眠属性強化,1,ガード性能,1,,,,,,,骨鎚竜の上鱗,4,骨鎚竜の堅殻,3,骨鎚竜の黒油殻,2,頑丈な骨,8,78,龍脈石のかけら,1,鳥竜玉,1,0,910
ガマルアームα,0,5,0,0,0,13,48,70,2,0,-3,0,2,ボマー,2,,,,,,,,,岩賊竜の上皮,4,岩賊竜の尖爪,4,岩賊竜の上鱗,4,ユニオン鉱石,6,86,龍脈石のかけら,1,いにしえの龍骨,1,0,960
ガマルアームβ,0,5,1,0,0,13,48,70,2,0,-3,0,2,ボマー,1,,,,,,,,,岩賊竜の上皮,4,岩賊竜の尖爪,4,岩賊竜の上鱗,4,ユニオン鉱石,6,86,龍脈石のかけら,1,いにしえの龍骨,1,0,970
ゾラマグナクロウα,0,6,0,0,0,11,44,64,4,-3,-1,-2,-3,属性解放／装填拡張,1,ボマー,1,熔山龍の奥義,1,,,,,熔山龍の熱鱗,3,熔山龍の胸殻,3,熔山龍のマグマ,2,ドラグライト鉱石,8,76,龍脈石のかけら,1,鳥竜玉,1,0,980
ゾラマグナクロウβ,0,6,1,0,0,11,44,64,4,-3,-1,-2,-3,属性解放／装填拡張,1,熔山龍の奥義,1,,,,,,,熔山龍の熱鱗,3,熔山龍の胸殻,3,熔山龍のマグマ,2,ドラグライト鉱石,8,76,龍脈石のかけら,1,鳥竜玉,1,0,990
ハイメタアームα,0,6,0,0,0,13,50,70,0,-1,-2,3,0,防御,2,氷属性攻撃強化,1,,,,,,,ユニオン鉱石,4,カブレライト鉱石,3,龍脈の結晶,4,バルノスの上皮,4,82,龍脈石のかけら,1,鳥竜玉,1,0,1000
ハイメタアームβ,0,6,1,0,0,13,50,70,0,-1,-2,3,0,防御,2,,,,,,,,,ユニオン鉱石,4,カブレライト鉱石,3,龍脈の結晶,4,バルノスの上皮,4,82,龍脈石のかけら,1,鳥竜玉,1,0,1010
インゴットアームα,0,6,0,0,0,13,50,70,-2,0,3,-1,0,体力増強,2,雷属性攻撃強化,1,,,,,,,ユニオン鉱石,1,堅竜骨,3,ドラグライト鉱石,4,ガストドンの尖角,2,82,龍脈石のかけら,1,鳥竜玉,1,0,1020
インゴットアームβ,0,6,1,0,0,13,50,70,-2,0,3,-1,0,体力増強,2,,,,,,,,,ユニオン鉱石,1,堅竜骨,3,ドラグライト鉱石,4,ガストドンの尖角,2,82,龍脈石のかけら,1,鳥竜玉,1,0,1030
ブリゲイドアームα,0,6,0,0,0,13,52,72,1,0,2,0,2,砲撃手,2,精霊の加護,1,,,,,,,狩猟王のコイン,2,ボロスコイン,4,レウスコイン,3,堅竜骨,2,84,龍脈石のかけら,1,鳥竜玉,1,0,1040
ブリゲイドアームβ,0,6,1,0,0,13,52,72,1,0,2,0,2,砲撃手,2,,,,,,,,,狩猟王のコイン,2,ボロスコイン,4,レウスコイン,3,堅竜骨,2,84,龍脈石のかけら,1,鳥竜玉,1,0,1050
ラヴァアームα,0,6,2,0,0,13,56,76,3,-3,1,-2,2,滑走強化,1,広域化,1,,,,,,,溶岩竜の堅殻,4,溶岩竜の鋭牙,4,溶岩竜の上鱗,6,咬魚の上皮,6,88,龍脈石のかけら,1,鳥竜玉,1,0,1080
ラヴァアームβ,0,6,3,0,0,13,56,76,3,-3,1,-2,2,滑走強化,1,,,,,,,,,溶岩竜の堅殻,4,溶岩竜の鋭牙,4,溶岩竜の上鱗,6,咬魚の上皮,6,88,龍脈石のかけら,1,鳥竜玉,1,0,1090
ギエナアームα,0,6,0,0,0,13,54,74,-1,2,-3,3,0,飛燕,1,回避性能,1,風漂竜の恩寵,1,,,,,風漂竜の上皮,4,風漂竜の上鱗,4,風漂竜の尾膜,3,ノヴァクリスタル,1,86,龍脈石のかけら,1,鳥竜玉,1,0,1100
ギエナアームβ,0,6,3,0,0,13,54,74,-1,2,-3,3,0,飛燕,1,風漂竜の恩寵,1,,,,,,,風漂竜の上皮,4,風漂竜の上鱗,4,風漂竜の尾膜,3,ノヴァクリスタル,1,86,龍脈石のかけら,1,鳥竜玉,1,0,1110
ガロンアームα,0,6,0,0,0,13,54,74,2,2,-2,-3,0,体術,1,見切り,1,惨爪竜の奥義,1,,,,,惨爪竜の大硬筋,4,惨爪竜の上鱗,4,惨爪竜の尻尾,2,カンタロスの薄羽,4,86,龍脈石のかけら,1,鳥竜玉,1,0,1120
ガロンアームβ,0,6,1,0,0,13,54,74,2,2,-2,-3,0,体術,1,惨爪竜の奥義,1,,,,,,,惨爪竜の大硬筋,4,惨爪竜の上鱗,4,惨爪竜の尻尾,2,カンタロスの薄羽,4,86,龍脈石のかけら,1,鳥竜玉,1,0,1130
レウスアームα,0,6,0,0,0,13,54,74,3,1,-2,1,-3,火耐性,2,攻撃,1,火竜の奥義,1,,,,,火竜の堅殻,6,火竜の翼,2,爆炎袋,2,火竜の翼爪,6,86,龍脈石のかけら,1,鳥竜玉,1,0,1140
レウスアームβ,0,6,1,0,0,13,54,74,3,1,-2,1,-3,火耐性,2,火竜の奥義,1,,,,,,,火竜の堅殻,6,火竜の翼,2,爆炎袋,2,火竜の翼爪,6,86,龍脈石のかけら,1,鳥竜玉,1,0,1150
リオソウルアームα,0,7,1,0,0,13,56,68,3,2,2,-3,-4,集中,1,風圧耐性,1,火竜の奥義,1,,,,,蒼火竜の堅殻,6,蒼火竜の翼,2,蒼火竜の尻尾,1,バルノスの尖爪,4,82,龍脈石,1,竜玉,1,0,1160
リオソウルアームβ,0,7,2,0,0,13,56,68,3,2,2,-3,-4,集中,1,火竜の奥義,1,,,,,,,蒼火竜の堅殻,6,蒼火竜の翼,2,蒼火竜の尻尾,1,バルノスの尖爪,4,82,龍脈石,1,竜玉,1,0,1170
ディアブロアームα,0,6,0,0,0,13,54,74,3,-2,0,-3,2,火事場力,2,耐震,1,角竜の奥義,1,,,,,角竜の堅甲,4,角竜の堅殻,6,角竜の尾甲,3,ケストドンの堅殻,5,86,龍脈石のかけら,1,鳥竜玉,1,0,1180
ディアブロアームβ,0,6,2,0,0,13,54,74,3,-2,0,-3,2,火事場力,2,角竜の奥義,1,,,,,,,角竜の堅甲,4,角竜の堅殻,6,角竜の尾甲,3,ケストドンの堅殻,5,86,龍脈石のかけら,1,鳥竜玉,1,0,1190
ディアネロアームα,0,7,0,0,0,13,56,68,2,-3,0,-4,2,集中,1,ランナー,1,角竜の奥義,1,,,,,黒角竜の堅甲,4,黒角竜の堅殻,6,カブレライト鉱石,5,ガストドンの堅殻,5,82,龍脈石,1,竜玉,1,0,1200
ディアネロアームβ,0,7,2,1,0,13,56,68,2,-3,0,-4,2,集中,1,角竜の奥義,1,,,,,,,黒角竜の堅甲,4,黒角竜の堅殻,6,カブレライト鉱石,5,ガストドンの堅殻,5,82,龍脈石,1,竜玉,1,0,1210
ガンキンアームα,0,7,1,0,0,13,60,72,4,-3,1,-2,-2,ガード性能,1,防御,1,爆鎚竜の守護,1,,,,,爆鎚竜の堅殻,4,爆鎚竜の上鱗,4,爆鎚竜の延髄,1,溶岩塊,4,86,龍脈石,1,竜玉,1,0,1220
ガンキンアームβ,0,7,2,0,0,13,60,72,4,-3,1,-2,-2,ガード性能,1,爆鎚竜の守護,1,,,,,,,爆鎚竜の堅殻,4,爆鎚竜の上鱗,4,爆鎚竜の延髄,1,溶岩塊,4,86,龍脈石,1,竜玉,1,0,1230
バゼルアームα,0,7,0,0,0,13,58,70,3,1,-4,-2,-2,抜刀術【技】,2,耳栓,1,爆鱗竜の守護,1,,,,,爆鱗竜の堅殻,4,爆鱗竜の尖爪,2,爆鱗竜の尻尾,2,獄炎石,1,84,龍脈石,1,竜玉,1,0,1240
バゼルアームβ,0,7,3,0,0,13,58,70,3,1,-4,-2,-2,抜刀術【技】,2,爆鱗竜の守護,1,,,,,,,爆鱗竜の堅殻,4,爆鱗竜の尖爪,2,爆鱗竜の尻尾,2,獄炎石,1,84,龍脈石,1,竜玉,1,0,1250
ダマスクアームα,0,7,0,0,0,14,60,72,4,-2,0,0,0,匠,1,砥石使用高速化,1,,,,,,,古龍の血,2,ユニオン鉱石,3,黒角竜の堅甲,5,ノヴァクリスタル,1,86,龍脈石,1,竜玉,1,0,1260
ダマスクアームβ,0,7,1,0,0,14,60,72,4,-2,0,0,0,匠,1,,,,,,,,,古龍の血,2,ユニオン鉱石,3,黒角竜の堅甲,5,ノヴァクリスタル,1,86,龍脈石,1,竜玉,1,0,1270
ドーベルアームα,0,7,0,0,0,14,60,72,-2,0,-1,-1,4,スタミナ急速回復,2,キノコ大好き,1,,,,,,,古龍骨,3,上質な堅骨,3,爆鎚竜の延髄,1,荒々しい蛮骨,3,86,龍脈石,1,竜玉,1,0,1280
ドーベルアームβ,0,7,1,1,0,14,60,72,-2,0,-1,-1,4,スタミナ急速回復,1,キノコ大好き,1,,,,,,,古龍骨,3,上質な堅骨,3,爆鎚竜の延髄,1,荒々しい蛮骨,3,86,龍脈石,1,竜玉,1,0,1290
デスギアファオストα,0,7,1,0,0,14,62,74,3,2,-2,3,-4,集中,2,龍属性攻撃強化,1,,,,,,,禍々しい布,2,荒々しい蛮骨,2,屍套龍の被膜,2,ノヴァクリスタル,1,88,龍脈石,1,竜玉,1,0,1300
デスギアファオストβ,0,7,1,1,0,14,62,74,3,2,-2,3,-4,集中,2,,,,,,,,,禍々しい布,2,荒々しい蛮骨,2,屍套龍の被膜,2,ノヴァクリスタル,1,88,龍脈石,1,竜玉,1,0,1310
オーグアームα,0,8,0,0,0,14,64,70,1,1,-3,1,-3,挑戦者,2,攻撃,1,滅尽龍の飢餓,1,,,,,滅尽龍の堅殻,4,滅尽龍の大角,1,滅尽龍の尻尾,2,獄炎石,1,84,大龍脈石,1,古龍骨,2,0,1330
オーグアームβ,0,8,1,0,0,14,64,70,1,1,-3,1,-3,挑戦者,2,滅尽龍の飢餓,1,,,,,,,滅尽龍の堅殻,4,滅尽龍の大角,1,滅尽龍の尻尾,2,獄炎石,1,84,大龍脈石,1,古龍骨,2,0,1340
カイザーアームα,0,8,1,0,0,14,64,70,3,-3,1,-3,1,弱点特効,2,炎王龍の武技,1,,,,,,,獄炎の龍鱗,4,炎王龍の堅殻,4,炎龍の尖爪,4,古龍骨,4,84,大龍脈石,1,古龍骨,2,0,1350
カイザーアームβ,0,8,3,0,0,14,64,70,3,-3,1,-3,1,弱点特効,1,炎王龍の武技,1,,,,,,,獄炎の龍鱗,4,炎王龍の堅殻,4,炎龍の尖爪,4,古龍骨,4,84,大龍脈石,1,古龍骨,2,0,1360
クシャナハトゥーα,0,8,0,0,0,14,64,70,0,2,-3,4,-2,回避性能,2,匠,1,鋼龍の飛翔,1,,,,,鋼龍の堅殻,5,鋼龍の尖角,2,鋼龍の尻尾,2,風漂竜の逆鱗,1,84,大龍脈石,1,古龍骨,2,0,1370
クシャナハトゥーβ,0,8,3,0,0,14,64,70,0,2,-3,4,-2,回避性能,2,鋼龍の飛翔,1,,,,,,,鋼龍の堅殻,5,鋼龍の尖角,2,鋼龍の尻尾,2,風漂竜の逆鱗,1,84,大龍脈石,1,古龍骨,2,0,1380
ウルズアームα,0,8,1,0,0,14,64,70,-4,4,1,-1,-3,フルチャージ,1,回復速度,1,屍套龍の命脈,1,,,,,屍套龍の鋭牙,3,死屍の龍鱗,6,屍套龍の被膜,2,屍套龍の宝玉,1,84,大龍脈石,1,古龍骨,2,0,1390
ウルズアームβ,0,8,1,1,1,14,64,70,-4,4,1,-1,-3,フルチャージ,1,屍套龍の命脈,1,,,,,,,屍套龍の鋭牙,3,死屍の龍鱗,6,屍套龍の被膜,2,屍套龍の宝玉,1,84,大龍脈石,1,古龍骨,2,0,1400
キリンアームロングα,0,8,0,0,0,14,64,70,-3,-2,4,-2,2,雷属性攻撃強化,2,ランナー,1,幻獣の恩寵,1,,,,,幻獣の上皮,3,幻獣のたてがみ,4,ゴム質の堅殻,3,龍脈の結晶,6,84,大龍脈石,1,古龍骨,2,0,1410
キリンアームロングβ,0,8,1,1,0,14,64,70,-3,-2,4,-2,2,雷属性攻撃強化,2,幻獣の恩寵,1,,,,,,,幻獣の上皮,3,幻獣のたてがみ,4,ゴム質の堅殻,2,龍脈の結晶,6,84,大龍脈石,1,古龍骨,2,0,1420
ゼノラージクロウα,0,8,1,0,0,16,72,78,-3,2,2,2,-4,ひるみ軽減,1,超会心,1,冥灯龍の神秘,1,,,,,冥灯龍の白殻,4,冥灯龍の幽爪,3,冥灯龍の幽幕,2,竜玉,1,92,大龍脈石,1,古龍骨,2,0,1430
ゼノラージクロウβ,0,8,3,0,0,16,72,78,-3,2,2,2,-4,ひるみ軽減,1,冥灯龍の神秘,1,,,,,,,冥灯龍の白殻,4,冥灯龍の幽爪,3,冥灯龍の幽幕,2,竜玉,1,92,大龍脈石,1,古龍骨,2,0,1440
ギルドクロスアームα,0,8,1,0,0,15,62,68,0,0,0,0,0,整備,1,水耐性,2,ギルドの導き,1,,,,,撃龍王のコイン,3,獣竜コイン,3,狩猟王のコイン,2,勇気の証Ｇ,1,82,大龍脈石,1,古龍骨,2,0,1450
ギルドクロスアームβ,0,8,3,0,0,15,62,68,0,0,0,0,0,整備,1,ギルドの導き,1,,,,,,,撃龍王のコイン,3,獣竜コイン,3,狩猟王のコイン,2,勇気の証Ｇ,1,82,大龍脈石,1,古龍骨,2,0,1460
シーカーグラブα,0,8,1,0,0,50,70,76,2,2,2,2,2,閃光強化,1,剥ぎ取り鉄人,1,調査団の導き,1,,,,,調査団チケット,1,風漂竜の上鱗,8,禍々しい布,2,勇気の証Ｇ,1,90,大龍脈石,1,古龍骨,2,0,1480
シーカーグラブβ,0,8,2,0,0,50,70,76,2,2,2,2,2,閃光強化,1,調査団の導き,1,,,,,,,調査団チケット,1,風漂竜の上鱗,8,禍々しい布,2,勇気の証Ｇ,1,90,大龍脈石,1,古龍骨,2,0,1490
バンギスアームα,0,7,0,0,0,13,58,70,1,1,-3,2,-3,力の解放,2,破壊王,1,,,,,,,恐暴竜の黒皮,4,恐暴竜の大牙,2,恐暴竜の尻尾,2,いにしえの龍骨,1,84,龍脈石,1,竜玉,1,0,1500
バンギスアームβ,0,7,2,0,0,13,58,70,1,1,-3,2,-3,力の解放,2,,,,,,,,,恐暴竜の黒皮,4,恐暴竜の大牙,2,恐暴竜の尻尾,2,いにしえの龍骨,1,84,龍脈石,1,竜玉,1,0,1510
マムガイラアームα,0,8,1,0,0,16,72,78,4,-2,3,-4,-2,属性解放／装填拡張,1,強化持続,2,,,,,,,爛輝龍の金鱗,12,爛輝龍の金塊,18,爛輝龍の金巻角,6,爛輝龍の金煌玉,1,92,大龍脈石,1,古龍骨,2,0,1520
マムガイラアームβ,0,8,3,1,0,16,72,78,4,-2,3,-4,-2,属性解放／装填拡張,1,強化持続,1,,,,,,,爛輝龍の金鱗,12,爛輝龍の金塊,18,爛輝龍の金巻角,6,爛輝龍の金煌玉,1,92,大龍脈石,1,古龍骨,2,0,1530
エンプレスアームα,0,8,3,0,0,16,70,76,3,1,1,-3,-2,広域化,2,爆破属性強化,2,炎妃龍の恩寵,1,,,,,炎妃龍の堅殻,4,炎妃龍の尖角,1,炎妃龍の尻尾,2,獄炎石,1,90,大龍脈石,1,古龍骨,2,0,1540
エンプレスアームβ,0,8,3,2,0,16,70,76,3,1,1,-3,-2,広域化,2,炎妃龍の恩寵,1,,,,,,,炎妃龍の堅殻,4,炎妃龍の尖角,1,炎妃龍の尻尾,2,獄炎石,1,90,大龍脈石,1,古龍骨,2,0,1550
ブロッサムカフスα,0,5,1,1,0,11,40,62,1,1,4,1,1,麻痺耐性,1,,,,,,,,,開花チケット,3,カブレライト鉱石,1,,,,,78,龍脈石のかけら,1,いにしえの龍骨,1,0,1560
ダイバーアームα,0,5,2,0,0,11,46,68,1,4,1,1,1,納刀術,1,,,,,,,,,納涼チケット,1,カブレライト鉱石,2,上質な堅骨,1,,,84,龍脈石のかけら,1,いにしえの龍骨,1,0,1570
ハーベストラーマα,0,6,2,1,0,13,52,72,4,1,1,1,1,逆恨み,1,,,,,,,,,豊穣チケット,1,堅竜骨,1,尖竜骨,1,,,84,龍脈石のかけら,1,鳥竜玉,1,0,1580
オリオンアームα,0,6,3,1,0,13,58,78,1,1,1,4,1,風圧耐性,1,,,,,,,,,煌めきチケット,1,ユニオン鉱石,1,堅竜骨,1,,,90,龍脈石のかけら,1,鳥竜玉,1,0,1590
フルドレスカフスα,0,7,2,1,1,14,64,76,1,1,1,1,4,渾身,1,アステラの祝福,1,,,,,,,感謝チケット,3,古龍骨,1,勇気の証G,2,,,90,龍脈石,1,竜玉,1,0,1600
パピオムマーノα,1,5,0,0,0,11,42,64,-1,-1,2,0,2,見切り,2,体力増強,1,,,,,,,昆虫図鑑【夏】,1,カンタロスの堅殻,1,カブレライト鉱石,2,上質な堅骨,1,80,龍脈石のかけら,1,いにしえの龍骨,1,0,1610
パピオムマーノβ,1,5,1,0,0,11,42,64,-1,-1,2,0,2,見切り,2,,,,,,,,,昆虫図鑑【夏】,1,カンタロスの堅殻,1,カブレライト鉱石,2,上質な堅骨,1,80,龍脈石のかけら,1,いにしえの龍骨,1,0,1620
クインビートマーノα,2,5,0,0,0,11,42,64,-1,-1,2,0,2,見切り,2,体力増強,1,,,,,,,昆虫図鑑【夏】,1,カンタロスの堅殻,1,カブレライト鉱石,2,上質な堅骨,1,80,龍脈石のかけら,1,いにしえの龍骨,1,0,1630
クインビートマーノβ,2,5,1,0,0,11,42,64,-1,-1,2,0,2,見切り,2,,,,,,,,,昆虫図鑑【夏】,1,カンタロスの堅殻,1,カブレライト鉱石,2,上質な堅骨,1,80,龍脈石のかけら,1,いにしえの龍骨,1,0,1640
ウルズアームγ,0,8,3,2,0,50,72,78,-4,4,1,-1,-3,龍属性攻撃強化,3,屍套龍の命脈,1,,,,,,,屍套龍チケット,1,屍套龍の鋭牙,3,死屍の龍鱗,6,屍套龍の宝玉,1,92,大龍脈石,1,古龍骨,2,0,1650
キリンアームロングγ,0,8,2,2,0,50,72,78,-3,-2,4,-2,2,属性やられ耐性,1,属性解放／装填拡張,1,幻獣の恩寵,1,,,,,幻獣チケット,1,幻獣の上皮,3,幻獣の雷尾,3,ノヴァクリスタル,1,92,大龍脈石,1,古龍骨,2,0,1660
カイザーアームγ,0,8,3,0,0,50,72,78,3,-3,1,-3,1,見切り,3,炎王龍の武技,1,,,,,,,炎王龍チケット,1,獄炎の龍鱗,4,炎王龍の堅殻,4,炎王龍のたてがみ,3,92,大龍脈石,1,古龍骨,2,0,1670
クシャナハトゥーγ,0,8,1,1,1,50,72,78,0,2,-3,4,-2,集中,2,鋼龍の飛翔,1,,,,,,,鋼龍チケット,1,鋼の上龍鱗,4,鋼龍の堅殻,4,鋼龍の尖爪,2,92,大龍脈石,1,古龍骨,2,0,1680
オーグアームγ,0,8,2,1,1,50,72,78,1,1,-3,1,-3,破壊王,1,攻撃,1,滅尽龍の飢餓,1,,,,,滅尽龍チケット,1,滅尽龍の堅殻,4,不滅の龍鱗,4,滅尽龍の再生殻,2,92,大龍脈石,1,古龍骨,2,0,1690
ゾラマグナクロウγ,0,8,3,1,0,50,72,78,4,-3,-1,-2,-3,耳栓,2,熔山龍の奥義,1,,,,,,,熔山龍チケット,1,熔山龍の背甲,1,熔山龍の岩殻,2,熔山龍の宝玉,1,92,大龍脈石,1,古龍骨,2,0,1700
ゼノラージクロウγ,0,8,2,2,1,50,72,78,-3,2,2,2,-4,強化持続,1,特殊射撃強化,1,冥灯龍の神秘,1,,,,,冥灯龍チケット,1,冥灯龍の幽鱗,4,冥灯龍の白殻,4,冥灯龍の幽幕,3,92,大龍脈石,1,古龍骨,2,0,1710
エンプレスアームγ,0,8,3,1,0,50,70,76,3,1,1,-3,-2,挑戦者,2,回避距離ＵＰ,1,炎妃龍の恩寵,1,,,,,炎妃龍チケット,1,炎妃龍の上鱗,4,炎妃龍の堅殻,4,炎妃龍の尻尾,2,90,大龍脈石,1,古龍骨,2,0,1720
マムガイラアームγ,0,8,1,0,0,16,72,78,4,-2,3,-4,-2,匠,2,体術,1,,,,,,,爛輝龍の皇金塊,7,爛輝龍の金鱗,15,爛輝龍の金巻角,8,爛輝龍の金煌玉,1,92,大龍脈石,1,古龍骨,2,0,1730
蒼星ノ将【篭手】α,0,7,3,0,0,13,56,68,2,2,0,0,3,体力回復量ＵＰ,2,火竜の奥義,1,,,,,,,蒼星の宝玉,1,岩賊竜の上鱗,5,岩賊竜の上皮,6,岩賊竜の尖爪,4,82,龍脈石,1,竜玉,1,0,1740
ダンテグローブα,0,8,3,0,0,14,64,70,3,-3,3,-3,3,回避性能,1,特殊射撃強化,1,,,,,,,レッドオーブ,1,蛮顎竜の上毛皮,6,蛮顎竜の鋭牙,4,蛮顎竜の逆鱗,1,84,大龍脈石,1,古龍骨,2,0,1750
ドラケンアームα,0,8,2,2,0,16,72,78,-2,-2,3,-2,4,見切り,2,攻撃,1,竜騎士の証,1,,,,,魔獣のたてがみ,3,魔獣の堅骨,3,魔獣の大角,1,魔獣の尻尾,1,92,大龍脈石,1,古龍骨,2,0,1760
オリジンアーム,0,1,0,0,0,1,6,42,0,0,0,0,0,,,,,,,,,,,※特典,0,,,,,,,72,龍脈石のかけら,1,ユニオン鉱石,3,0,1830
ガーディアンアームα,0,6,0,0,0,1,50,70,2,0,0,2,3,ランナー,1,精霊の加護,1,,,,,,,※配布,0,,,,,,,82,龍脈石のかけら,1,鳥竜玉,1,0,1840
アーロイアームα,0,5,1,0,0,11,46,68,1,1,1,1,1,弱点特効,1,追跡の達人,1,蛮顎竜の闘志,1,,,,,※ワンセット,0,,,,,,,84,龍脈石のかけら,1,いにしえの龍骨,1,1,1850
アーロイアームγ,0,8,1,1,0,50,64,70,1,1,1,1,1,弱点特効,2,スリンガー装填数ＵＰ,1,蛮顎竜の闘志,1,,,,,※ワンセット,0,,,,,,,84,大龍脈石,1,古龍骨,2,1,1860
リュウアーム,0,2,0,0,0,3,12,44,2,0,5,-3,2,力の解放,1,,,,,,,,,※ワンセット,0,,,,,,,70,龍脈石のかけら,1,ユニオン鉱石,3,1,1870
リュウアームα,0,7,2,0,0,14,60,72,2,0,5,-3,2,挑戦者,1,火竜の奥義,1,,,,,,,※ワンセット,0,,,,,,,86,龍脈石,1,竜玉,1,1,1880
さくらアームα,0,6,2,0,0,13,50,70,0,4,0,4,-2,力の解放,1,桜火竜の奥義,1,,,,,,,※ワンセット,0,,,,,,,82,龍脈石のかけら,1,鳥竜玉,1,1,1890
ゲラルトアームα,0,8,3,0,0,16,70,76,2,1,-2,-1,3,回復速度,2,ランナー,1,ウィッチャーの心得,1,,,,,※ワンセット,0,,,,,,,90,大龍脈石,1,古龍骨,2,1,1900
シリアームα,0,8,2,0,0,50,70,76,-2,-1,2,1,3,属性解放／装填拡張,1,業物／弾丸節約,1,,,,,,,※ワンセット,0,,,,,,,90,大龍脈石,1,古龍骨,2,1,1910
防衛隊【手甲】α,0,6,0,0,0,1,50,70,2,0,0,2,3,ランナー,1,精霊の加護,1,,,,,,,※武具屋購入,0,,,,,,,82,龍脈石のかけら,1,鳥竜玉,1,0,1920
EXボーンアームα,0,9,2,0,0,M1,114,152,2,0,2,0,2,ＫＯ術,2,攻撃,1,,,,,,,頑強な重骨,2,強竜骨,1,サンゴの紅骨,1,,,172,霊脈玉のかけら,1,いにしえの巨龍骨,1,0,1930
EXボーンアームβ,0,9,4,1,0,M1,114,152,2,0,2,0,2,ＫＯ術,1,,,,,,,,,頑強な重骨,2,強竜骨,1,サンゴの紅骨,1,,,172,霊脈玉のかけら,1,いにしえの巨龍骨,1,0,1940
EXアロイアームα,0,9,3,0,0,M1,114,152,-2,0,-2,-2,0,防御,2,砥石使用高速化,1,,,,,,,エルトライト鉱石,1,カブレライト鉱石,2,龍脈の結晶,2,,,172,霊脈玉のかけら,1,いにしえの巨龍骨,1,0,1950
EXアロイアームβ,0,9,4,1,0,M1,114,152,-2,0,-2,-2,0,防御,1,,,,,,,,,エルトライト鉱石,1,カブレライト鉱石,2,龍脈の結晶,2,,,172,霊脈玉のかけら,1,いにしえの巨龍骨,1,0,1960
EXランゴアームα,0,9,3,0,0,M1,116,154,-2,1,1,1,2,麻痺属性強化,2,納刀術,1,,,,,,,ランゴスタの斬羽,1,モンスターの特濃,2,頑強な重骨,2,,,174,霊脈玉のかけら,1,いにしえの巨龍骨,1,0,1970
EXランゴアームβ,0,9,4,1,0,M1,116,154,-2,1,1,1,2,麻痺属性強化,1,,,,,,,,,ランゴスタの斬羽,1,モンスターの特濃,2,頑強な重骨,2,,,174,霊脈玉のかけら,1,いにしえの巨龍骨,1,0,1980
EXタロスアームα,0,9,3,0,0,M1,116,154,-1,-1,0,0,2,満足感,1,匠,1,,,,,,,カンタロスの斬羽,1,モンスターの特濃,1,エルトライト鉱石,1,,,174,霊脈玉のかけら,1,いにしえの巨龍骨,1,0,1990
EXタロスアームβ,0,9,4,2,0,M1,116,154,-1,-1,0,0,2,満足感,1,,,,,,,,,カンタロスの斬羽,1,モンスターの特濃,1,エルトライト鉱石,1,,,174,霊脈玉のかけら,1,いにしえの巨龍骨,1,0,2000
EXケストガードα,0,9,1,1,0,M1,116,154,4,0,0,0,0,滑走強化,1,集中,2,,,,,,,ケストドンの重殻,3,頑強な重骨,2,,,,,174,霊脈玉のかけら,1,いにしえの巨龍骨,1,0,2110
EXケストガードβ,0,9,4,1,0,M1,116,154,4,0,0,0,0,滑走強化,1,集中,1,,,,,,,ケストドンの重殻,3,頑強な重骨,2,,,,,174,霊脈玉のかけら,1,いにしえの巨龍骨,1,0,2120
EXジャグラスアームα,0,9,2,0,0,M1,116,154,-2,2,-1,-1,1,回避距離ＵＰ,2,体力回復量ＵＰ,1,,,,,,,賊竜の厚皮,1,賊竜の大たてがみ,2,賊竜の剛爪,1,強靭な爪,2,174,霊脈玉のかけら,1,いにしえの巨龍骨,1,0,2150
EXジャグラスアームβ,0,9,4,0,0,M1,116,154,-2,2,-1,-1,1,回避距離ＵＰ,1,体力回復量ＵＰ,1,,,,,,,賊竜の厚皮,1,賊竜の大たてがみ,2,賊竜の剛爪,1,強靭な爪,2,174,霊脈玉のかけら,1,いにしえの巨龍骨,1,0,2160
EXツィツィアームα,0,9,2,0,0,M1,116,154,0,0,-3,-2,0,気絶耐性,2,広域化,2,,,,,,,眩鳥の厚皮,2,眩鳥の厚鱗,1,眩鳥の輝光膜,1,デプスライト鉱石,2,174,霊脈玉のかけら,1,いにしえの巨龍骨,1,0,2170
EXツィツィアームβ,0,9,4,0,0,M1,116,154,0,0,-3,-2,0,気絶耐性,2,広域化,1,,,,,,,眩鳥の厚皮,2,眩鳥の厚鱗,1,眩鳥の輝光膜,1,デプスライト鉱石,2,174,霊脈玉のかけら,1,いにしえの巨龍骨,1,0,2180
EXギルオスアームα,0,9,1,0,0,M1,116,154,0,-3,2,0,1,属性解放／装填拡張,1,瘴気耐性,2,,,,,,,痺賊竜の厚皮,2,痺賊竜の厚鱗,2,痺賊竜の重頭巾,1,いびつな狂骨,2,174,霊脈玉のかけら,1,いにしえの巨龍骨,1,0,2190
EXギルオスアームβ,0,9,4,0,0,M1,116,154,0,-3,2,0,1,属性解放／装填拡張,1,瘴気耐性,1,,,,,,,痺賊竜の厚皮,2,痺賊竜の厚鱗,2,痺賊竜の重頭巾,1,いびつな狂骨,2,174,霊脈玉のかけら,1,いにしえの巨龍骨,1,0,2200
EXガマルアームα,0,9,2,0,0,M1,120,158,2,0,-3,0,2,ボマー,2,爆破属性強化,1,,,,,,,岩賊竜の厚皮,2,岩賊竜の厚鱗,2,岩賊竜の剛爪,1,ガストドンの重殻,1,178,霊脈玉のかけら,1,いにしえの巨龍骨,1,0,2210
EXガマルアームβ,0,9,4,0,0,M1,120,158,2,0,-3,0,2,ボマー,1,爆破属性強化,1,,,,,,,岩賊竜の厚皮,2,岩賊竜の厚鱗,2,岩賊竜の剛爪,1,ガストドンの重殻,1,178,霊脈玉のかけら,1,いにしえの巨龍骨,1,0,2220
EXクルルアームα,0,9,1,1,0,M1,116,154,0,-3,0,1,0,超会心,1,運搬の達人,1,,,,,,,掻鳥の厚皮,2,掻鳥の厚鱗,1,エルトライト鉱石,3,,,174,霊脈玉のかけら,1,いにしえの巨龍骨,1,0,2230
EXクルルアームβ,0,9,4,0,0,M1,116,154,0,-3,0,1,0,超会心,1,,,,,,,,,掻鳥の厚皮,2,掻鳥の厚鱗,1,エルトライト鉱石,3,,,174,霊脈玉のかけら,1,いにしえの巨龍骨,1,0,2240
EXプケプケアームα,0,9,1,0,0,M1,118,156,0,3,-3,0,1,フルチャージ,2,環境利用の知識,1,,,,,,,毒妖鳥の重殻,2,毒妖鳥の厚鱗,2,強竜骨,2,メランジェ鉱石,2,176,霊脈玉のかけら,1,いにしえの巨龍骨,1,0,2250
EXプケプケアームβ,0,9,4,0,0,M1,118,156,0,3,-3,0,1,フルチャージ,1,環境利用の知識,1,,,,,,,毒妖鳥の重殻,2,毒妖鳥の厚鱗,2,強竜骨,2,メランジェ鉱石,2,176,霊脈玉のかけら,1,いにしえの巨龍骨,1,0,2260
EXプケラグーナアームα,0,9,1,0,0,M4,132,170,0,3,-2,-3,0,破壊王,1,強化持続,1,,,,,,,水妖鳥の重殻,3,水妖鳥の厚鱗,2,デプスライト鉱石,2,,,190,霊脈玉のかけら,1,いにしえの巨龍骨,1,0,2270
EXプケラグーナアームβ,0,9,4,1,0,M4,132,170,0,3,-2,-3,0,破壊王,1,,,,,,,,,水妖鳥の重殻,3,水妖鳥の厚鱗,2,デプスライト鉱石,2,,,190,霊脈玉のかけら,1,いにしえの巨龍骨,1,0,2280
EXボロスアームα,0,9,3,1,0,M1,118,156,-3,-1,3,-1,0,ランナー,1,ガード性能,1,,,,,,,土砂竜の重甲,2,土砂竜の靭尾,1,ケストドンの重殻,2,,,176,霊脈玉のかけら,1,いにしえの巨龍骨,1,0,2290
EXボロスアームβ,0,9,4,2,0,M1,118,156,-3,-1,3,-1,0,ランナー,1,,,,,,,,,土砂竜の重甲,2,土砂竜の靭尾,1,ケストドンの重殻,2,,,176,霊脈玉のかけら,1,いにしえの巨龍骨,1,0,2300
EXジュラアームα,0,9,2,1,0,M1,118,156,-1,2,-3,0,0,水属性攻撃強化,2,氷耐性,1,,,,,,,泥魚竜の重殻,1,泥魚竜の厚鱗,1,強竜骨,2,,,176,霊脈玉のかけら,1,いにしえの巨龍骨,1,0,2310
EXジュラアームβ,0,9,4,2,0,M1,118,156,-1,2,-3,0,0,水属性攻撃強化,2,,,,,,,,,泥魚竜の重殻,1,泥魚竜の厚鱗,1,強竜骨,2,,,176,霊脈玉のかけら,1,いにしえの巨龍骨,1,0,2320
EXブランアームα,0,9,3,0,0,M1,118,156,-3,0,-2,3,2,氷属性攻撃強化,2,体力増強,1,,,,,,,凍魚竜の重殻,2,凍魚竜の剛角,2,瞬間凍結袋,1,,,176,霊脈玉のかけら,1,いにしえの巨龍骨,1,0,2330
EXブランアームβ,0,9,4,0,0,M1,118,156,-3,0,-2,3,2,氷属性攻撃強化,2,,,,,,,,,凍魚竜の重殻,2,凍魚竜の剛角,2,瞬間凍結袋,1,,,176,霊脈玉のかけら,1,いにしえの巨龍骨,1,0,2340
EXカガチアームα,0,9,2,0,0,M1,120,158,0,-3,3,0,0,回避距離ＵＰ,2,雷属性攻撃強化,2,,,,,,,飛雷竜の厚毛皮,2,飛雷竜の厚鱗,1,飛雷竜の剛爪,2,雷電袋,2,178,霊脈玉のかけら,1,いにしえの巨龍骨,1,0,2350
EXカガチアームβ,0,9,4,2,0,M1,120,158,0,-3,3,0,0,回避距離ＵＰ,1,雷属性攻撃強化,2,,,,,,,飛雷竜の厚毛皮,2,飛雷竜の厚鱗,1,飛雷竜の剛爪,2,雷電袋,2,178,霊脈玉のかけら,1,いにしえの巨龍骨,1,0,2360
EXベニカガチアームα,0,9,2,0,0,M3,132,148,1,3,-3,-2,1,毒属性強化,2,回避性能,1,,,,,,,飛毒竜の厚毛皮,2,飛毒竜の厚鱗,1,飛毒竜の剛爪,2,激烈毒袋,1,190,霊脈玉のかけら,1,いにしえの巨龍骨,1,0,2370
EXベニカガチアームβ,0,9,4,0,0,M3,132,148,1,3,-3,-2,1,毒属性強化,1,回避性能,1,,,,,,,飛毒竜の厚毛皮,2,飛毒竜の厚鱗,1,飛毒竜の剛爪,2,激烈毒袋,1,190,霊脈玉のかけら,1,いにしえの巨龍骨,1,0,2380
EXハイメタアームα,0,9,2,1,0,M1,128,166,0,-1,-2,3,0,防御,2,氷属性攻撃強化,2,,,,,,,デプスライト鉱石,1,メランジェ鉱石,1,エルトライト鉱石,2,,,186,霊脈玉のかけら,1,いにしえの巨龍骨,1,0,2390
EXハイメタアームβ,0,9,4,1,0,M1,128,166,0,-1,-2,3,0,防御,2,氷属性攻撃強化,1,,,,,,,デプスライト鉱石,1,メランジェ鉱石,1,エルトライト鉱石,2,,,186,霊脈玉のかけら,1,いにしえの巨龍骨,1,0,2400
EXバフバロアームα,0,9,2,0,0,M3,130,168,-2,2,-1,3,-3,攻めの守勢,1,体力増強,2,,,,,,,猛牛竜の重甲,2,猛牛竜の重殻,2,猛牛竜の靭尾,1,,,178,霊脈玉のかけら,1,いにしえの巨龍骨,1,0,2410
EXバフバロアームβ,0,9,4,0,0,M3,130,168,-2,2,-1,3,-3,攻めの守勢,1,体力増強,1,,,,,,,猛牛竜の重甲,2,猛牛竜の重殻,2,猛牛竜の靭尾,1,,,178,霊脈玉のかけら,1,いにしえの巨龍骨,1,0,2420
EXジャナフアームα,0,9,2,0,0,M4,132,170,3,-3,-1,-1,0,特殊射撃強化,1,火属性攻撃強化,2,蛮顎竜の覇気,1,,,,,蛮顎竜の厚毛皮,2,蛮顎竜の厚鱗,2,業炎袋,2,エルトライト鉱石,5,190,霊脈玉のかけら,1,いにしえの巨龍骨,1,0,2430
EXジャナフアームβ,0,9,4,0,0,M4,132,170,3,-3,-1,-1,0,特殊射撃強化,1,火属性攻撃強化,1,蛮顎竜の覇気,1,,,,,蛮顎竜の厚毛皮,2,蛮顎竜の厚鱗,2,業炎袋,2,エルトライト鉱石,5,190,霊脈玉のかけら,1,いにしえの巨龍骨,1,0,2440
EXジャナールアームα,0,11,2,0,0,M13,146,170,-1,-1,2,-3,0,アイテム使用強化,2,雷属性攻撃強化,2,蛮顎竜の覇気,1,,,,,雷顎竜の厚毛皮,3,雷顎竜の厚鱗,2,雷顎竜の重牙,1,剛竜骨,2,190,霊脈玉,1,大竜玉,1,0,2450
EXジャナールアームβ,0,11,4,2,0,M13,146,170,-1,-1,2,-3,0,アイテム使用強化,2,蛮顎竜の覇気,1,,,,,,,雷顎竜の厚毛皮,3,雷顎竜の厚鱗,2,雷顎竜の重牙,1,剛竜骨,2,190,霊脈玉,1,大竜玉,1,0,2460
EXレイアアームα,0,9,3,0,0,M4,130,168,2,0,-2,0,-3,毒属性強化,2,植生学,1,雌火竜の真髄,1,,,,,雌火竜の重殻,2,雌火竜の厚鱗,2,雌火竜の秘棘,1,,,188,霊脈玉のかけら,1,いにしえの巨龍骨,1,0,2470
EXレイアアームβ,0,9,4,0,0,M4,130,168,2,0,-2,0,-3,毒属性強化,2,雌火竜の真髄,1,,,,,,,雌火竜の重殻,2,雌火竜の厚鱗,2,雌火竜の秘棘,1,,,188,霊脈玉のかけら,1,いにしえの巨龍骨,1,0,2480
EXリオハートアームα,0,9,2,0,0,M6,132,170,3,0,-3,0,-4,風圧耐性,2,匠,1,雌火竜の真髄,1,,,,,桜火竜の重殻,3,桜火竜の厚鱗,2,雌火竜の秘棘,1,ピュアクリスタル,1,190,霊脈玉のかけら,1,いにしえの巨龍骨,1,0,2490
EXリオハートアームβ,0,9,4,2,0,M6,132,170,3,0,-3,0,-4,風圧耐性,2,雌火竜の真髄,1,,,,,,,桜火竜の重殻,3,桜火竜の厚鱗,2,雌火竜の秘棘,1,ピュアクリスタル,1,190,霊脈玉のかけら,1,いにしえの巨龍骨,1,0,2500
EXウルムーアームα,0,9,2,2,0,M4,130,168,-3,2,0,1,0,砲術,2,風圧耐性,1,,,,,,,浮空竜の厚毛皮,2,浮空竜の剛翼,1,デプスライト鉱石,3,,,188,霊脈玉のかけら,1,いにしえの巨龍骨,1,0,2510
EXウルムーアームβ,0,9,4,1,0,M4,130,168,-3,2,0,1,0,砲術,1,風圧耐性,1,,,,,,,浮空竜の厚毛皮,2,浮空竜の剛翼,1,デプスライト鉱石,3,,,188,霊脈玉のかけら,1,いにしえの巨龍骨,1,0,2520
EXウルムメアアームα,0,9,2,0,0,M4,132,170,-3,-3,2,1,1,渾身,1,睡眠属性強化,1,,,,,,,浮眠竜の厚毛皮,2,浮眠竜の剛翼,1,強竜骨,3,,,190,霊脈玉のかけら,1,いにしえの巨龍骨,1,0,2530
EXウルムメアアームβ,0,9,4,0,0,M4,132,170,-3,-3,2,1,1,渾身,1,,,,,,,,,浮眠竜の厚毛皮,2,浮眠竜の剛翼,1,強竜骨,3,,,190,霊脈玉のかけら,1,いにしえの巨龍骨,1,0,2540
EXバルキンアームα,0,9,2,0,0,M4,134,172,0,2,0,-1,-2,睡眠属性強化,2,ガード性能,1,,,,,,,骨鎚竜の重殻,2,骨鎚竜の厚鱗,2,骨鎚竜の重油殻,1,卒倒昏睡袋,1,192,霊脈玉のかけら,1,いにしえの巨龍骨,1,0,2550
EXバルキンアームβ,0,9,4,0,0,M4,134,172,0,2,0,-1,-2,睡眠属性強化,1,ガード性能,1,,,,,,,骨鎚竜の重殻,2,骨鎚竜の厚鱗,2,骨鎚竜の重油殻,1,卒倒昏睡袋,1,192,霊脈玉のかけら,1,いにしえの巨龍骨,1,0,2560
EXアーティアアームα,0,10,1,1,0,,142,174,1,-2,-2,2,3,属性解放／装填拡張,2,整備,1,太古の神秘,1,,,,,太古の破片,2,重竜骨,2,メランジェ鉱石,3,業炎袋,4,194,霊脈玉,1,ピュアクリスタル,2,0,2570
EXアーティアアームβ,0,10,4,0,0,,142,174,1,-2,-2,2,3,属性解放／装填拡張,2,太古の神秘,1,,,,,,,太古の破片,2,重竜骨,2,メランジェ鉱石,3,業炎袋,4,194,霊脈玉,1,ピュアクリスタル,2,0,2580
EXアークロックアームα,0,10,2,0,0,,142,174,2,2,2,-1,-1,ボマー,3,耐震,1,調査団の錬金術,1,,,,,スチームチケット,2,強竜骨,2,エルトライト鉱石,5,ピュアクリスタル,1,194,霊脈玉,1,ピュアクリスタル,2,0,2590
EXアークロックアームβ,0,10,4,0,0,,142,174,2,2,2,-1,-1,ボマー,3,調査団の錬金術,1,,,,,,,スチームチケット,2,強竜骨,2,エルトライト鉱石,5,ピュアクリスタル,1,194,霊脈玉,1,ピュアクリスタル,2,0,2600
EXインゴットアームα,0,10,2,1,0,M6,136,168,-2,0,3,-1,0,体力増強,2,雷属性攻撃強化,2,,,,,,,メランジェ鉱石,2,重竜骨,1,デプスライト鉱石,3,,,188,霊脈玉,1,ピュアクリスタル,2,0,2610
EXインゴットアームβ,0,10,4,0,0,M6,136,168,-2,0,3,-1,0,体力増強,2,雷属性攻撃強化,1,,,,,,,メランジェ鉱石,2,重竜骨,1,デプスライト鉱石,3,,,188,霊脈玉,1,ピュアクリスタル,2,0,2620
EXベリオアームα,0,10,2,0,0,M6,138,170,-3,2,-2,3,0,体力回復量ＵＰ,2,体術,2,氷牙竜の秘技,1,,,,,氷牙竜の厚毛皮,2,琥珀色の重殻,1,氷牙竜の靭尾,1,強靭な爪,3,190,霊脈玉,1,ピュアクリスタル,2,0,2630
EXベリオアームβ,0,10,4,0,0,M6,138,170,-3,2,-2,3,0,体力回復量ＵＰ,2,体術,1,氷牙竜の秘技,1,,,,,氷牙竜の厚毛皮,2,琥珀色の重殻,1,氷牙竜の靭尾,1,強靭な爪,3,190,霊脈玉,1,ピュアクリスタル,2,0,2640
EXレウスアームα,0,10,3,0,0,M7,140,172,3,1,-2,1,-3,ジャンプ鉄人,1,弱点特効,1,火竜の真髄,1,,,,,火竜の重殻,2,火竜の厚鱗,1,火竜の靭尾,1,重竜骨,4,192,霊脈玉,1,ピュアクリスタル,2,0,2650
EXレウスアームβ,0,10,4,3,0,M7,140,172,3,1,-2,1,-3,ジャンプ鉄人,1,火竜の真髄,1,,,,,,,火竜の重殻,2,火竜の厚鱗,1,火竜の靭尾,1,重竜骨,4,192,霊脈玉,1,ピュアクリスタル,2,0,2660
EXリオソウルアームα,0,11,2,0,0,M13,148,172,3,2,2,-3,-4,破壊王,2,風圧耐性,1,火竜の真髄,1,,,,,蒼火竜の重殻,3,蒼火竜の剛翼,2,火竜の剛翼爪,1,バルノスの剛爪,2,192,霊脈玉,1,大竜玉,1,0,2670
EXリオソウルアームβ,0,11,4,1,0,M13,148,172,3,2,2,-3,-4,破壊王,1,風圧耐性,1,火竜の真髄,1,,,,,蒼火竜の重殻,3,蒼火竜の剛翼,2,火竜の剛翼爪,1,バルノスの剛爪,2,192,霊脈玉,1,大竜玉,1,0,2680
EXディアブロアームα,0,10,2,0,0,M7,140,180,3,-2,0,-3,2,火事場力,3,耐震,1,角竜の覇気,1,,,,,角竜の重甲,2,角竜の重殻,2,角竜の重尾甲,1,ケストドンの重殻,2,192,霊脈玉,1,ピュアクリスタル,2,0,2690
EXディアブロアームβ,0,10,4,1,0,M7,140,180,3,-2,0,-3,2,火事場力,2,耐震,1,角竜の覇気,1,,,,,角竜の重甲,2,角竜の重殻,2,角竜の重尾甲,1,ケストドンの重殻,2,192,霊脈玉,1,ピュアクリスタル,2,0,2700
EXディアネロアームα,0,11,1,1,0,M13,148,172,2,-3,0,-4,2,ＫＯ術,2,ランナー,1,角竜の覇気,1,,,,,黒角竜の重甲,3,黒角竜の重殻,2,角竜の重尾甲,2,強靭な爪,3,192,霊脈玉,1,大竜玉,1,0,2710
EXディアネロアームβ,0,11,4,2,0,M13,148,172,2,-3,0,-4,2,ＫＯ術,1,ランナー,1,角竜の覇気,1,,,,,黒角竜の重甲,3,黒角竜の重殻,2,角竜の重尾甲,2,強靭な爪,3,192,霊脈玉,1,大竜玉,1,0,2720
EXギエナアームα,0,10,3,0,0,M7,140,170,-1,2,-3,3,0,飛燕,1,回避性能,2,風漂竜の覇気,1,,,,,風漂竜の厚皮,2,風漂竜の厚鱗,1,風漂竜の剛爪,2,強靭な爪,3,192,霊脈玉,1,ピュアクリスタル,2,0,2730
EXギエナアームβ,0,10,4,2,0,M7,140,170,-1,2,-3,3,0,飛燕,1,回避性能,1,風漂竜の覇気,1,,,,,風漂竜の厚皮,2,風漂竜の厚鱗,1,風漂竜の剛爪,2,強靭な爪,3,192,霊脈玉,1,ピュアクリスタル,2,0,2740
EXブリーナアームα,0,11,1,1,0,M12,146,170,-3,2,-1,3,0,抜刀術【技】,2,腹減り耐性,1,風漂竜の覇気,1,,,,,氷霜をまとう皮,3,風漂竜の厚鱗,2,冷厳なる翼,1,ピュアクリスタル,1,190,霊脈玉,1,ピュアクリスタル,2,0,2750
EXブリーナアームβ,0,11,4,0,0,M12,146,170,-3,2,-1,3,0,抜刀術【技】,2,風漂竜の覇気,1,,,,,,,氷霜をまとう皮,3,風漂竜の厚鱗,2,冷厳なる翼,1,ピュアクリスタル,1,190,霊脈玉,1,ピュアクリスタル,2,0,2760
EXガロンアームα,0,10,1,0,0,M7,140,172,2,2,-2,-3,0,体術,2,見切り,1,惨爪竜の真髄,1,,,,,惨爪竜の強硬筋,2,惨爪竜の剛爪,1,惨爪竜の重牙,2,モンスターの特濃,4,192,霊脈玉,1,ピュアクリスタル,2,0,2770
EXガロンアームβ,0,10,4,0,0,M7,140,172,2,2,-2,-3,0,体術,1,見切り,1,惨爪竜の真髄,1,,,,,惨爪竜の強硬筋,2,惨爪竜の剛爪,1,惨爪竜の重牙,2,モンスターの特濃,4,192,霊脈玉,1,ピュアクリスタル,2,0,2780
EXデスガロンアームα,0,11,2,1,0,M14,148,172,-2,-3,-2,-2,4,強化持続,1,龍属性攻撃強化,2,惨爪竜の真髄,1,,,,,兇爪竜の強硬筋,3,兇爪竜の厚鱗,3,兇爪竜の重牙,2,ギルオスの厚鱗,4,192,霊脈玉,1,大竜玉,1,0,2790
EXデスガロンアームβ,0,11,4,1,0,M14,148,172,-2,-3,-2,-2,4,強化持続,1,龍属性攻撃強化,1,惨爪竜の真髄,1,,,,,兇爪竜の強硬筋,3,兇爪竜の厚鱗,3,兇爪竜の重牙,2,ギルオスの厚鱗,4,192,霊脈玉,1,大竜玉,1,0,2800
EXラヴァアームα,0,10,1,0,0,M7,140,172,3,-3,1,-2,2,フルチャージ,2,体力回復量ＵＰ,1,,,,,,,溶岩竜の重殻,2,溶岩竜の重牙,2,溶岩竜の特上ヒレ,1,大竜玉,1,192,霊脈玉,1,ピュアクリスタル,2,0,2810
EXラヴァアームβ,0,10,4,0,0,M7,140,172,3,-3,1,-2,2,フルチャージ,1,体力回復量ＵＰ,1,,,,,,,溶岩竜の重殻,2,溶岩竜の重牙,2,溶岩竜の特上ヒレ,1,大竜玉,1,192,霊脈玉,1,ピュアクリスタル,2,0,2820
EXガンキンアームα,0,10,2,0,0,M7,144,176,4,-3,1,-2,-2,ガード性能,2,防御力ＤＯＷＮ耐性,2,爆鎚竜の覇気,1,,,,,爆鎚竜の重殻,2,爆鎚竜の厚鱗,1,爆鎚竜の重耐熱殻,2,溶岩塊,4,196,霊脈玉,1,ピュアクリスタル,2,0,2830
EXガンキンアームβ,0,10,4,0,0,M7,144,176,4,-3,1,-2,-2,ガード性能,2,防御力ＤＯＷＮ耐性,1,爆鎚竜の覇気,1,,,,,爆鎚竜の重殻,2,爆鎚竜の厚鱗,1,爆鎚竜の重耐熱殻,2,溶岩塊,4,196,霊脈玉,1,ピュアクリスタル,2,0,2840
EXナルガアームα,0,10,1,0,0,M7,140,172,-2,2,-3,0,0,スタミナ急速回復,2,潜伏,2,迅竜の真髄,1,,,,,迅竜の豪黒毛,2,迅竜の厚鱗,1,迅竜の重牙,2,極上の毛皮,4,192,霊脈玉,1,ピュアクリスタル,2,0,2850
EXナルガアームβ,0,10,4,0,0,M7,140,172,-2,2,-3,0,0,スタミナ急速回復,2,迅竜の真髄,1,,,,,,,迅竜の豪黒毛,2,迅竜の厚鱗,1,迅竜の重牙,2,極上の毛皮,4,192,霊脈玉,1,ピュアクリスタル,2,0,2860
EXディノアームα,0,10,1,0,0,M7,142,174,3,-3,1,-1,-1,渾身,2,集中,1,斬竜の真髄,1,,,,,斬竜の重殻,2,斬竜の獄炎状殻,2,斬竜の断剣尾,1,ピュアクリスタル,1,194,霊脈玉,1,ピュアクリスタル,2,0,2870
EXディノアームβ,0,10,4,0,0,M7,142,174,3,-3,1,-1,-1,渾身,1,集中,1,斬竜の真髄,1,,,,,斬竜の重殻,2,斬竜の獄炎状殻,2,斬竜の断剣尾,1,ピュアクリスタル,1,194,霊脈玉,1,ピュアクリスタル,2,0,2880
EXディノイエロアームα,0,11,2,1,0,M14,150,174,-3,2,-1,2,-1,気絶耐性,2,匠,1,斬竜の真髄,1,,,,,硫斬竜の重殻,3,硫斬竜の重牙,2,削られた硫晶片,2,剛竜骨,4,194,霊脈玉,1,大竜玉,1,0,2890
EXディノイエロアームβ,0,11,4,2,1,M14,150,174,-3,2,-1,2,-1,気絶耐性,2,斬竜の真髄,1,,,,,,,硫斬竜の重殻,3,硫斬竜の重牙,2,削られた硫晶片,2,剛竜骨,4,194,霊脈玉,1,大竜玉,1,0,2900
EXブラキアームα,0,10,2,0,0,M9,142,174,3,-2,1,-3,1,挑戦者,2,爆破やられ耐性,2,砕竜の真髄,1,,,,,砕竜の重黒曜甲,2,砕竜の重殻,2,砕竜の剛鉄拳,1,光る粘菌,3,194,霊脈玉,1,ピュアクリスタル,2,0,2910
EXブラキアームβ,0,10,4,0,0,M9,142,174,3,-2,1,-3,1,挑戦者,2,爆破やられ耐性,1,砕竜の真髄,1,,,,,砕竜の重黒曜甲,2,砕竜の重殻,2,砕竜の剛鉄拳,1,光る粘菌,3,194,霊脈玉,1,ピュアクリスタル,2,0,2920
EXレックスアームα,0,10,1,0,0,M9,142,174,2,0,-3,0,-2,早食い,2,攻撃,2,轟竜の真髄,1,,,,,轟竜の重殻,2,轟竜の厚鱗,1,轟竜の重牙,2,強靭な爪,3,194,霊脈玉,1,ピュアクリスタル,2,0,2930
EXレックスアームβ,0,10,4,0,0,M9,142,174,2,0,-3,0,-2,早食い,2,攻撃,1,轟竜の真髄,1,,,,,轟竜の重殻,2,轟竜の厚鱗,1,轟竜の重牙,2,強靭な爪,3,194,霊脈玉,1,ピュアクリスタル,2,0,2940
EXレックスロアアームα,0,11,3,0,0,M70,156,182,3,-4,-2,0,0,体力増強,3,攻撃,2,轟竜の真髄,1,,,,,黒轟竜の重殻,3,黒轟竜の厚鱗,2,黒轟竜の剛爪,2,異形の狂骨,3,200,霊脈玉,1,大竜玉,1,0,2950
EXレックスロアアームβ,0,11,4,0,0,M70,156,182,3,-4,-2,0,0,体力増強,2,攻撃,2,轟竜の真髄,1,,,,,黒轟竜の重殻,3,黒轟竜の厚鱗,2,黒轟竜の剛爪,2,異形の狂骨,3,200,霊脈玉,1,大竜玉,1,0,2960
EXクロオビアームα,0,11,3,0,0,,150,174,1,1,1,1,2,広域化,2,笛吹き名人,2,教官の導き,1,,,,,クロオビコイン,2,バフバロコイン,3,ガウシカの角,2,,,194,霊脈玉,1,大竜玉,1,0,2970
EXクロオビアームβ,0,11,4,1,0,,150,174,1,1,1,1,2,広域化,2,教官の導き,1,,,,,,,クロオビコイン,2,バフバロコイン,3,ガウシカの角,2,,,194,霊脈玉,1,大竜玉,1,0,2980
EXドーベルアームα,0,11,2,1,0,M17,152,176,-2,0,-1,-1,4,スタミナ急速回復,2,キノコ大好き,1,,,,,,,太古龍骨,2,頑強な重骨,3,溶岩竜の特上ヒレ,1,いにしえの巨龍骨,3,196,霊脈玉,1,大竜玉,1,0,2990
EXドーベルアームβ,0,11,4,1,0,M17,152,176,-2,0,-1,-1,4,スタミナ急速回復,1,キノコ大好き,1,,,,,,,太古龍骨,2,頑強な重骨,3,溶岩竜の特上ヒレ,1,いにしえの巨龍骨,3,196,霊脈玉,1,大竜玉,1,0,3000
EXダマスクアームα,0,11,2,1,0,M17,152,176,4,-2,0,0,0,匠,2,砥石使用高速化,1,,,,,,,古龍の浄血,2,メランジェ鉱石,3,火竜の剛翼,1,大竜玉,1,196,霊脈玉,1,大竜玉,1,0,3010
EXダマスクアームβ,0,11,4,1,0,M17,152,176,4,-2,0,0,0,匠,2,,,,,,,,,古龍の浄血,2,メランジェ鉱石,3,火竜の剛翼,1,大竜玉,1,196,霊脈玉,1,大竜玉,1,0,3020
EXプライドアームα,0,11,3,0,0,M18,154,178,3,1,-2,-4,-2,抜刀術【技】,2,耳栓,1,爆鱗竜の覇気,1,,,,,紅蓮にゆれる銀殻,3,天を焦がす銀翼,2,爆鱗竜の重尾,1,大地を穿つ剛角,1,198,霊脈玉,1,大竜玉,1,0,3030
EXプライドアームβ,0,11,4,3,0,M18,154,178,3,1,-2,-4,-2,抜刀術【技】,2,爆鱗竜の覇気,1,,,,,,,紅蓮にゆれる銀殻,3,天を焦がす銀翼,2,爆鱗竜の重尾,1,大地を穿つ剛角,1,196,霊脈玉,1,大竜玉,1,0,3040
EXグリードアームα,0,11,2,0,0,M21,156,180,2,1,-3,1,-3,スタミナ奪取,2,破壊王,1,恐暴竜の真髄,1,,,,,恐暴竜の厚黒皮,3,恐暴竜の厚黒鱗,2,ドス黒い血,3,剛竜骨,5,200,霊脈玉,1,大竜玉,1,0,3050
EXグリードアームβ,0,11,4,0,0,M21,156,180,2,1,-3,1,-3,スタミナ奪取,2,恐暴竜の真髄,1,,,,,,,恐暴竜の厚黒皮,3,恐暴竜の厚黒鱗,2,ドス黒い血,3,剛竜骨,5,200,霊脈玉,1,大竜玉,1,0,3060
EXラヴィーナアームα,0,12,1,0,0,M17,154,178,-3,2,-1,4,-1,納刀術,1,ひるみ軽減,2,冰龍の神秘,1,,,,,冰龍の重殻,3,冰龍の剛翼,2,冰龍の冠角,2,冰龍の零玉,1,192,大霊脈玉,1,古龍の浄血,2,0,3070
EXラヴィーナアームβ,0,12,4,0,0,M17,154,178,-3,2,-1,4,-1,納刀術,1,ひるみ軽減,1,冰龍の神秘,1,,,,,冰龍の重殻,3,冰龍の剛翼,2,冰龍の冠角,2,冰龍の零玉,1,192,大霊脈玉,1,古龍の浄血,2,0,3080
EXヴァルファーアームα,0,12,2,1,1,M19,156,180,-2,4,1,1,-3,体力回復量ＵＰ,2,早食い,1,屍套龍の霊脈,1,,,,,屍套龍の重殻,3,屍套龍の剛翼,2,闇を食む牙,2,太古龍骨,5,194,大霊脈玉,1,古龍の浄血,2,0,3090
EXヴァルファーアームβ,0,12,4,1,1,M19,156,180,-2,4,1,1,-3,体力回復量ＵＰ,2,屍套龍の霊脈,1,,,,,,,屍套龍の重殻,3,屍套龍の剛翼,2,闇を食む牙,2,太古龍骨,5,194,大霊脈玉,1,古龍の浄血,2,0,3100
EXカイザーアームα,0,12,2,0,0,M19,156,180,3,-3,1,-3,1,弱点特効,2,熱ダメージ無効,1,炎王龍の武技,1,,,,,炎王龍の重殻,3,炎王龍の厚龍鱗,3,炎王龍の剛角,1,雷顎竜の天鱗,1,194,大霊脈玉,1,古龍の浄血,2,0,3110
EXカイザーアームβ,0,12,4,3,0,M19,156,180,3,-3,1,-3,1,弱点特効,1,熱ダメージ無効,1,炎王龍の武技,1,,,,,炎王龍の重殻,3,炎王龍の厚龍鱗,3,炎王龍の剛角,1,雷顎竜の天鱗,1,194,大霊脈玉,1,古龍の浄血,2,0,3120
EXクシャナハトゥーα,0,12,1,0,0,M19,156,180,0,2,-3,4,-2,回避性能,3,鋼龍の飛翔,1,,,,,,,鋼龍の重殻,4,鋼龍の剛翼,3,鋼龍の剛角,2,古龍の大宝玉,1,194,大霊脈玉,1,古龍の浄血,2,0,3130
EXクシャナハトゥーβ,0,12,4,2,0,M19,156,180,0,2,-3,4,-2,回避性能,2,鋼龍の飛翔,1,,,,,,,鋼龍の重殻,4,鋼龍の剛翼,3,鋼龍の剛角,2,古龍の大宝玉,1,194,大霊脈玉,1,古龍の浄血,2,0,3140
EXキリンアームロングα,0,12,3,2,0,M19,154,172,-3,-2,4,-2,2,雷属性攻撃強化,3,ランナー,1,幻獣の神秘,1,,,,,幻獣の銀たてがみ,3,幻獣の特上皮,2,幻獣の靭雷尾,2,いにしえの巨龍骨,1,192,大霊脈玉,1,古龍の浄血,2,0,3150
EXキリンアームロングβ,0,12,4,2,2,M19,154,172,-3,-2,4,-2,2,雷属性攻撃強化,3,幻獣の神秘,1,,,,,,,幻獣の銀たてがみ,3,幻獣の特上皮,2,幻獣の靭雷尾,2,いにしえの巨龍骨,1,192,大霊脈玉,1,古龍の浄血,2,0,3160
EXテンタクルアームα,0,12,1,0,0,M20,158,176,-3,4,3,0,-2,整備,2,渾身,1,溟龍の神秘,1,,,,,溟龍の特上皮,2,溟龍の剛翼,2,溟龍の幻曜ヒゲ,1,幻鳥竜玉,1,196,大霊脈玉,1,古龍の浄血,2,0,3170
EXテンタクルアームβ,0,12,4,0,0,M20,158,176,-3,4,3,0,-2,整備,2,溟龍の神秘,1,,,,,,,溟龍の特上皮,2,溟龍の剛翼,2,溟龍の幻曜ヒゲ,1,幻鳥竜玉,1,196,大霊脈玉,1,古龍の浄血,2,0,3180
EXギルドパレスアームα,0,11,3,0,0,M70,154,178,1,2,2,1,1,攻めの守勢,2,火事場力,1,ギルドの見識,1,,,,,英雄王のコイン,1,ジンオウコイン,2,クロオビコイン,2,鋼龍の剛爪,3,194,霊脈玉,1,大竜玉,1,0,3190
EXギルドパレスアームβ,0,11,4,1,0,M70,154,178,1,2,2,1,1,攻めの守勢,2,ギルドの見識,1,,,,,,,英雄王のコイン,1,ジンオウコイン,2,クロオビコイン,2,鋼龍の剛爪,3,194,霊脈玉,1,大竜玉,1,0,3200
EXアンガルダアームα,0,12,1,0,0,M23,162,180,0,-2,3,-3,0,超会心,2,災禍転福,1,地啼龍の神秘,1,,,,,地啼龍の厳岩殻,4,地啼龍の慈爪,2,地啼龍の慈眼殻,2,地啼龍の顕玉,1,200,大霊脈玉,1,古龍の浄血,2,0,3210
EXアンガルダアームβ,0,12,4,0,0,M23,162,180,0,-2,3,-3,0,超会心,2,地啼龍の神秘,1,,,,,,,地啼龍の厳岩殻,4,地啼龍の慈爪,2,地啼龍の慈眼殻,2,地啼龍の顕玉,1,200,大霊脈玉,1,古龍の浄血,2,0,3220
EXゾラマグナクロウα,0,12,1,1,0,M24,160,178,4,-3,-1,-2,-3,ひるみ軽減,2,満足感,1,熔山龍の真髄,1,,,,,龍脈の剛龍骨,4,朽ちた結晶,3,草むした大骨,3,覇王の証,1,198,大霊脈玉,1,古龍の浄血,2,0,3230
EXゾラマグナクロウβ,0,12,4,1,0,M24,160,178,4,-3,-1,-2,-3,ひるみ軽減,2,熔山龍の真髄,1,,,,,,,龍脈の剛龍骨,4,朽ちた結晶,3,草むした大骨,3,覇王の証,1,198,大霊脈玉,1,古龍の浄血,2,0,3240
EXガルルガアームα,0,11,1,0,0,M24,154,178,2,-3,2,-2,-2,耳栓,3,,,,,,,,,黒狼鳥の重殻,2,黒狼鳥の銀狼毛,2,黒狼鳥の地獄耳,2,傷痕の紫甲殻,3,198,霊脈玉,1,大竜玉,1,0,3250
EXガルルガアームβ,0,11,4,0,0,M24,154,178,2,-3,2,-2,-2,耳栓,2,,,,,,,,,黒狼鳥の重殻,2,黒狼鳥の銀狼毛,2,黒狼鳥の地獄耳,2,傷痕の紫甲殻,3,198,霊脈玉,1,大竜玉,1,0,3260
EXジンオウアームα,0,11,2,1,0,M24,158,182,-1,-1,4,-4,1,回復速度,2,力の解放,2,雷狼竜の真髄,1,,,,,雷狼竜の雷電毛,3,雷狼竜の重殻,2,雷狼竜の靭尾,1,超電雷光虫,3,202,霊脈玉,1,大竜玉,1,0,3270
EXジンオウアームβ,0,11,4,2,0,M24,158,182,-1,-1,4,-4,1,回復速度,1,力の解放,2,雷狼竜の真髄,1,,,,,雷狼竜の雷電毛,3,雷狼竜の重殻,2,雷狼竜の靭尾,1,超電雷光虫,3,202,霊脈玉,1,大竜玉,1,0,3280
EXギルドワークアームα,0,12,3,2,0,M24,162,180,2,1,1,2,2,地質学,2,植生学,1,ギルドの見識,1,,,,,調査団チケットG,1,珊瑚礁の結晶,2,妖艶な紅骨,2,太古の破片,1,200,大霊脈玉,1,古龍の浄血,2,0,3290
EXギルドワークアームβ,0,12,4,3,0,M24,162,180,2,1,1,2,2,地質学,1,植生学,1,ギルドの見識,1,,,,,調査団チケットG,1,珊瑚礁の結晶,2,妖艶な紅骨,2,太古の破片,1,200,大霊脈玉,1,古龍の浄血,2,0,3300
EXゴールドルナアームα,0,12,2,0,0,M70,162,180,3,-2,-4,0,4,逆恨み,2,毒属性強化,2,金火竜の真髄,1,,,,,金火竜の重殻,4,金火竜の厚鱗,2,火竜の煌液,2,雌火竜の天鱗,1,200,大霊脈玉,1,古龍の浄血,2,0,3310
EXゴールドルナアームβ,0,12,4,2,0,M70,162,180,3,-2,-4,0,4,逆恨み,2,金火竜の真髄,1,,,,,,,金火竜の重殻,6,金火竜の厚鱗,2,火竜の煌液,2,雌火竜の天鱗,1,200,大霊脈玉,1,古龍の浄血,2,0,3320
EXシルバーソルアームα,0,12,2,2,0,M70,162,180,4,-3,-2,-2,3,スリンガー装填数ＵＰ,3,風圧耐性,1,銀火竜の真髄,1,,,,,銀火竜の重殻,6,銀火竜の厚鱗,3,火竜の煌液,2,導きの結晶【珊瑚礁】,3,200,大霊脈玉,1,古龍の浄血,2,0,3330
EXシルバーソルアームβ,0,12,4,2,0,M70,162,180,4,-3,-2,-2,3,スリンガー装填数ＵＰ,3,銀火竜の真髄,1,,,,,,,銀火竜の重殻,6,銀火竜の厚鱗,3,火竜の煌液,2,導きの結晶【珊瑚礁】,3,200,大霊脈玉,1,古龍の浄血,2,0,3340
EXエンプレスアームα,0,12,2,1,0,M50,164,182,3,1,1,-3,-2,整備,2,爆破属性強化,2,炎妃龍の真髄,1,,,,,炎妃龍の重殻,3,炎妃龍の厚鱗,3,炎妃龍の靭尾,1,龍脈の古龍骨,6,202,大霊脈玉,1,古龍の浄血,2,0,3350
EXエンプレスアームβ,0,12,4,1,0,M50,164,182,3,1,1,-3,-2,整備,2,爆破属性強化,1,炎妃龍の真髄,1,,,,,炎妃龍の重殻,3,炎妃龍の厚鱗,3,炎妃龍の靭尾,1,龍脈の古龍骨,6,202,大霊脈玉,1,古龍の浄血,2,0,3360
EXゾークアームα,0,12,3,0,0,M100,166,184,1,1,-3,1,-3,挑戦者,2,攻撃,2,滅尽龍の覇気,1,,,,,滅尽龍の重殻,3,不滅の厚龍鱗,2,滅尽龍の重尾,1,砕竜の天殻,1,204,大霊脈玉,1,古龍の浄血,2,0,3370
EXゾークアームβ,0,12,4,1,0,M100,166,184,1,1,-3,1,-3,挑戦者,2,攻撃,1,滅尽龍の覇気,1,,,,,滅尽龍の重殻,3,不滅の厚龍鱗,2,滅尽龍の重尾,1,砕竜の天殻,1,204,大霊脈玉,1,古龍の浄血,2,0,3380
EX金色ノ篭手α,0,11,2,0,0,M24,158,182,2,0,3,-5,2,逆恨み,1,匠,2,金獅子の怒気,1,,,,,金獅子の黒荒毛,4,金獅子の剛角,1,金獅子の剛爪,2,金獅子の尻尾,1,202,霊脈玉,1,大竜玉,1,0,3390
EX金色ノ篭手β,0,11,4,3,0,M24,158,182,2,0,3,-5,2,逆恨み,1,金獅子の怒気,1,,,,,,,金獅子の黒荒毛,4,金獅子の剛角,1,金獅子の剛爪,2,金獅子の尻尾,1,202,霊脈玉,1,大竜玉,1,0,3400
EX斉天ノ篭手α,0,12,2,2,0,M24,170,188,2,0,3,-5,2,スタミナ急速回復,2,防御,3,金獅子の闘志,1,,,,,金獅子の怒髪天,2,羅刹の金剛角,1,黄金の煌毛,2,雷顎竜の天鱗,1,208,大霊脈玉,1,古龍の浄血,2,0,3410
EX斉天ノ篭手β,0,12,4,2,1,M24,170,188,2,0,3,-5,2,スタミナ急速回復,2,金獅子の闘志,1,,,,,,,金獅子の怒髪天,2,羅刹の金剛角,1,黄金の煌毛,2,雷顎竜の天鱗,1,208,大霊脈玉,1,古龍の浄血,2,0,3420
EXゴクオウアームα,0,11,2,0,0,M24,160,184,2,-4,-5,0,4,破壊王,2,龍属性攻撃強化,3,雷狼竜の真髄,1,,,,,獄狼竜の滅龍毛,3,獄狼竜の剛爪,2,獄狼竜の滅龍殻,3,大竜玉,1,204,霊脈玉,1,大竜玉,1,0,3430
EXゴクオウアームβ,0,11,4,3,0,M24,160,184,2,-4,-5,0,4,破壊王,2,雷狼竜の真髄,1,,,,,,,獄狼竜の滅龍毛,3,獄狼竜の剛爪,2,獄狼竜の滅龍殻,3,大竜玉,1,204,霊脈玉,1,大竜玉,1,0,3440
EX龍紋ヲ刻マレシ封甲α,0,12,2,2,2,M24,168,186,2,1,1,1,-1,属性やられ耐性,1,渾身,1,赤龍の封印,1,,,,,赤龍の厚鱗,7,赤龍の重殻,6,裂光の龍脈殻,5,雷狼竜の天玉,1,206,大霊脈玉,1,古龍の浄血,2,0,3450
EX龍紋ヲ刻マレシ封甲β,0,12,4,2,2,M24,168,186,2,1,1,1,-1,属性やられ耐性,1,赤龍の封印,1,,,,,,,赤龍の厚鱗,7,赤龍の重殻,6,裂光の龍脈殻,5,雷狼竜の天玉,1,206,大霊脈玉,1,古龍の浄血,2,0,3460
EXブラキウムアームα,0,12,2,2,0,M24,170,188,3,-2,1,-3,1,挑戦者,2,砲術,3,砕竜の闘志,1,,,,,不壊の黒曜甲,2,砕竜の撃滅拳,2,臨界極まる粘菌,3,地啼龍の顕玉,1,208,大霊脈玉,1,古龍の浄血,2,0,3470
EXブラキウムアームβ,0,12,4,4,0,M24,170,188,3,-2,1,-3,1,挑戦者,2,砕竜の闘志,1,,,,,,,不壊の黒曜甲,2,砕竜の撃滅拳,2,臨界極まる粘菌,3,地啼龍の顕玉,1,208,大霊脈玉,1,古龍の浄血,2,0,3480
EXオルムングアームα,0,11,2,2,0,M24,162,186,-3,2,-2,3,0,見切り,2,ＫＯ術,2,氷牙竜の絶技,1,,,,,氷牙竜チケット,1,銀雪を冠した毛皮,2,白銀の氷河牙,1,氷河を砕く剣爪,1,206,霊脈玉,1,大竜玉,1,0,3490
EXオルムングアームβ,0,11,4,4,0,M24,162,186,-3,2,-2,3,0,見切り,2,氷牙竜の絶技,1,,,,,,,氷牙竜チケット,1,銀雪を冠した毛皮,2,白銀の氷河牙,1,氷河を砕く剣爪,1,206,霊脈玉,1,大竜玉,1,0,3500
EXエスカドラアムズα,0,12,3,1,0,M24,160,178,3,0,0,3,2,攻撃,3,強化持続,3,煌黒龍の神秘,1,,,,,煌黒龍の天殻,2,煌黒龍の天鱗,3,煌黒龍の邪翼,1,煌黒龍の妖尾,1,198,大霊脈玉,1,古龍の浄血,2,0,3510
EXエスカドラアムズβ,0,12,4,3,0,M24,160,178,3,0,0,3,2,攻撃,3,煌黒龍の神秘,1,,,,,,,煌黒龍の天殻,2,煌黒龍の天鱗,3,煌黒龍の邪翼,1,煌黒龍の妖尾,1,198,大霊脈玉,1,古龍の浄血,2,0,3520
EXドラゴンクロウα,0,12,4,1,0,M24,180,198,-1,2,2,0,-4,弱点特効,1,匠,3,黒龍の伝説,1,,,,,黒龍の重殻,3,黒龍の厚鱗,3,黒龍の剛角,2,ラージャンハート,1,218,大霊脈玉,1,古龍の浄血,2,0,3530
EXドラゴンクロウβ,0,12,4,4,4,M24,180,198,-1,2,2,0,-4,弱点特効,1,黒龍の伝説,1,,,,,,,黒龍の重殻,3,黒龍の厚鱗,3,黒龍の剛角,2,ラージャンハート,1,218,大霊脈玉,1,古龍の浄血,2,0,3540
EXマムガイラアームα,0,12,3,2,0,M24,176,194,4,-2,3,-2,-4,超会心,1,広域化,3,爛輝龍の真髄,1,,,,,爛輝龍の重金鱗,4,爛輝龍の重金殻,2,爛輝龍の重金尾殻,2,古龍の大宝玉,1,214,大霊脈玉,1,古龍の浄血,2,0,3550
EXマムガイラアームβ,0,12,4,4,0,M24,176,194,4,-2,3,-2,-4,超会心,1,爛輝龍の真髄,1,,,,,,,爛輝龍の重金鱗,4,爛輝龍の重金殻,2,爛輝龍の重金尾殻,2,古龍の大宝玉,1,214,大霊脈玉,1,古龍の浄血,2,0,3560
EXテンタクルアームγ,0,12,4,2,0,M100,176,194,-3,4,3,0,-2,ランナー,3,属性やられ耐性,1,溟龍の神秘,1,,,,,溟龍チケット,1,溟龍の特上皮,5,溟龍の剛翼,5,溟龍の幻曜ヒゲ,3,214,大霊脈玉,1,古龍の浄血,2,0,3570
EXラヴィーナアームγ,0,12,4,3,0,M100,180,198,-3,2,-1,4,-1,体力回復量ＵＰ,3,氷属性攻撃強化,3,冰龍の神秘,1,,,,,冰龍チケット,1,冰龍の重殻,5,冰龍の剛爪,7,古龍の大宝玉,1,218,大霊脈玉,1,古龍の浄血,2,0,3580
EXウーロンアームα,0,9,4,0,0,M1,120,158,1,1,1,4,1,災禍転福,2,万福の祝福,1,,,,,,,万福チケット,1,エルトライト鉱石,3,,,,,178,霊脈玉のかけら,1,いにしえの巨龍骨,1,0,3590
EXアストラスカーフα,0,9,4,1,1,M1,140,178,2,2,2,2,2,精霊の加護,2,大感謝の祝福,1,,,,,,,大感謝チケット,1,グラシスメタル,1,強竜骨,1,,,198,霊脈玉のかけら,1,いにしえの巨龍骨,1,0,3600
EXローゼアームα,0,10,4,0,0,M9,150,182,4,1,1,1,1,整備,3,満開の祝福,1,,,,,,,満開チケット,1,重竜骨,1,いにしえの巨龍骨,1,,,202,霊脈玉,1,ピュアクリスタル,2,0,3610
EXパッションアームα,0,10,4,3,0,M12,156,188,1,4,1,1,1,環境利用の知識,3,情熱の祝福,1,,,,,,,情熱チケット,1,剛竜骨,1,掻鳥の特大飾り羽,1,,,208,霊脈玉,1,ピュアクリスタル,2,0,3620
EX魔界ノ主【黒腕】α,0,11,4,0,0,M11,162,186,1,1,4,1,1,匠,3,ホラーナイトの祝福,1,,,,,,,ホラーナイトチケット,1,古龍の浄血,1,死屍を紡いだ被膜,1,,,206,霊脈玉,1,大竜玉,1,0,3630
EX蒼世ノ侍【袖】α,0,12,1,1,1,M18,170,188,2,2,0,0,3,集中,2,弱点特効,1,銀火竜の真髄,1,,,,,蒼世の大宝玉,1,銀雪を冠した毛皮,2,白銀の氷刃牙,1,冰龍の零玉,1,208,大霊脈玉,1,古龍の浄血,2,0,3640
EXバヌークアームα,0,12,4,3,0,M24,160,178,2,0,2,2,2,集中,1,スタミナ急速回復,1,蛮顎竜の覇気,1,,,,,デーモンチケット,1,恐暴竜の厚黒皮,2,恐暴竜の厚黒鱗,1,翼竜の特上皮,2,198,大霊脈玉,1,古龍の浄血,2,0,3650
EXマッスルアームα,0,11,4,0,0,M24,154,178,2,-1,0,-1,-3,攻撃,3,死中に活,1,,,,,,,マッスルチケット,1,金獅子の重牙,3,金獅子の剛爪,3,,,198,霊脈玉,1,大竜玉,1,0,3660
EXアルテミスガードα,0,11,2,0,0,M1,140,164,2,2,1,1,2,体力増強,3,耳栓,1,New World,1,,,,,チョコレート,1,,,,,,,184,霊脈玉,1,大竜玉,1,0,3710
EXレオンアームα,0,12,4,0,0,M20,150,168,3,2,2,3,0,挑戦者,1,攻撃,2,サバイバー,1,,,,,※ワンセット,0,,,,,,,188,大霊脈玉,1,古龍の浄血,2,1,3740
EXクレアアームα,0,12,4,0,0,M20,150,168,3,2,2,3,0,挑戦者,2,回避性能,1,サバイバー,1,,,,,※ワンセット,0,,,,,,,188,大霊脈玉,1,古龍の浄血,2,1,3750
EXシールドウィーバー・腕,0,12,4,1,0,M24,132,150,-1,-1,3,-1,2,逆恨み,2,動力源,1,,,,,,,※ワンセット,0,,,,,,,170,大霊脈玉,1,古龍の浄血,2,1,3760